code,name,industry,price,pct_change,market_cap_yi
920025,凯达重工,专用机械,15.2,-25.1232,0.0
920229,世纪数码,纺织机械,55.88,-13.6054,0.0
920201,百瑞吉,医疗保健,52.01,-28.1133,0.0
301686,C中塑股份,塑料,231.67,-10.2333,0.0
920298,腾信精密,机械基件,87.9,0.0228,0.0
601091,沈鼓集团,机械基件,27.71,2.6296,0.0
920268,百迈科,医疗保健,30.84,-5.9469,0.0
688837,信诺维,生物制药,45.07,-4.7347,0.0
688801,燧原科技,半导体,448.0,-8.5714,0.0
920269,杰锋动力,汽车配件,33.85,-0.2358,0.0
920289,华汇智能,专用机械,26.77,-2.6545,0.0
301689,电科思仪,电器仪表,85.1,1.4545,0.0
920071,金钛股份,小金属,27.0,-1.4599,0.0
603448,天博智能,汽车配件,62.17,0.0,0.0
301699,洛轴股份,机械基件,40.68,14.4626,0.0
920288,华大海天,造纸,17.51,-3.6324,0.0
601123,马矿股份,普钢,17.62,-1.1223,0.0
920093,信胜科技,纺织机械,18.63,-2.3585,0.0
301697,贝特利,化工原料,28.59,-4.9535,0.0
920059,双英集团,汽车配件,12.15,-1.937,0.0
688835,高凯技术,专用机械,359.5,-5.6059,0.0
301688,格林生物,化工原料,40.0,-0.9901,0.0
920107,恒兴股份,染料涂料,18.94,-2.5219,0.0
920138,杰理科技,软件服务,35.3,-0.954,0.0
688836,宇树科技,专用机械,459.65,-5.8094,0.0
301655,绿控传动,汽车配件,23.85,-2.3342,0.0
688826,频准激光,元器件,756.1,-8.7651,0.0
920165,珈凯生物,日用化工,32.6,-2.8605,0.0
920038,森合高科,化工原料,36.45,0.0549,0.0
688828,国仪公司,电器仪表,87.38,-5.2278,0.0
301717,超纯应材,半导体,355.25,-4.1626,0.0
920258,聚仁新材,化工原料,9.72,-3.7624,0.0
920065,千岸科技,互联网,35.65,-2.0873,0.0
301707,展芯股份,元器件,72.78,-6.3441,0.0
603468,津富士达,摩托车,22.15,-1.5118,0.0
001232,嘉立创,元器件,191.2,-3.9099,0.0
920238,长鹰硬科,机械基件,60.35,-5.8355,0.0
301677,欣兴工具,机械基件,54.22,2.3019,0.0
920176,维琪科技,化工原料,60.25,-1.6005,0.0
688825,长鑫科技,半导体,53.8,-4.2705,0.0
920079,乔路铭,汽车配件,12.44,-2.1243,0.0
920117,龙鑫智能,专用机械,26.8,-6.2281,0.0
688806,泰诺麦博,生物制药,26.86,5.3333,0.0
920081,欧伦电气,家用电器,42.25,2.773,0.0
920189,康美特,化工原料,19.79,-2.8473,0.0
920136,永励精密,汽车配件,20.58,-3.5614,0.0
301583,托伦斯,机械基件,137.13,-3.3547,0.0
920222,益坤电气,电气设备,23.47,-5.8941,0.0
920193,吉和昌,化工原料,28.48,-4.781,0.0
001248,华润新能源,新型电力,11.51,-1.5398,0.0
920072,科莱瑞迪,医疗保健,22.58,-2.2934,0.0
001399,惠科股份,元器件,22.75,-1.0009,0.0
688797,臻宝科技,半导体,256.58,-7.0968,0.0
920220,朗信电气,汽车配件,39.31,-2.9383,0.0
920218,新天力,塑料,14.5,-1.4276,0.0
920211,新睿电子,专用机械,88.91,-6.4105,0.0
920206,彩客科技,染料涂料,36.47,-4.3535,0.0
920200,振宏股份,电气设备,32.8,-0.9063,0.0
920191,瑞尔竞达,其他建材,8.53,-2.0666,0.0
920188,悦龙科技,橡胶,20.81,-2.3921,0.0
920187,通领科技,汽车配件,16.63,-2.4633,0.0
920186,中科仪,机械基件,67.0,-4.3131,0.0
920183,海菲曼,IT设备,28.32,-1.5641,0.0
920181,赛英电子,元器件,65.65,-6.5347,0.0
920180,爱得科技,医疗保健,11.42,-2.7257,0.0
920178,锐翔智能,专用机械,81.88,-6.487,0.0
920177,恒道科技,专用机械,22.41,-2.1825,0.0
920168,通宝光电,汽车配件,14.9,-1.5202,0.0
920166,海圣医疗,医疗保健,18.95,-2.7207,0.0
920161,龙辰科技,元器件,19.4,-5.0881,0.0
920159,农大科技,农药化肥,27.92,-1.4472,0.0
920156,海昌智能,专用机械,34.51,-3.4685,0.0
920126,永大股份,专用机械,9.68,-1.8256,0.0
920125,鸿仕达,专用机械,140.0,-4.6516,0.0
920119,美德乐,专用机械,52.89,0.1136,0.0
920096,嘉晨智能,电器仪表,29.55,-3.1148,0.0
920083,金戈新材,矿物制品,40.72,-13.7105,0.0
920078,族兴新材,小金属,17.25,-6.4026,0.0
920069,普昂医疗,医疗保健,31.47,-0.2536,0.0
920055,隆源股份,汽车配件,24.82,-1.5079,0.0
920036,觅睿科技,IT设备,30.8,-2.439,0.0
920028,新恒泰,塑料,14.69,-3.1003,0.0
920012,创达新材,元器件,51.45,-5.9415,0.0
920011,晨光电机,电气设备,17.29,-2.1505,0.0
688820,盛合晶微,半导体,121.07,-5.4288,0.0
688818,电科蓝天,航空,40.78,-4.2048,0.0
688816,易思维,专用机械,46.0,-2.9126,0.0
688813,泰金新能,专用机械,135.15,-9.942,0.0
688811,有研复材,小金属,19.47,-4.9316,0.0
688808,联讯仪器,电器仪表,2174.99,-2.511,0.0
688785,恒运昌,半导体,350.0,-4.1148,0.0
688781,视涯科技,元器件,42.09,-6.5082,0.0
688712,北芯生命,医疗保健,30.58,-2.05,0.0
688635,长进光子,通信设备,246.89,-12.698,0.0
603459,红板科技,元器件,84.07,-1.2799,0.0
603435,嘉德利,元器件,44.42,-8.2042,0.0
603407,长裕集团,化工原料,59.86,-2.6667,0.0
603293,埃泰克,汽车配件,35.52,-3.2943,0.0
603284,林平发展,造纸,40.73,-0.7312,0.0
601112,振石股份,玻璃,16.37,1.2369,0.0
301696,三瑞智能,电气设备,89.25,-4.5761,0.0
301683,慧谷新材,染料涂料,99.5,-3.2007,0.0
301682,宏明电子,元器件,103.53,-8.4615,0.0
301680,固德电材,汽车配件,96.86,-5.4563,0.0
301669,高特电子,电气设备,25.1,-3.9418,0.0
301666,大普微,IT设备,360.5,-6.5772,0.0
301599,理奇智能,专用机械,31.04,-4.7268,0.0
301531,春光集团,矿物制品,48.8,-5.0214,0.0
301513,尚水智能,专用机械,42.85,-3.9453,0.0
001393,维通利,电气设备,39.93,-5.019,0.0
001365,天海电子,汽车配件,36.66,1.5512,0.0
001312,福恩股份,纺织,17.83,-2.8338,0.0
001257,盛龙股份,小金属,21.3,-4.2266,0.0
001237,惠康科技,电气设备,49.16,-2.769,0.0
001220,世盟股份,仓储物流,31.62,-0.5035,0.0
689009,九号公司,摩托车,36.7,-0.9714,0.0
920992,中科美菱,医疗保健,13.32,2.6194,0.0
920985,海泰新能,电气设备,4.44,-2.4176,0.0
920982,锦波生物,医疗保健,127.63,3.4279,0.0
920981,晶赛科技,元器件,28.66,-6.1251,0.0
920978,开特股份,汽车配件,16.71,-2.8488,0.0
920976,视声智能,通信设备,22.58,4.2956,0.0
920974,凯大催化,化工原料,6.13,-1.7628,0.0
920971,天马新材,化工原料,29.16,1.7091,0.0
920970,大禹生物,饲料,6.27,-0.1592,0.0
920964,润农节水,建筑工程,4.72,0.0,0.0
920961,创远信科,电器仪表,22.7,-12.6923,0.0
920957,汉维科技,化工原料,9.5,-0.9385,0.0
920953,国子软件,软件服务,22.25,-1.1111,0.0
920950,迅安科技,元器件,12.97,0.3094,0.0
920946,森萱医药,化学制药,10.35,0.5831,0.0
920943,优机股份,机械基件,13.77,-4.1086,0.0
920942,恒立钻具,机械基件,16.39,-5.6419,0.0
920932,科达自控,软件服务,10.0,-2.9126,0.0
920931,无锡鼎邦,化工机械,9.81,-0.1018,0.0
920926,鸿智科技,家用电器,10.9,10.885,0.0
920925,锦好医疗,医疗保健,11.05,-0.9857,0.0
920924,广脉科技,通信设备,14.13,-3.4176,0.0
920914,远航精密,小金属,16.03,-1.9572,0.0
920906,舜宇精工,汽车配件,14.93,-0.9947,0.0
920896,旺成科技,汽车配件,12.15,0.1649,0.0
920895,花溪科技,农用机械,20.16,-11.7724,0.0
920892,广咨国际,建筑工程,11.45,-4.3442,0.0
920885,星辰科技,电器仪表,11.74,-4.2414,0.0
920879,基康技术,电器仪表,12.04,-2.352,0.0
920876,慧为智能,元器件,15.77,-2.3529,0.0
920873,中设咨询,建筑工程,7.26,-2.8112,0.0
920871,派特尔,塑料,11.0,-3.9301,0.0
920870,恒进感应,机床制造,11.17,-3.6238,0.0
920866,绿亨科技,农药化肥,6.12,-2.08,0.0
920857,泓禧科技,元器件,16.07,-2.724,0.0
920856,浩淼科技,专用机械,10.78,-5.1891,0.0
920855,浙江大农,机床制造,12.68,-2.3112,0.0
920839,万通液压,工程机械,23.22,-0.6418,0.0
920837,华原股份,汽车配件,9.82,-3.3465,0.0
920834,三维装备,塑料,8.76,-1.0169,0.0
920833,美心翼申,汽车配件,9.48,-1.4553,0.0
920832,齐鲁华信,化工原料,6.41,-1.0802,0.0
920826,盖世食品,食品,8.41,-1.4068,0.0
920821,则成电子,元器件,19.38,-7.4056,0.0
920819,颖泰生物,农药化肥,3.03,-0.9804,0.0
920810,春光智能,专用机械,8.4,-2.3256,0.0
920809,安达科技,电气设备,6.65,-1.1887,0.0
920808,曙光数创,IT设备,57.31,-1.4106,0.0
920807,奔朗新材,机械基件,8.9,-6.4143,0.0
920806,云星宇,软件服务,9.83,-1.206,0.0
920802,保丽洁,环境保护,10.64,-1.4815,0.0
920799,艾融软件,软件服务,30.41,-3.1529,0.0
920792,东和新材,其他建材,9.12,-3.0818,0.0
920790,联迪信息,软件服务,21.85,-4.4182,0.0
920786,骑士乳业,乳制品,7.0,-2.0979,0.0
920781,瑞奇智造,专用机械,5.47,-2.4955,0.0
920779,武汉蓝电,电器仪表,21.85,-1.7094,0.0
920770,艾能聚,电气设备,9.84,-2.5743,0.0
920768,拾比佰,家用电器,7.1,-0.9763,0.0
920765,美之高,家居用品,11.1,-2.8021,0.0
920753,天纺标,纺织,15.56,3.1146,0.0
920751,惠同新材,小金属,14.95,-0.3333,0.0
920748,路桥信息,软件服务,32.4,-11.2329,0.0
920735,德源药业,化学制药,25.01,-1.6129,0.0
920729,永顺生物,农业综合,6.54,-0.1527,0.0
920726,朱老六,食品,14.75,-1.9934,0.0
920725,惠丰钻石,矿物制品,90.05,-1.7136,0.0
920720,吉冈精密,机械基件,7.65,-2.0487,0.0
920719,宁新新材,化工原料,6.9,-1.0043,0.0
920718,合肥高科,家用电器,10.0,-2.9126,0.0
920717,瑞星股份,专用机械,6.66,-1.4793,0.0
920706,铁拓机械,工程机械,15.88,-11.8268,0.0
920703,广厦环能,专用机械,9.55,0.2099,0.0
920701,豪声电子,元器件,10.74,0.3738,0.0
920699,海达尔,家用电器,62.27,-5.9081,0.0
920694,中裕科技,塑料,16.11,-1.1656,0.0
920693,阿为特,机械基件,23.18,-1.9873,0.0
920690,捷众科技,汽车配件,15.44,-0.7074,0.0
920689,克莱特,专用机械,19.2,-2.0908,0.0
920685,新芝生物,电器仪表,12.48,-0.399,0.0
920682,球冠电缆,电气设备,5.66,-1.9064,0.0
920679,前进科技,机械基件,15.34,0.5902,0.0
920675,秉扬科技,矿物制品,7.17,-2.5815,0.0
920670,数字人,软件服务,12.07,-2.504,0.0
920665,科强股份,橡胶,8.19,-3.3058,0.0
920663,明阳科技,汽车配件,11.83,-2.6337,0.0
920662,方盛股份,机械基件,17.91,-2.5041,0.0
920656,海昇药业,化学制药,14.48,-0.8898,0.0
920651,天罡股份,电器仪表,19.78,0.9184,0.0
920642,通易航天,航空,9.58,-1.6427,0.0
920641,格利尔,元器件,12.75,-2.2989,0.0
920640,富士达,通信设备,27.13,-2.4101,0.0
920639,晨光电缆,电气设备,5.95,-0.1678,0.0
920634,新威凌,铅锌,15.25,-1.8662,0.0
920627,力王股份,电气设备,12.8,-2.5133,0.0
920608,丰安股份,机械基件,13.42,-1.396,0.0
920599,同力股份,工程机械,17.32,0.2315,0.0
920593,鼎智科技,机械基件,23.53,0.8573,0.0
920592,华信永道,软件服务,25.8,-1.8265,0.0
920580,科创新材,其他建材,10.85,-0.8227,0.0
920579,机科股份,机械基件,13.91,0.0719,0.0
920578,巨能股份,专用机械,17.4,0.2882,0.0
920576,天力复合,小金属,36.86,-3.3814,0.0
920575,*ST康乐,生物制药,4.97,-2.7397,0.0
920571,国航远洋,水运,8.86,-7.0304,0.0
920570,坤博精工,机械基件,24.49,-1.6466,0.0
920566,梓橦宫,化学制药,9.1,-1.5152,0.0
920564,天润科技,软件服务,13.21,-3.9971,0.0
920556,雅达股份,电器仪表,6.36,-2.9008,0.0
920553,凯腾精工,专用机械,6.68,-0.5952,0.0
920547,无锡晶海,化学制药,18.69,-0.1603,0.0
920541,铁大科技,运输设备,9.32,-1.2712,0.0
920533,骏创科技,汽车配件,16.16,-2.0012,0.0
920527,夜光明,纺织,14.96,0.2009,0.0
920526,凯华材料,化工原料,21.64,-4.6276,0.0
920523,德瑞锂电,电气设备,14.17,-2.6117,0.0
920522,纳科诺尔,专用机械,16.77,-2.7826,0.0
920519,万德股份,化工原料,10.9,-1.8018,0.0
920510,丰光精密,机械基件,21.44,2.0466,0.0
920509,同惠电子,电器仪表,22.53,-9.627,0.0
920508,殷图网联,电气设备,14.26,-1.6552,0.0
920505,九菱科技,机械基件,24.98,-8.5652,0.0
920504,博迅生物,医疗保健,17.93,-1.2121,0.0
920496,许昌智能,电气设备,6.18,-3.5881,0.0
920493,并行科技,软件服务,107.95,-2.4666,0.0
920491,奥迪威,元器件,20.83,-3.5201,0.0
920489,佳先股份,化工原料,12.14,-2.5682,0.0
920478,峆一药业,化学制药,11.12,-2.1988,0.0
920476,海能技术,电器仪表,22.47,-2.0915,0.0
920475,三友科技,专用机械,10.95,-3.6939,0.0
920471,美邦科技,化工原料,11.13,-1.6784,0.0
920469,富恒新材,塑料,5.68,-1.8998,0.0
920455,汇隆活塞,专用机械,6.38,-3.0395,0.0
920454,同心传动,汽车配件,11.38,-0.7847,0.0
920445,龙竹科技,家居用品,7.32,-8.8418,0.0
920438,戈碧迦,元器件,116.1,-1.0315,0.0
920436,大地电气,汽车配件,10.47,-1.9663,0.0
920433,大唐药业,中成药,4.62,-1.0707,0.0
920429,康比特,食品,10.01,-3.5645,0.0
920427,华维设计,建筑工程,9.93,-3.5922,0.0
920425,乐创技术,专用机械,13.77,-2.0626,0.0
920422,润普食品,食品,9.09,-1.8359,0.0
920419,路斯股份,饲料,10.62,-1.6667,0.0
920418,苏轴股份,汽车配件,18.83,4.7858,0.0
920415,恒拓开源,软件服务,8.6,-1.7143,0.0
920414,欧普泰,电器仪表,7.79,-0.7643,0.0
920407,驰诚股份,电器仪表,10.42,-1.5123,0.0
920405,海希通讯,电器仪表,17.5,6.7073,0.0
920403,康农种业,种植业,19.31,-1.7803,0.0
920402,硅烷科技,化工原料,8.03,-3.0193,0.0
920396,常辅股份,电器仪表,17.4,-3.01,0.0
920395,朗鸿科技,IT设备,6.54,-1.8018,0.0
920394,民士达,造纸,46.05,-7.3813,0.0
920392,佳合科技,广告包装,13.4,-0.5935,0.0
920378,泰德股份,汽车配件,7.01,-0.7082,0.0
920375,派诺科技,电气设备,6.2,-1.7433,0.0
920374,云里物里,通信设备,14.46,-2.7572,0.0
920371,欧福蛋业,食品,7.05,-2.3546,0.0
920370,新安洁,环境保护,2.85,-1.7241,0.0
920368,连城数控,专用机械,22.42,-3.3204,0.0
920367,新赣江,化学制药,25.9,-2.301,0.0
920363,莱赛激光,电器仪表,9.61,-2.4365,0.0
920357,雅葆轩,元器件,14.62,-4.5069,0.0
920351,华光源海,仓储物流,12.21,-6.7939,0.0
920346,威贸电子,元器件,15.02,-4.7559,0.0
920344,三元基因,生物制药,22.53,3.1121,0.0
920339,恒太照明,家用电器,10.36,-1.8939,0.0
920304,迪尔化工,化工原料,8.88,-0.5599,0.0
920300,辰光医疗,医疗保健,9.48,-1.3528,0.0
920299,灿能电力,电气设备,13.17,-3.7984,0.0
920284,灵鸽科技,专用机械,15.6,-1.7632,0.0
920278,鹿得医疗,医疗保健,6.21,-0.321,0.0
920275,驱动力,农业综合,6.56,-0.7564,0.0
920274,宏裕包材,广告包装,14.57,-3.8284,0.0
920273,一致魔芋,食品,16.87,-3.6,0.0
920271,邦德股份,汽车配件,8.76,-2.2321,0.0
920270,天铭科技,汽车配件,10.99,-0.991,0.0
920267,鑫汇科,元器件,15.37,-2.1642,0.0
920266,生物谷,中成药,7.12,0.0,0.0
920263,中航泰达,环境保护,6.14,-1.9169,0.0
920262,太湖雪,纺织,14.69,2.7273,0.0
920261,一诺威,化工原料,13.21,-0.4521,0.0
920260,中寰股份,专用机械,8.05,-1.8293,0.0
920252,天宏锂电,电气设备,13.95,-2.7875,0.0
920249,利尔达,元器件,8.64,-2.9213,0.0
920247,华密新材,橡胶,14.97,3.0992,0.0
920245,威博液压,机械基件,13.3,-0.7463,0.0
920242,建邦科技,汽车配件,13.41,-2.3307,0.0
920239,长虹能源,电气设备,19.53,-2.007,0.0
920237,力佳科技,电气设备,10.6,-2.3941,0.0
920230,欧康医药,生物制药,11.07,0.181,0.0
920227,美登科技,软件服务,48.71,-3.334,0.0
920225,利通科技,橡胶,15.45,-2.5237,0.0
920223,荣亿精密,机械基件,12.2,-6.1538,0.0
920221,易实精密,汽车配件,11.96,-3.8585,0.0
920212,智新电子,元器件,10.1,-1.2708,0.0
920208,青矩技术,建筑工程,10.47,-1.5977,0.0
920207,众诚科技,软件服务,20.83,-2.2983,0.0
920204,沪江材料,塑料,12.63,-2.3202,0.0
920199,倍益康,家用电器,23.13,-1.8251,0.0
920198,微创光电,IT设备,7.79,-1.6414,0.0
920195,三祥科技,汽车配件,12.48,-1.5773,0.0
920190,雷神科技,IT设备,22.56,-3.5897,0.0
920185,贝特瑞,化工原料,19.4,-2.7081,0.0
920184,国源科技,软件服务,10.97,-2.3152,0.0
920179,凯德石英,矿物制品,56.08,-2.2997,0.0
920175,东方碳素,化工原料,7.48,-2.0942,0.0
920174,五新智能,工程机械,29.9,-4.0436,0.0
920171,志晟信息,软件服务,15.34,-1.9182,0.0
920169,七丰精工,机械基件,19.87,-2.9785,0.0
920167,同享科技,小金属,13.22,-1.6369,0.0
920163,方大新材,塑料,9.27,-3.6383,0.0
920160,北矿检测,电器仪表,18.68,-1.2163,0.0
920158,长江能科,专用机械,7.69,-2.0382,0.0
920152,昆工科技,小金属,11.53,-3.3529,0.0
920149,旭杰科技,建筑工程,8.31,-1.1891,0.0
920146,华阳变速,汽车配件,5.59,-4.1166,0.0
920145,恒合股份,环境保护,9.37,-2.0899,0.0
920139,华岭股份,半导体,14.66,-4.1203,0.0
920132,泰鹏智能,家居用品,8.75,-3.5281,0.0
920130,立方控股,软件服务,16.01,-2.6156,0.0
920128,胜业电气,元器件,18.4,-3.4627,0.0
920124,南特科技,机械基件,12.15,-0.6541,0.0
920123,芭薇股份,日用化工,10.67,-2.3788,0.0
920122,中纺标,综合类,25.3,4.5455,0.0
920121,江天科技,广告包装,27.2,-0.6574,0.0
920118,太湖远大,塑料,20.2,0.1984,0.0
920116,星图测控,软件服务,42.84,-2.8131,0.0
920112,巴兰仕,专用机械,14.3,-1.6506,0.0
920111,聚星科技,电气设备,24.94,-2.8438,0.0
920110,雷特科技,电气设备,25.04,-1.1058,0.0
920108,宏海科技,家用电器,8.43,-1.0563,0.0
920106,林泰新材,汽车配件,33.0,-3.4241,0.0
920101,志高机械,专用机械,15.7,-2.1807,0.0
920100,三协电机,电气设备,30.41,1.6037,0.0
920099,瑞华技术,石油加工,16.21,-2.8177,0.0
920098,科隆新材,橡胶,17.09,-4.4718,0.0
920092,汉鑫科技,软件服务,24.01,-2.319,0.0
920091,大鹏工业,专用机械,26.69,-2.5912,0.0
920090,*ST同辉,IT设备,3.29,-1.497,0.0
920089,禾昌聚合,塑料,10.05,-0.3964,0.0
920088,科力股份,石油开采,40.7,-0.659,0.0
920087,秋乐种业,种植业,14.12,-5.2985,0.0
920086,科马材料,汽车配件,19.55,-0.9625,0.0
920082,方正阀门,机械基件,7.66,-2.1711,0.0
920080,奥美森,专用机械,19.8,-1.5905,0.0
920077,吉林碳谷,化纤,13.06,-0.6844,0.0
920076,国亮新材,其他建材,12.49,-0.7943,0.0
920075,柏星龙,广告包装,15.68,-2.0612,0.0
920068,天工股份,小金属,15.31,-1.2258,0.0
920066,科拜尔,塑料,17.75,-1.7709,0.0
920062,科润智控,电气设备,6.91,-2.1246,0.0
920061,西磁科技,专用机械,16.81,-2.7199,0.0
920060,万源通,元器件,26.28,-13.0377,0.0
920058,华洋赛车,摩托车,22.55,-3.1773,0.0
920057,百甲科技,钢加工,4.59,-3.7736,0.0
920056,能之光,塑料,13.8,-1.9886,0.0
920050,爱伦医疗,医疗保健,27.34,-1.7254,0.0
920047,诺思兰德,生物制药,15.1,-1.3072,0.0
920046,亿能电力,电气设备,18.77,-3.7929,0.0
920045,蘅东光,通信设备,483.88,-10.822,0.0
920039,国义招标,建筑工程,7.41,-2.3715,0.0
920037,广信科技,电气设备,37.54,-2.265,0.0
920035,精创电气,专用机械,23.29,-2.3889,0.0
920033,康普化学,化工原料,12.88,-1.8293,0.0
920030,德众汽车,汽车服务,4.9,3.1579,0.0
920029,开发科技,电器仪表,31.76,-2.066,0.0
920027,交大铁发,运输设备,11.24,-2.0052,0.0
920026,卓兆点胶,机械基件,16.71,-2.6791,0.0
920023,*ST田野,食品,1.39,-2.1127,0.0
920022,世昌股份,汽车配件,18.48,-2.7368,0.0
920021,流金科技,影视音像,7.66,-2.6684,0.0
920020,泰凯英,汽车配件,14.73,-0.2033,0.0
920019,铜冠矿建,建筑工程,15.91,4.2595,0.0
920018,宏远股份,电气设备,14.38,-1.843,0.0
920017,星昊医药,化学制药,15.46,-1.8413,0.0
920016,中草香料,日用化工,14.07,-1.5395,0.0
920015,锦华新材,化工原料,44.13,-2.6258,0.0
920014,特瑞斯,专用机械,8.44,-0.8226,0.0
920010,凯添燃气,供气供热,8.47,-3.2,0.0
920009,丹娜生物,医疗保健,34.47,-0.462,0.0
920008,成电光信,通信设备,20.25,-5.1966,0.0
920007,酉立智能,电气设备,31.82,-2.4525,0.0
920006,晟楠科技,航空,16.84,-2.1499,0.0
920005,鼎佳精密,元器件,26.34,4.0284,0.0
920003,中诚咨询,建筑工程,15.86,-3.8788,0.0
920002,万达轴承,工程机械,53.35,4.5463,0.0
920001,纬达光电,元器件,11.26,-3.6784,0.0
920000,安徽凤凰,汽车配件,13.7,-3.9944,0.0
688981,中芯国际,半导体,116.56,-2.8505,0.0
688819,天能股份,电气设备,20.26,-1.1707,0.0
688809,强一股份,半导体,462.8,-7.0683,0.0
688807,优迅股份,半导体,298.19,-11.1366,0.0
688805,健信超导,医疗保健,38.59,-3.2104,0.0
688802,沐曦股份,半导体,519.99,-6.6211,0.0
688800,瑞可达,元器件,56.25,-8.7591,0.0
688799,华纳药厂,化学制药,55.0,-3.3052,0.0
688798,艾为电子,半导体,53.98,-4.6121,0.0
688796,百奥赛图,生物制药,127.21,0.5295,0.0
688795,摩尔线程,半导体,408.88,-5.6424,0.0
688793,倍轻松,家用电器,17.95,-1.6438,0.0
688790,昂瑞微,半导体,101.89,-4.0313,0.0
688789,宏华数科,专用机械,49.36,-0.7241,0.0
688788,科思科技,通信设备,27.06,-6.8182,0.0
688787,海天瑞声,软件服务,87.05,-3.1702,0.0
688786,悦安新材,小金属,26.71,-6.5757,0.0
688783,西安奕材,半导体,27.81,-7.0211,0.0
688779,五矿新能,电气设备,7.17,-3.629,0.0
688778,厦钨新能,电气设备,40.35,-4.2705,0.0
688777,中控技术,专用机械,77.11,-3.6366,0.0
688776,国光电气,元器件,49.6,-8.5714,0.0
688775,影石创新,IT设备,89.72,-1.1677,0.0
688772,珠海冠宇,电气设备,13.86,-1.2117,0.0
688768,容知日新,电器仪表,47.26,0.7246,0.0
688767,博拓生物,医疗保健,41.3,-3.7969,0.0
688766,普冉股份,半导体,379.57,-7.1275,0.0
688765,禾元生物,生物制药,40.3,-1.827,0.0
688759,必贝特,生物制药,21.69,-3.4713,0.0
688758,赛分科技,化工原料,31.23,-3.9077,0.0
688757,胜科纳米,电器仪表,28.78,-9.2114,0.0
688755,汉邦科技,专用机械,29.76,-0.2347,0.0
688750,金天钛业,小金属,13.65,-1.7986,0.0
688739,成大生物,生物制药,20.64,0.097,0.0
688737,中自科技,汽车配件,16.98,-1.8497,0.0
688733,壹石通,矿物制品,27.16,-6.8268,0.0
688729,屹唐股份,半导体,22.48,-6.0201,0.0
688728,格科微,半导体,13.81,-4.0306,0.0
688727,恒坤新材,半导体,45.6,-4.9802,0.0
688726,拉普拉斯,专用机械,46.08,-1.0097,0.0
688722,同益中,化纤,14.3,-1.9204,0.0
688721,龙图光罩,半导体,39.49,-5.0265,0.0
688720,艾森股份,半导体,63.55,-6.2684,0.0
688719,爱科赛博,电气设备,56.82,-4.2144,0.0
688718,唯赛勃,塑料,14.82,-2.0489,0.0
688717,艾罗能源,电气设备,40.47,-3.482,0.0
688716,中研股份,化工原料,25.75,-2.9035,0.0
688711,宏微科技,半导体,26.51,-7.2428,0.0
688710,益诺思,生物制药,95.05,-0.9896,0.0
688709,成都华微,半导体,25.38,-0.1181,0.0
688708,佳驰科技,化工原料,38.17,-3.4893,0.0
688707,振华新材,电气设备,9.85,-2.3786,0.0
688702,盛科通信,半导体,307.73,-6.3227,0.0
688701,卓锦股份,环境保护,8.63,0.116,0.0
688700,东威科技,专用机械,61.92,-3.7014,0.0
688699,明微电子,半导体,64.6,-5.8995,0.0
688698,伟创电气,电气设备,42.26,-3.6699,0.0
688697,纽威数控,机床制造,14.79,-0.8048,0.0
688696,极米科技,家用电器,81.06,-3.0151,0.0
688695,中创股份,软件服务,19.92,0.5045,0.0
688693,锴威特,半导体,71.34,-6.7817,0.0
688692,达梦数据,软件服务,192.88,-4.5479,0.0
688691,灿芯股份,半导体,60.47,-6.0295,0.0
688690,纳微科技,化工原料,46.16,-1.7663,0.0
688689,银河微电,半导体,39.32,-5.5942,0.0
688687,凯因科技,生物制药,18.6,1.6949,0.0
688686,奥普特,电器仪表,130.01,-4.6148,0.0
688685,迈信林,航空,33.08,-4.1715,0.0
688683,莱尔科技,元器件,30.55,-4.1117,0.0
688682,霍莱沃,软件服务,34.65,-8.6716,0.0
688681,科汇股份,电气设备,15.39,-0.7737,0.0
688680,海优新材,塑料,38.77,-1.1222,0.0
688679,通源环境,环境保护,37.94,-4.1919,0.0
688678,福立旺,元器件,31.26,-4.1986,0.0
688677,海泰新光,医疗保健,74.7,-7.7892,0.0
688676,金盘科技,电气设备,60.11,-3.1421,0.0
688671,碧兴物联,环境保护,25.36,-3.5375,0.0
688670,金迪克,生物制药,18.14,-0.3844,0.0
688669,聚石化学,化工原料,62.03,-7.3072,0.0
688668,鼎通科技,通信设备,213.04,-8.1724,0.0
688667,菱电电控,汽车配件,98.76,-5.7903,0.0
688665,四方光电,电器仪表,43.17,-8.6736,0.0
688663,新风光,电气设备,54.72,-1.9882,0.0
688662,富信科技,元器件,114.5,-10.7421,0.0
688661,和林微纳,元器件,94.28,-8.0195,0.0
688660,电气风电,电气设备,8.6,-2.8249,0.0
688659,元琛科技,环境保护,9.15,-1.6129,0.0
688658,悦康药业,化学制药,13.03,-1.063,0.0
688657,浩辰软件,软件服务,33.32,-1.8557,0.0
688656,浩欧博,医疗保健,137.66,4.1695,0.0
688655,迅捷兴,元器件,63.08,-14.5257,0.0
688653,康希通信,半导体,14.75,-4.1585,0.0
688652,京仪装备,半导体,134.32,-6.7546,0.0
688651,盛邦安全,软件服务,25.3,1.4435,0.0
688648,中邮科技,机床制造,27.92,-4.3508,0.0
688646,逸飞激光,专用机械,73.5,-8.8768,0.0
688639,华恒生物,化学制药,17.69,-1.4485,0.0
688638,誉辰智能,专用机械,34.61,-0.2306,0.0
688636,智明达,元器件,19.43,-4.8016,0.0
688633,星球石墨,专用机械,21.67,-3.1292,0.0
688631,莱斯信息,软件服务,35.37,-5.7303,0.0
688630,芯碁微装,专用机械,397.29,-4.9545,0.0
688629,华丰科技,元器件,106.22,-9.0582,0.0
688628,优利德,电器仪表,91.99,-17.0439,0.0
688627,精智达,专用机械,432.0,-5.6872,0.0
688626,翔宇医疗,医疗保健,42.32,-3.9492,0.0
688625,呈和科技,化工原料,69.86,-5.722,0.0
688623,双元科技,专用机械,63.42,-1.9329,0.0
688622,*ST禾信,电器仪表,145.18,1.9594,0.0
688621,阳光诺和,医疗保健,71.41,-1.8419,0.0
688620,安凯微,半导体,16.82,-6.6074,0.0
688619,罗普特,软件服务,13.76,-4.9067,0.0
688618,三旺通信,通信设备,28.16,-3.097,0.0
688617,惠泰医疗,医疗保健,241.88,2.4742,0.0
688616,西力科技,电器仪表,11.0,-0.0908,0.0
688615,合合信息,软件服务,83.41,-4.2475,0.0
688613,奥精医疗,医疗保健,19.62,-6.9701,0.0
688612,威迈斯,汽车配件,32.55,-8.0508,0.0
688611,杭州柯林,电气设备,64.54,-2.8451,0.0
688610,埃科光电,电器仪表,151.8,-8.0223,0.0
688609,九联科技,家用电器,8.81,-4.6537,0.0
688608,恒玄科技,半导体,110.54,1.5246,0.0
688607,康众科技,医疗保健,35.41,-6.7176,0.0
688606,奥泰生物,医疗保健,47.04,0.4699,0.0
688605,先锋精科,半导体,83.09,-4.042,0.0
688603,天承科技,化工原料,112.45,-10.1263,0.0
688602,康鹏科技,化工原料,6.75,-2.1739,0.0
688601,力芯微,半导体,57.41,-5.7926,0.0
688600,皖仪科技,电器仪表,34.75,-4.3753,0.0
688599,天合光能,电气设备,10.68,-1.9284,0.0
688598,金博股份,矿物制品,33.0,-9.6633,0.0
688597,煜邦电力,电器仪表,6.18,-1.278,0.0
688596,正帆科技,专用机械,60.43,-6.5853,0.0
688595,芯海科技,半导体,30.33,-4.1706,0.0
688593,新相微,半导体,29.06,-6.2883,0.0
688592,司南导航,通信设备,22.53,-4.2092,0.0
688591,泰凌微,半导体,30.95,-4.6225,0.0
688590,新致软件,软件服务,12.0,-1.5587,0.0
688589,力合微,半导体,20.29,-2.405,0.0
688588,凌志软件,软件服务,8.86,-1.5556,0.0
688586,江航装备,航空,10.99,-0.9017,0.0
688585,上纬新材,化工原料,133.2,-2.2026,0.0
688584,上海合晶,半导体,27.58,-5.0602,0.0
688583,思看科技,电器仪表,79.49,-5.7952,0.0
688582,芯动联科,元器件,36.71,-5.3378,0.0
688581,安杰思,医疗保健,57.7,-0.1212,0.0
688580,伟思医疗,医疗保健,42.6,-1.0912,0.0
688579,地纬智能,软件服务,7.84,-1.0101,0.0
688578,艾力斯,化学制药,105.99,1.6983,0.0
688577,浙海德曼,机床制造,40.15,-2.949,0.0
688576,西山科技,医疗保健,39.86,-1.2389,0.0
688575,亚辉龙,医疗保健,10.29,0.0973,0.0
688573,信宇人,专用机械,15.22,-4.2767,0.0
688571,杭华股份,染料涂料,8.07,-4.947,0.0
688570,天玛智控,专用机械,14.61,-0.882,0.0
688569,铁科轨道,运输设备,18.64,-0.5867,0.0
688568,中科星图,软件服务,28.8,-4.9505,0.0
688567,孚能科技,电气设备,8.79,-1.0135,0.0
688566,吉贝尔,化学制药,27.48,-0.8658,0.0
688565,力源科技,环境保护,11.4,-0.5236,0.0
688563,航材股份,航空,52.22,-1.0797,0.0
688562,航天软件,软件服务,14.17,-1.8018,0.0
688561,奇安信,软件服务,29.77,4.0545,0.0
688560,明冠新材,电气设备,12.62,-1.4063,0.0
688559,海目星,专用机械,55.19,-5.3832,0.0
688558,国盛智科,机床制造,33.65,-1.2617,0.0
688557,兰剑智能,专用机械,20.71,-2.6786,0.0
688556,高测股份,专用机械,7.57,-3.5669,0.0
688553,汇宇制药,化学制药,12.09,-1.3866,0.0
688552,航天南湖,通信设备,29.07,-2.6457,0.0
688551,科威尔,专用机械,38.28,-11.3889,0.0
688550,瑞联新材,化工原料,36.28,-4.6768,0.0
688549,中巨芯,元器件,21.99,-5.5006,0.0
688548,广钢气体,化工原料,31.64,-5.042,0.0
688545,兴福电子,元器件,72.0,-6.1033,0.0
688543,国科军工,专用机械,41.98,-4.0018,0.0
688539,高华科技,电器仪表,23.92,-3.7425,0.0
688538,和辉光电,半导体,2.04,-0.4878,0.0
688536,思瑞浦,半导体,342.42,-1.2658,0.0
688535,华海诚科,半导体,101.31,-6.9184,0.0
688533,上声电子,汽车配件,19.89,-1.0448,0.0
688531,日联科技,专用机械,126.6,-8.5921,0.0
688530,欧莱新材,半导体,57.45,-6.9033,0.0
688529,豪森智能,专用机械,15.1,-3.2051,0.0
688528,秦川物联,电器仪表,10.28,-0.291,0.0
688526,科前生物,农业综合,12.13,-0.4105,0.0
688525,佰维存储,半导体,198.25,-6.0471,0.0
688523,航天环宇,航空,38.07,-3.669,0.0
688522,纳睿雷达,通信设备,17.9,-2.7174,0.0
688521,芯原股份,半导体,193.0,-6.9655,0.0
688520,神州细胞,生物制药,35.19,-1.5664,0.0
688519,南亚新材,元器件,275.4,-6.6694,0.0
688518,联赢激光,专用机械,20.25,-3.9374,0.0
688517,金冠电气,电气设备,16.9,1.3189,0.0
688516,奥特维,专用机械,42.41,-3.4161,0.0
688515,裕太微,半导体,143.73,-5.7508,0.0
688513,苑东生物,化学制药,49.5,-1.0,0.0
688512,慧智微,半导体,16.59,-5.6314,0.0
688511,天微电子,元器件,22.25,-3.5126,0.0
688510,航亚科技,航空,23.75,-0.9591,0.0
688509,正元地信,软件服务,4.15,0.0,0.0
688508,芯朋微,半导体,78.5,-6.8691,0.0
688507,索辰科技,软件服务,132.5,-6.0883,0.0
688506,百利天恒,化学制药,239.53,0.0961,0.0
688505,复旦张江,化学制药,8.28,-0.9569,0.0
688503,聚和材料,电气设备,71.49,-5.9466,0.0
688502,茂莱光学,元器件,408.3,-8.1646,0.0
688501,青达环保,环境保护,15.21,-1.2338,0.0
688500,慧辰股份,互联网,30.2,-1.6287,0.0
688499,利元亨,专用机械,37.0,-1.9868,0.0
688498,源杰科技,半导体,1591.43,-6.3881,0.0
688496,*ST清越,元器件,0.0,0.0,0.0
688489,三未信安,IT设备,27.27,0.5531,0.0
688488,艾迪药业,生物制药,15.69,-1.6301,0.0
688486,龙迅股份,半导体,47.1,-3.8776,0.0
688485,九州一轨,运输设备,105.4,-12.1227,0.0
688484,南芯科技,半导体,32.71,-2.8512,0.0
688480,赛恩斯,环境保护,64.8,-7.4286,0.0
688479,友车科技,软件服务,34.76,-6.6093,0.0
688478,晶升股份,半导体,48.68,-3.8705,0.0
688475,萤石网络,IT设备,27.21,-2.7867,0.0
688472,阿特斯,电气设备,8.18,-1.6827,0.0
688469,芯联集成,半导体,8.6,0.1164,0.0
688468,科美诊断,医疗保健,6.54,0.1531,0.0
688466,金科环境,环境保护,13.97,-0.5694,0.0
688459,哈铁科技,运输设备,8.21,-0.243,0.0
688458,美芯晟,半导体,37.7,-3.7283,0.0
688456,有研粉材,铜,70.19,-6.5628,0.0
688455,科捷智能,机械基件,17.69,-0.0565,0.0
688450,光格科技,电器仪表,31.94,-3.417,0.0
688449,联芸科技,半导体,57.25,-7.0768,0.0
688448,磁谷科技,专用机械,62.49,-4.8714,0.0
688443,智翔金泰,生物制药,24.24,-1.5035,0.0
688439,振华风光,元器件,36.86,-3.4067,0.0
688435,英方软件,软件服务,29.72,-1.2953,0.0
688433,华曙高科,专用机械,81.34,-5.9653,0.0
688432,有研硅,半导体,53.15,-3.5915,0.0
688429,时创能源,电气设备,9.8,-2.8741,0.0
688428,诺诚健华,生物制药,28.63,-4.1192,0.0
688426,康为世纪,生物制药,21.25,-3.2332,0.0
688425,铁建重工,工程机械,3.91,-0.2551,0.0
688420,美腾科技,专用机械,22.85,0.1754,0.0
688419,耐科装备,半导体,48.9,-6.106,0.0
688418,震有科技,通信设备,30.19,-5.6563,0.0
688416,恒烁股份,半导体,73.24,-8.1169,0.0
688411,海博思创,电气设备,155.1,-3.6706,0.0
688410,山外山,医疗保健,9.54,-2.3541,0.0
688409,富创精密,半导体,176.8,-4.9565,0.0
688408,中信博,电气设备,22.34,-1.5859,0.0
688403,汇成股份,半导体,22.4,-9.6774,0.0
688401,路维光电,半导体,64.96,-8.1967,0.0
688400,凌云光,专用机械,41.4,-10.2925,0.0
688399,硕世生物,医疗保健,26.98,-2.3525,0.0
688398,赛特新材,矿物制品,22.68,-3.776,0.0
688396,华润微,半导体,56.31,-4.8335,0.0
688395,正弦电气,机械基件,25.73,-2.3529,0.0
688393,安必平,医疗保健,22.16,-0.2251,0.0
688392,骄成超声,专用机械,159.4,-4.5509,0.0
688391,钜泉科技,半导体,26.42,-2.2206,0.0
688390,固德威,电气设备,54.67,-3.75,0.0
688389,普门科技,医疗保健,11.16,0.3597,0.0
688388,嘉元科技,电气设备,27.26,-9.1333,0.0
688387,信科移动,通信设备,11.53,-6.3363,0.0
688386,泛亚微透,化工原料,45.88,-6.5771,0.0
688385,复旦微电,半导体,56.95,-4.734,0.0
688383,新益昌,专用机械,128.78,-9.9504,0.0
688382,益方生物,生物制药,17.65,-5.8667,0.0
688381,帝奥微,半导体,41.65,-7.6497,0.0
688380,中微半导,半导体,40.29,-4.7067,0.0
688379,华光新材,机械基件,54.66,-10.7883,0.0
688378,奥来德,专用机械,47.47,-6.4077,0.0
688377,迪威尔,专用机械,16.91,-0.3536,0.0
688376,美埃科技,专用机械,57.43,-8.928,0.0
688375,国博电子,元器件,65.77,-4.5151,0.0
688373,盟科药业,化学制药,5.66,-3.413,0.0
688372,伟测科技,半导体,105.0,-6.8984,0.0
688371,菲沃泰,元器件,22.82,-8.132,0.0
688370,丛麟科技,环境保护,28.59,0.5982,0.0
688369,致远互联,软件服务,19.36,-1.0731,0.0
688368,晶丰明源,半导体,129.59,-7.5744,0.0
688367,工大高科,运输设备,29.52,-4.466,0.0
688366,昊海生科,医疗保健,29.82,-0.3009,0.0
688365,光云科技,软件服务,15.22,-5.2894,0.0
688363,华熙生物,医疗保健,34.3,-1.1527,0.0
688362,甬矽电子,半导体,56.8,-6.6557,0.0
688361,中科飞测,半导体,361.24,-2.4467,0.0
688360,德马科技,机械基件,16.19,-1.2805,0.0
688359,三孚新科,化工原料,102.76,-7.4984,0.0
688358,祥生医疗,医疗保健,28.8,-0.6897,0.0
688357,建龙微纳,化工原料,26.68,-0.9283,0.0
688356,键凯科技,化学制药,99.45,4.9161,0.0
688355,明志科技,机械基件,16.73,-1.4143,0.0
688353,华盛锂电,化工原料,78.96,-1.127,0.0
688352,颀中科技,半导体,17.67,-7.4384,0.0
688351,微电生理,医疗保健,17.05,-2.5714,0.0
688350,富淼科技,化工原料,28.58,-2.756,0.0
688349,三一重能,电气设备,12.85,-0.6955,0.0
688348,昱能科技,电气设备,29.8,-2.2951,0.0
688347,华虹宏力,半导体,213.76,-4.614,0.0
688345,博力威,电气设备,44.97,-6.5267,0.0
688343,云天励飞,软件服务,61.93,-3.007,0.0
688339,亿华通,汽车配件,18.49,2.1547,0.0
688338,赛科希德,医疗保健,31.98,0.566,0.0
688337,普源精电,电器仪表,51.62,-11.9263,0.0
688336,三生国健,生物制药,39.2,-0.0255,0.0
688335,复洁科技,环境保护,17.03,-3.2386,0.0
688334,西高院,电气设备,17.73,-1.2256,0.0
688333,铂力特,机械基件,100.0,-7.6383,0.0
688332,中科蓝讯,半导体,87.87,-6.3619,0.0
688331,荣昌生物,生物制药,115.34,-0.8084,0.0
688330,宏力达,电气设备,36.83,-2.7719,0.0
688329,艾隆科技,专用机械,23.37,0.2144,0.0
688328,深科达,专用机械,74.37,-7.3848,0.0
688327,云从科技,软件服务,9.68,-2.1234,0.0
688326,经纬恒润,汽车配件,56.3,-2.8976,0.0
688325,赛微微电,半导体,110.96,1.9572,0.0
688323,瑞华泰,塑料,24.18,-9.1319,0.0
688322,奥比中光,元器件,85.75,-4.2006,0.0
688321,微芯生物,化学制药,25.21,-0.5523,0.0
688320,禾川科技,电器仪表,35.25,-5.6982,0.0
688319,欧林生物,生物制药,30.8,-2.2843,0.0
688318,财富趋势,软件服务,75.73,-2.9103,0.0
688317,之江生物,医疗保健,18.24,-2.72,0.0
688316,青云科技,软件服务,44.7,-2.6568,0.0
688315,诺禾致源,医疗保健,20.06,-1.6667,0.0
688314,康拓医疗,医疗保健,30.37,-1.2679,0.0
688313,仕佳光子,通信设备,145.5,-7.5016,0.0
688312,燕麦科技,专用机械,49.17,-14.9161,0.0
688311,盟升电子,元器件,23.55,-4.0733,0.0
688310,迈得医疗,医疗保健,15.45,-1.9048,0.0
688309,恒誉科技,环境保护,74.66,-3.2902,0.0
688308,欧科亿,机械基件,80.0,-6.2683,0.0
688307,中润光学,元器件,43.63,-7.5831,0.0
688306,均普智能,专用机械,9.86,-2.8571,0.0
688305,科德数控,机床制造,54.73,-2.7886,0.0
688303,大全能源,电气设备,15.5,-2.0846,0.0
688302,海创药业,生物制药,31.87,-3.1012,0.0
688301,奕瑞科技,医疗保健,84.97,-4.6352,0.0
688300,联瑞新材,矿物制品,145.69,-13.1764,0.0
688299,长阳科技,元器件,12.95,-3.1414,0.0
688298,东方生物,医疗保健,18.96,-1.147,0.0
688297,中无人机,航空,42.08,-0.1661,0.0
688296,和达科技,软件服务,24.56,-10.95,0.0
688295,中复神鹰,化纤,35.23,-3.2409,0.0
688293,奥浦迈,生物制药,74.84,-3.3699,0.0
688292,浩瀚深度,通信设备,21.89,0.69,0.0
688291,金橙子,软件服务,40.8,-3.5461,0.0
688290,景业智能,专用机械,56.07,-8.082,0.0
688289,圣湘生物,医疗保健,16.6,-0.3003,0.0
688288,鸿泉技术,IT设备,19.62,-1.407,0.0
688286,敏芯股份,半导体,50.24,-9.9642,0.0
688285,高铁电气,运输设备,7.59,-0.2628,0.0
688283,坤恒顺维,电器仪表,30.07,-11.7664,0.0
688282,理工导航,通信设备,51.03,-7.0492,0.0
688281,华秦科技,航空,49.15,-1.5227,0.0
688280,精进电动,汽车配件,4.87,-0.2049,0.0
688279,峰岹科技,半导体,206.53,-3.2918,0.0
688278,特宝生物,生物制药,51.6,0.3891,0.0
688277,天智航,医疗保健,15.23,-0.3924,0.0
688276,百克生物,生物制药,17.76,0.0563,0.0
688275,万润新能,电气设备,64.42,-4.7605,0.0
688273,麦澜德,医疗保健,29.48,0.1699,0.0
688272,富吉瑞,元器件,28.86,-2.0367,0.0
688271,联影医疗,医疗保健,105.88,3.3883,0.0
688270,ST臻镭,半导体,55.05,-3.2683,0.0
688269,凯立新材,化工原料,26.1,-5.7421,0.0
688268,华特气体,化工原料,124.14,-5.9759,0.0
688267,中触媒,化工原料,21.85,-1.974,0.0
688266,泽璟制药,生物制药,107.16,-1.643,0.0
688265,南模生物,医疗保健,54.61,4.7573,0.0
688262,国芯科技,半导体,28.01,-4.2066,0.0
688261,东微半导,半导体,74.0,-4.2691,0.0
688260,昀冢科技,元器件,100.19,-7.778,0.0
688259,创耀科技,半导体,32.91,-1.2897,0.0
688258,卓易信息,软件服务,82.2,-6.7393,0.0
688257,新锐股份,机械基件,54.52,-6.3391,0.0
688256,寒武纪,半导体,1020.0,-6.5489,0.0
688255,凯尔达,机械基件,26.04,-2.8358,0.0
688253,英诺特,医疗保健,54.87,-3.9054,0.0
688252,天德钰,半导体,20.79,-2.4859,0.0
688251,井松智能,专用机械,18.51,0.3252,0.0
688249,晶合集成,半导体,33.21,-4.6238,0.0
688248,南网科技,电气设备,46.37,-2.3173,0.0
688247,宣泰医药,化学制药,9.95,0.7085,0.0
688246,嘉和美康,软件服务,16.97,-1.4518,0.0
688244,永信至诚,软件服务,19.8,20.0,0.0
688239,航宇科技,航空,54.96,-0.8837,0.0
688238,和元生物,医疗保健,8.56,0.4695,0.0
688237,超卓航科,航空,57.95,-1.7797,0.0
688236,春立医疗,医疗保健,14.12,0.0,0.0
688235,百济神州,生物制药,257.9,-0.0388,0.0
688234,天岳先进,半导体,105.28,-4.5945,0.0
688233,神工股份,半导体,93.24,-7.0945,0.0
688232,新点软件,软件服务,17.49,0.2292,0.0
688231,隆达股份,航空,33.0,-4.7619,0.0
688230,芯导科技,半导体,58.08,-4.8025,0.0
688229,博睿数据,软件服务,58.24,-3.8468,0.0
688228,开普云,软件服务,83.5,-1.1132,0.0
688227,品高股份,软件服务,71.41,-7.2597,0.0
688226,威腾电气,电气设备,28.11,-8.2572,0.0
688225,亚信安全,软件服务,15.64,6.1779,0.0
688223,晶科能源,电气设备,3.68,-1.8667,0.0
688222,成都先导,化学制药,43.68,-1.1541,0.0
688221,前沿生物,生物制药,16.31,-2.5105,0.0
688220,翱捷科技,半导体,92.23,-5.2691,0.0
688219,会通股份,塑料,10.14,-2.2179,0.0
688218,江苏北人,专用机械,38.36,-0.8529,0.0
688217,睿昂基因,医疗保健,25.28,-1.4425,0.0
688216,气派科技,半导体,38.51,-4.418,0.0
688215,瑞晟智能,专用机械,44.22,-4.0573,0.0
688213,思特威,半导体,92.15,-1.3489,0.0
688212,澳华内镜,医疗保健,28.06,-4.5253,0.0
688211,中科微至,专用机械,32.44,-2.0531,0.0
688210,统联精密,元器件,27.39,-5.2905,0.0
688209,英集芯,半导体,32.89,-6.0286,0.0
688208,道通科技,IT设备,24.69,-3.5547,0.0
688207,格灵深瞳,软件服务,19.04,-3.4483,0.0
688206,概伦电子,半导体,35.39,-3.8054,0.0
688205,德科立,通信设备,191.25,-9.2225,0.0
688203,海正生材,塑料,20.01,-13.2264,0.0
688202,美迪西,医疗保健,105.3,-2.4187,0.0
688201,ST信安,软件服务,7.7,-0.1297,0.0
688200,华峰测控,半导体,388.88,-2.3111,0.0
688199,久日新材,化工原料,25.25,-1.0192,0.0
688198,佰仁医疗,医疗保健,70.05,-1.5599,0.0
688197,首药控股,化学制药,36.8,-2.439,0.0
688196,卓越新能,环境保护,30.97,-7.7175,0.0
688195,腾景科技,元器件,174.39,-7.2985,0.0
688193,仁度生物,医疗保健,48.82,-0.732,0.0
688192,迪哲医药,生物制药,55.48,-1.7183,0.0
688191,智洋创新,软件服务,19.97,-9.4331,0.0
688190,云路股份,矿物制品,67.03,-5.8567,0.0
688189,ST南新,化学制药,6.32,-2.4691,0.0
688188,柏楚电子,专用机械,93.1,-2.2572,0.0
688187,时代电气,运输设备,43.75,-1.464,0.0
688186,广大特材,特种钢,14.22,-0.9059,0.0
688185,康希诺,生物制药,86.5,5.9919,0.0
688184,ST帕瓦,电气设备,10.6,-1.487,0.0
688183,生益电子,元器件,105.96,-7.1178,0.0
688182,灿勤科技,通信设备,26.4,-7.9177,0.0
688181,八亿时空,元器件,44.66,-4.9383,0.0
688180,君实生物,生物制药,34.84,-0.1147,0.0
688179,阿拉丁,化学制药,22.95,-7.6087,0.0
688178,万德斯,环境保护,29.57,-1.7934,0.0
688177,百奥泰,生物制药,20.65,-0.8641,0.0
688176,亚虹医药,化学制药,13.71,-6.9246,0.0
688175,高凌信息,通信设备,25.08,-3.3526,0.0
688173,希荻微,半导体,12.96,-3.7147,0.0
688172,燕东微,半导体,43.74,-3.3584,0.0
688171,纬德信息,软件服务,25.95,4.5528,0.0
688170,德龙激光,专用机械,66.12,-3.6854,0.0
688169,石头科技,家用电器,116.39,1.562,0.0
688168,安博通,软件服务,43.39,-3.1041,0.0
688167,炬光科技,元器件,275.84,-6.1258,0.0
688166,博瑞医药,化学制药,34.11,-2.5429,0.0
688165,埃夫特,专用机械,14.54,-1.8231,0.0
688163,赛伦生物,生物制药,40.66,8.9788,0.0
688162,巨一科技,专用机械,25.51,2.1626,0.0
688161,威高骨科,医疗保健,21.59,-0.2311,0.0
688160,步科股份,电器仪表,94.0,-3.4511,0.0
688159,有方科技,通信设备,34.78,-5.0246,0.0
688158,优刻得,软件服务,28.34,-4.4182,0.0
688157,松井股份,染料涂料,18.39,-4.715,0.0
688156,路德科技,饲料,22.24,-2.7547,0.0
688155,先惠技术,电气设备,50.97,-5.436,0.0
688153,唯捷创芯,半导体,25.94,-2.1132,0.0
688152,麒麟信安,软件服务,39.45,11.9784,0.0
688151,华强科技,医疗保健,16.6,-2.8103,0.0
688150,莱特光电,元器件,39.69,-7.6762,0.0
688148,芳源股份,电气设备,5.69,-3.2313,0.0
688147,微导纳米,专用机械,105.96,-4.5405,0.0
688146,中船特气,半导体,201.07,-5.5965,0.0
688143,长盈通,通信设备,165.05,-13.7444,0.0
688141,杰华特,半导体,100.71,-10.4004,0.0
688139,海尔生物,医疗保健,34.8,0.578,0.0
688138,清溢光电,半导体,37.48,-6.6501,0.0
688137,近岸蛋白,生物制药,128.08,2.2595,0.0
688136,科兴制药,生物制药,22.93,-1.4611,0.0
688135,利扬芯片,半导体,37.67,-4.7535,0.0
688133,泰坦科技,化工原料,21.63,-4.7137,0.0
688132,邦彦技术,通信设备,16.17,-3.6353,0.0
688131,皓元医药,化学制药,100.48,-2.9554,0.0
688130,晶华微,半导体,26.29,-3.9108,0.0
688129,东来技术,染料涂料,22.65,-4.9916,0.0
688128,中国电研,专用机械,21.66,-1.991,0.0
688127,蓝特光学,元器件,61.06,-7.1754,0.0
688126,沪硅产业,半导体,23.83,-3.9113,0.0
688125,安达智能,专用机械,113.4,-8.9303,0.0
688123,聚辰股份,半导体,153.86,-3.5663,0.0
688122,西部超导,小金属,49.44,-3.6821,0.0
688121,*ST卓然,专用机械,1.14,-1.7241,0.0
688120,华海清科,半导体,234.24,-5.2312,0.0
688119,中钢洛耐,其他建材,3.77,-1.8229,0.0
688118,普元信息,软件服务,19.76,-1.9355,0.0
688117,圣诺生物,生物制药,17.92,-4.7821,0.0
688116,天奈科技,化工原料,32.26,-4.1023,0.0
688115,思林杰,电器仪表,61.64,-8.5188,0.0
688114,华大智造,医疗保健,72.84,-2.8022,0.0
688113,联测科技,专用机械,37.74,-0.4222,0.0
688112,鼎阳科技,电器仪表,102.66,-12.3164,0.0
688111,金山办公,软件服务,222.0,-0.0135,0.0
688110,东芯股份,半导体,116.75,-1.6676,0.0
688109,品茗科技,软件服务,68.43,-5.3396,0.0
688108,赛诺医疗,医疗保健,14.78,-2.7632,0.0
688107,安路科技,半导体,29.33,-4.5558,0.0
688106,金宏气体,化工原料,25.41,-5.2573,0.0
688105,诺唯赞,生物制药,25.8,-2.898,0.0
688103,国力电子,元器件,79.05,-2.6957,0.0
688102,斯瑞新材,铜,29.42,-4.7896,0.0
688101,三达膜,环境保护,14.09,-3.0949,0.0
688100,威胜信息,通信设备,24.36,-1.4962,0.0
688099,晶晨股份,半导体,88.27,-1.3963,0.0
688098,申联生物,农业综合,8.34,-0.3584,0.0
688097,博众精工,专用机械,41.82,-6.8597,0.0
688096,京源环保,环境保护,7.2,-2.834,0.0
688095,福昕软件,软件服务,55.49,-3.3948,0.0
688093,世华科技,化工原料,21.98,-5.6247,0.0
688092,爱科科技,专用机械,22.22,-2.9694,0.0
688091,上海谊众,化学制药,39.29,-1.6521,0.0
688090,瑞松科技,专用机械,78.38,-5.9177,0.0
688089,ST嘉必优,食品,8.35,-1.3002,0.0
688088,虹软科技,软件服务,28.84,-2.2041,0.0
688087,英科再生,环境保护,32.3,-2.7401,0.0
688085,三友医疗,医疗保健,13.15,0.0,0.0
688084,晶品特装,专用机械,41.3,-4.0205,0.0
688083,中望软件,软件服务,50.9,-2.04,0.0
688082,盛美上海,半导体,286.01,-5.9518,0.0
688081,兴图新科,软件服务,25.31,-3.581,0.0
688080,映翰通,通信设备,36.77,-3.3386,0.0
688079,美迪凯,元器件,17.03,-2.7413,0.0
688078,龙软科技,软件服务,30.34,-1.8758,0.0
688077,大地熊,矿物制品,26.56,-4.6662,0.0
688076,ST诺泰,生物制药,28.92,0.3122,0.0
688075,安旭生物,医疗保健,29.91,0.3018,0.0
688073,毕得医药,化学制药,73.91,-0.8585,0.0
688072,拓荆科技,半导体,653.8,-6.7199,0.0
688071,华依科技,专用机械,35.26,-1.094,0.0
688070,纵横股份,航空,35.27,-3.1842,0.0
688069,德林海,环境保护,34.93,-6.3539,0.0
688068,热景生物,医疗保健,89.65,-2.4377,0.0
688067,爱威科技,医疗保健,24.04,0.3758,0.0
688066,*ST航图,软件服务,8.29,-7.4777,0.0
688065,凯赛生物,化工原料,38.15,-0.4956,0.0
688063,派能科技,电气设备,39.22,-3.1844,0.0
688062,迈威生物,生物制药,26.0,-1.7756,0.0
688061,灿瑞科技,半导体,44.5,-4.2805,0.0
688060,云涌科技,IT设备,36.63,-1.3466,0.0
688059,华锐精密,机械基件,83.3,-6.394,0.0
688058,宝兰德,软件服务,25.51,1.0297,0.0
688057,金达莱,环境保护,18.53,-6.3669,0.0
688056,莱伯泰科,电器仪表,51.89,-10.9032,0.0
688055,龙腾光电,元器件,3.6,-2.965,0.0
688053,ST思科瑞,元器件,37.94,-2.9171,0.0
688052,纳芯微,半导体,246.15,-2.7114,0.0
688051,佳华科技,软件服务,24.42,-2.32,0.0
688050,爱博医疗,医疗保健,38.31,-0.1043,0.0
688049,炬芯科技,半导体,45.45,-3.5032,0.0
688048,长光华芯,半导体,289.79,-12.0943,0.0
688047,龙芯中科,半导体,99.91,-4.575,0.0
688046,药康生物,生物制药,35.06,-2.3942,0.0
688045,必易微,半导体,56.95,-5.9921,0.0
688041,海光信息,半导体,240.5,-3.1414,0.0
688039,当虹科技,软件服务,32.0,-2.5282,0.0
688038,中科通达,软件服务,19.15,-0.7772,0.0
688037,芯源微,半导体,340.18,-1.3914,0.0
688036,传音控股,通信设备,53.72,-2.185,0.0
688035,德邦科技,半导体,76.0,-3.234,0.0
688033,*ST天宜,电气设备,7.15,-4.7936,0.0
688032,禾迈股份,电气设备,66.42,-3.361,0.0
688031,星环科技,软件服务,89.45,-13.7416,0.0
688030,山石网科,软件服务,18.98,-0.1053,0.0
688029,南微医学,医疗保健,82.09,-0.8096,0.0
688028,沃尔德,机械基件,119.5,-2.5285,0.0
688027,国盾量子,通信设备,341.75,-6.1126,0.0
688026,洁特生物,医疗保健,25.24,-2.736,0.0
688025,杰普特,专用机械,397.02,-10.6997,0.0
688023,安恒信息,软件服务,48.01,0.2296,0.0
688022,ST瀚川,专用机械,8.77,-0.1139,0.0
688021,奥福科技,汽车配件,19.92,-1.4837,0.0
688020,方邦股份,元器件,136.28,-9.1769,0.0
688019,安集科技,半导体,214.9,-4.7682,0.0
688018,乐鑫科技,半导体,115.7,-2.4781,0.0
688017,绿的谐波,机械基件,274.62,-3.4184,0.0
688016,心脉医疗,医疗保健,84.33,-0.7999,0.0
688015,交控科技,运输设备,16.68,-1.6509,0.0
688013,天臣医疗,医疗保健,24.85,-1.4671,0.0
688012,中微公司,半导体,324.5,-4.3619,0.0
688011,新光光电,元器件,60.5,-8.8306,0.0
688010,福光股份,元器件,27.46,-6.1838,0.0
688009,中国通号,运输设备,4.66,0.431,0.0
688008,澜起科技,半导体,208.6,-2.7506,0.0
688007,光峰科技,元器件,10.62,-5.4319,0.0
688006,杭可科技,电气设备,19.88,-4.0541,0.0
688005,容百科技,电气设备,22.44,-3.8972,0.0
688004,博汇科技,软件服务,30.66,-7.4834,0.0
688003,天准科技,专用机械,74.69,-5.8134,0.0
688002,睿创微纳,通信设备,175.66,-1.7836,0.0
688001,华兴源创,专用机械,61.82,-8.5097,0.0
605599,菜百股份,服饰,13.31,-1.3343,0.0
605598,上海港湾,建筑工程,23.61,-3.8681,0.0
605589,圣泉集团,化工原料,36.07,-10.005,0.0
605588,冠石科技,元器件,44.92,-4.7094,0.0
605580,恒盛能源,供气供热,21.33,-2.5582,0.0
605577,龙版传媒,出版业,14.87,-9.9879,0.0
605567,春雪食品,食品,9.46,0.8529,0.0
605566,福莱蒽特,染料涂料,32.01,-2.468,0.0
605555,德昌股份,家用电器,12.75,1.8371,0.0
605507,国邦医药,化学制药,18.32,1.2155,0.0
605500,森林包装,造纸,7.37,0.6831,0.0
605499,东鹏饮料,软饮料,111.12,0.2617,0.0
605488,福莱新材,塑料,29.68,-7.8833,0.0
605399,晨光新材,化工原料,11.8,1.8119,0.0
605398,新炬网络,软件服务,22.19,-0.4933,0.0
605389,长龄液压,机械基件,61.31,-4.6501,0.0
605388,均瑶健康,乳制品,6.11,0.9917,0.0
605378,野马电池,电气设备,15.35,3.367,0.0
605377,华旺科技,造纸,7.85,-2.6055,0.0
605376,博迁新材,小金属,119.97,-9.8038,0.0
605369,拱东医疗,医疗保健,18.06,1.7465,0.0
605368,蓝天燃气,供气供热,6.64,-0.3003,0.0
605366,宏柏新材,化工原料,10.14,9.9783,0.0
605365,立达信,家用电器,14.67,-0.9453,0.0
605358,立昂微,半导体,45.67,-5.5234,0.0
605339,南侨食品,食品,13.28,1.0654,0.0
605338,巴比食品,食品,17.64,0.0567,0.0
605337,李子园,乳制品,9.04,0.333,0.0
605336,*ST帅电,家用电器,11.22,-3.5254,0.0
605333,沪光股份,汽车配件,16.4,-1.6197,0.0
605319,无锡振华,汽车配件,22.05,-1.0767,0.0
605318,法狮龙,其他建材,71.35,-6.6832,0.0
605305,中际联合,工程机械,29.88,-2.766,0.0
605303,园林股份,建筑工程,0.0,0.0,0.0
605300,佳禾食品,乳制品,10.18,-0.0981,0.0
605299,舒华体育,文教休闲,12.3,-2.5357,0.0
605298,必得科技,运输设备,42.15,-4.2916,0.0
605296,神农集团,农业综合,31.47,3.8614,0.0
605289,罗曼股份,建筑工程,95.0,-6.9084,0.0
605288,凯迪股份,电气设备,67.79,2.4173,0.0
605287,德才股份,装修装饰,32.88,-7.1711,0.0
605286,同力天启,运输设备,24.23,-2.8858,0.0
605277,新亚电子,元器件,16.67,-3.3063,0.0
605268,王力安防,家居用品,10.17,0.197,0.0
605266,健之佳,医药商业,15.8,0.7653,0.0
605259,绿田机械,农用机械,17.25,-1.0327,0.0
605258,协和电子,元器件,40.01,-2.6994,0.0
605255,天普股份,汽车配件,55.1,-5.1635,0.0
605228,神通科技,汽车配件,11.12,-0.2691,0.0
605222,起帆电缆,电气设备,21.52,-2.8004,0.0
605218,伟时电子,元器件,13.94,-3.9283,0.0
605208,永茂泰,铝,14.28,-3.055,0.0
605199,ST葫芦娃,中成药,5.7,-1.0417,0.0
605198,安德利,软饮料,59.71,-6.5717,0.0
605196,华通线缆,电气设备,33.92,-2.2478,0.0
605189,富春染织,纺织,13.85,-2.7388,0.0
605188,国光连锁,超市连锁,12.55,-1.2589,0.0
605186,健麾信息,专用机械,24.83,-4.9023,0.0
605183,确成股份,化工原料,16.24,-1.6354,0.0
605180,华生科技,纺织,14.12,-1.1204,0.0
605179,一鸣食品,乳制品,23.42,-3.9377,0.0
605178,时空科技,装修装饰,64.5,-7.5269,0.0
605177,东亚药业,化学制药,25.87,0.0387,0.0
605169,洪通燃气,供气供热,13.24,1.9246,0.0
605168,三人行,互联网,50.24,-5.3326,0.0
605167,利柏特,建筑工程,15.7,-4.2683,0.0
605166,聚合顺,化纤,8.45,-2.8736,0.0
605162,新中港,供气供热,12.06,0.083,0.0
605158,华达新材,钢加工,7.81,-0.8883,0.0
605155,西大门,家居用品,14.46,-1.4315,0.0
605151,西上海,汽车配件,18.7,0.0,0.0
605138,盛泰集团,服饰,6.1,-0.974,0.0
605136,丽人丽妆,其他商业,8.74,3.3097,0.0
605133,嵘泰股份,汽车配件,24.26,-1.3821,0.0
605128,上海沿浦,汽车配件,22.85,-3.219,0.0
605123,派克新材,航空,78.2,-2.25,0.0
605122,四方新材,水泥,12.26,-1.0492,0.0
605118,力鼎光电,元器件,31.75,-4.4826,0.0
605117,德业股份,电气设备,77.77,1.7,0.0
605116,奥锐特,化学制药,19.55,-0.2551,0.0
605111,新洁能,半导体,56.79,-4.8744,0.0
605108,同庆楼,酒店餐饮,12.05,-0.5776,0.0
605100,华丰股份,机械基件,33.55,-0.5926,0.0
605099,共创草坪,文教休闲,27.97,-2.2711,0.0
605098,行动教育,文教休闲,53.05,-0.6554,0.0
605090,九丰能源,供气供热,30.95,-1.4017,0.0
605089,味知香,食品,22.0,3.4807,0.0
605088,冠盛股份,汽车配件,24.44,-0.6504,0.0
605086,龙高股份,矿物制品,22.92,-2.6338,0.0
605080,浙江自然,文教休闲,23.68,1.5002,0.0
605077,华康股份,食品,11.46,0.0,0.0
605069,正和生态,环境保护,11.63,-3.8843,0.0
605068,明新旭腾,汽车配件,20.35,-2.1635,0.0
605066,天正电气,电气设备,6.59,-1.7884,0.0
605060,联德股份,机械基件,37.92,-3.7319,0.0
605058,澳弘电子,元器件,54.18,-10.0,0.0
605056,咸亨国际,电器仪表,13.49,-3.7116,0.0
605055,迎丰股份,纺织,8.69,-1.5855,0.0
605050,福然德,仓储物流,9.97,-0.8946,0.0
605033,美邦股份,农药化肥,19.45,-0.154,0.0
605028,世茂能源,供气供热,24.1,-0.6595,0.0
605020,永和股份,化工原料,30.15,-2.8673,0.0
605018,长华集团,汽车配件,12.08,-5.1805,0.0
605016,百龙创园,食品,21.03,-1.958,0.0
605011,杭州热电,供气供热,17.36,0.6377,0.0
605009,豪悦护理,造纸,25.05,0.6833,0.0
605008,长鸿高科,橡胶,13.75,-6.4626,0.0
605007,五洲特纸,造纸,14.52,-1.0899,0.0
605006,山东玻纤,玻璃,14.46,-8.7697,0.0
605005,合兴股份,汽车配件,16.0,-0.6828,0.0
605003,众望布艺,纺织,24.86,-1.9716,0.0
605001,威奥股份,运输设备,5.78,-1.0274,0.0
603999,读者传媒,出版业,6.35,-2.7565,0.0
603998,方盛制药,中成药,10.36,0.6803,0.0
603997,继峰股份,汽车配件,13.65,-3.3286,0.0
603995,甬金股份,特种钢,25.05,-1.0664,0.0
603993,洛阳钼业,小金属,16.83,-1.4637,0.0
603992,松霖科技,家居用品,19.37,-2.8586,0.0
603991,领先股份,半导体,172.0,-2.2116,0.0
603990,麦迪科技,软件服务,18.99,-0.6799,0.0
603989,艾华集团,元器件,28.04,-9.9839,0.0
603988,中电电机,电气设备,16.94,-4.1855,0.0
603987,康德莱,医疗保健,7.47,-0.4,0.0
603986,兆易创新,半导体,358.51,-6.5821,0.0
603985,恒润股份,电气设备,15.98,-4.597,0.0
603983,丸美生物,日用化工,30.1,-4.7167,0.0
603982,泉峰汽车,汽车配件,6.33,0.0,0.0
603980,吉华集团,染料涂料,8.04,-0.618,0.0
603979,金诚信,铜,71.11,-1.7139,0.0
603978,深圳新星,小金属,26.77,2.922,0.0
603977,国泰集团,化工原料,10.8,-2.7027,0.0
603976,正川股份,医疗保健,29.6,-5.4313,0.0
603970,中农立华,农药化肥,11.86,-2.5472,0.0
603969,银龙股份,其他建材,7.18,-2.71,0.0
603968,醋化股份,化工原料,11.63,10.0284,0.0
603967,中创物流,仓储物流,11.57,0.3469,0.0
603966,法兰泰克,专用机械,7.34,-2.6525,0.0
603960,克来机电,汽车配件,17.24,-3.5794,0.0
603959,ST百利,建筑工程,4.22,-2.0882,0.0
603958,哈森股份,服饰,18.0,-3.7433,0.0
603956,威派格,专用机械,6.78,-2.726,0.0
603955,大千生态,建筑工程,24.61,-4.3901,0.0
603950,长源东谷,汽车配件,52.5,-6.4171,0.0
603949,雪龙集团,汽车配件,18.59,10.0,0.0
603948,建业股份,化工原料,18.99,-1.8097,0.0
603939,益丰药房,医药商业,22.47,1.7663,0.0
603938,三孚股份,化工原料,44.06,-8.2657,0.0
603937,丽岛新材,铝,13.29,-1.9188,0.0
603936,博敏电子,元器件,19.51,-8.4467,0.0
603933,睿能科技,元器件,18.88,-2.328,0.0
603931,格林达,化工原料,33.94,-5.3805,0.0
603929,亚翔集成,装修装饰,143.65,-6.8418,0.0
603928,兴业股份,化工原料,11.93,-3.1656,0.0
603927,中科软,软件服务,13.43,-1.0317,0.0
603926,铁流股份,汽车配件,17.01,-2.8555,0.0
603922,ST金鸿顺,汽车配件,11.8,-2.7205,0.0
603920,世运电路,元器件,43.05,-5.3846,0.0
603919,金徽酒,白酒,15.77,-0.5047,0.0
603918,金桥信息,软件服务,10.26,-1.4409,0.0
603917,合力科技,汽车配件,14.03,-1.8881,0.0
603916,苏博特,化工原料,10.36,-1.5209,0.0
603915,国茂股份,机械基件,12.93,-2.7088,0.0
603912,佳力图,专用机械,9.04,-3.7274,0.0
603909,建发合诚,建筑工程,10.33,4.5547,0.0
603908,牧高笛,纺织,19.61,0.8226,0.0
603906,龙蟠科技,电气设备,16.85,-4.37,0.0
603903,中持股份,环境保护,13.91,-7.0808,0.0
603901,永创智能,专用机械,9.33,-1.7895,0.0
603900,莱绅通灵,服饰,6.21,-2.3585,0.0
603899,晨光股份,文教休闲,21.79,-0.5023,0.0
603898,好莱客,家居用品,11.45,-2.9661,0.0
603897,长城科技,电气设备,28.38,-4.4766,0.0
603896,寿仙谷,中成药,14.79,1.9297,0.0
603895,天永智能,专用机械,25.91,0.1546,0.0
603893,瑞芯微,半导体,211.28,-3.5471,0.0
603890,春秋电子,元器件,14.92,-6.6917,0.0
603889,新澳股份,纺织,5.95,-1.3267,0.0
603888,新华网,互联网,16.97,-3.4699,0.0
603887,城地香江,软件服务,8.35,-3.4682,0.0
603886,元祖股份,食品,12.47,-0.24,0.0
603885,吉祥航空,空运,9.77,-1.4127,0.0
603883,老百姓,医药商业,13.01,0.4633,0.0
603882,金域医学,医疗保健,29.01,-1.293,0.0
603881,数据港,软件服务,23.13,-3.4238,0.0
603880,南卫股份,医疗保健,8.72,-4.386,0.0
603879,永悦科技,化工原料,4.89,-0.2041,0.0
603878,武进不锈,钢加工,4.83,-0.6173,0.0
603877,太平鸟,服饰,11.73,-1.0127,0.0
603876,鼎胜新材,铝,16.91,-5.7414,0.0
603871,嘉友国际,仓储物流,11.96,-0.9114,0.0
603869,ST智知,软件服务,8.37,-1.7606,0.0
603868,飞科电器,家用电器,30.93,-0.2258,0.0
603867,新化股份,化工原料,33.29,-4.8041,0.0
603866,桃李面包,食品,4.19,0.9639,0.0
603863,松炀资源,造纸,11.79,-4.3796,0.0
603861,白云电器,电气设备,10.71,-2.1918,0.0
603860,中公高科,建筑工程,26.28,-0.4168,0.0
603859,能科科技,软件服务,38.38,-4.3608,0.0
603858,步长制药,中成药,14.47,-0.3444,0.0
603856,东宏股份,塑料,11.62,-0.8532,0.0
603855,华荣股份,专用机械,17.06,0.7084,0.0
603848,好太太,家居用品,13.22,-0.7508,0.0
603843,*ST正平,建筑工程,6.04,-4.5814,0.0
603839,安正时尚,服饰,6.83,-1.0145,0.0
603838,*ST四通,家居用品,12.79,-3.3988,0.0
603836,海程邦达,仓储物流,9.48,-0.2105,0.0
603833,欧派家居,家居用品,29.72,1.2262,0.0
603829,洛凯股份,电气设备,15.3,-1.9231,0.0
603828,*ST利达,装修装饰,6.14,0.6557,0.0
603826,坤彩科技,染料涂料,15.41,-9.4595,0.0
603825,ST华扬,互联网,7.54,-3.4571,0.0
603823,百合花,染料涂料,47.43,4.4254,0.0
603822,ST嘉澳,化工原料,62.93,0.817,0.0
603819,神力股份,电气设备,16.77,0.0597,0.0
603818,曲美家居,家居用品,3.95,1.8041,0.0
603817,海峡环保,环境保护,5.77,-6.3312,0.0
603816,顾家家居,家居用品,22.25,-1.3304,0.0
603815,交建股份,建筑工程,5.04,-0.9823,0.0
603813,原尚股份,公路,25.89,-3.1063,0.0
603811,诚意药业,化学制药,6.89,0.2911,0.0
603810,丰山集团,农药化肥,11.96,-0.4163,0.0
603809,豪能股份,汽车配件,8.5,-1.5064,0.0
603808,歌力思,服饰,8.87,-0.8939,0.0
603806,福斯特,塑料,13.7,-1.4388,0.0
603803,瑞斯康达,通信设备,11.11,-9.9676,0.0
603801,志邦家居,家居用品,6.11,-1.4516,0.0
603800,洪田股份,专用机械,54.0,-7.8341,0.0
603799,华友钴业,小金属,34.14,-3.6138,0.0
603798,康普顿,石油加工,14.31,3.5456,0.0
603797,联泰环保,环境保护,5.2,6.1224,0.0
603790,雅运股份,染料涂料,24.87,-2.3557,0.0
603789,ST星农,农用机械,5.9,0.8547,0.0
603788,宁波高发,汽车配件,13.64,-0.7278,0.0
603787,新日股份,摩托车,10.4,-0.5736,0.0
603786,科博达,汽车配件,36.8,-1.9451,0.0
603779,威龙股份,红黄酒,8.12,-0.3681,0.0
603778,国晟科技,电气设备,8.1,-3.11,0.0
603777,来伊份,食品,13.59,-5.0314,0.0
603776,永安行,公共交通,20.71,-2.0804,0.0
603773,沃格光电,元器件,99.99,2.3439,0.0
603768,常青股份,汽车配件,11.6,0.2593,0.0
603767,中马传动,汽车配件,15.01,1.8318,0.0
603766,隆鑫通用,摩托车,14.52,-0.2062,0.0
603759,海天股份,水务,7.9,1.1524,0.0
603758,秦安股份,汽车配件,10.74,-1.5582,0.0
603757,大元泵业,机械基件,66.03,-2.9684,0.0
603755,日辰股份,食品,26.0,3.0928,0.0
603739,蔚蓝生物,农业综合,12.75,-0.7782,0.0
603738,泰晶科技,元器件,34.02,-10.0,0.0
603737,三棵树,染料涂料,20.73,-3.5814,0.0
603733,仙鹤股份,造纸,18.3,-3.0207,0.0
603730,岱美股份,汽车配件,9.33,-6.9791,0.0
603729,ST龙韵,广告包装,12.26,-1.9984,0.0
603728,鸣志电器,电气设备,52.25,2.3106,0.0
603727,博迈科,石油开采,19.18,5.1535,0.0
603726,朗迪集团,家用电器,23.55,-3.4044,0.0
603725,天安新材,塑料,11.33,-0.5268,0.0
603722,阿科力,化工原料,28.49,-3.9771,0.0
603721,中广天择,影视音像,18.31,0.6597,0.0
603719,良品铺子,食品,9.07,0.0,0.0
603718,*ST海利,医疗保健,3.06,-0.3257,0.0
603717,天域生物,农业综合,5.86,-1.1804,0.0
603716,塞力医疗,医药商业,16.76,-2.9531,0.0
603713,密尔克卫,仓储物流,66.9,-3.644,0.0
603712,七一二,通信设备,11.21,-1.7528,0.0
603711,香飘飘,软饮料,11.72,-0.1704,0.0
603709,中源家居,家居用品,12.85,0.3123,0.0
603708,家家悦,超市连锁,8.88,0.339,0.0
603707,健友股份,生物制药,7.91,2.7273,0.0
603706,东方环宇,供气供热,17.04,-0.4673,0.0
603703,盛洋科技,元器件,9.75,-4.6921,0.0
603701,德宏股份,汽车配件,18.14,-3.5619,0.0
603700,宁水集团,电器仪表,11.51,-3.0329,0.0
603699,纽威股份,机械基件,42.8,0.7059,0.0
603698,航天工程,专用机械,20.31,-3.0549,0.0
603697,有友食品,食品,9.48,4.5204,0.0
603696,安记食品,食品,13.44,-4.2053,0.0
603693,江苏新能,新型电力,12.05,4.8738,0.0
603690,至纯科技,半导体,23.05,-5.144,0.0
603689,皖天然气,供气供热,7.57,-0.1319,0.0
603688,石英股份,矿物制品,44.35,-7.9685,0.0
603687,大胜达,广告包装,14.13,-5.6112,0.0
603686,福龙马,环境保护,14.35,-3.1714,0.0
603685,晨丰科技,电气设备,25.3,-1.9,0.0
603683,晶华新材,化工原料,15.27,-5.6825,0.0
603682,锦和商管,房产服务,9.31,-3.5233,0.0
603681,永冠新材,化工原料,18.67,-5.9919,0.0
603680,今创集团,运输设备,9.9,-0.9009,0.0
603679,华体科技,电气设备,22.55,-0.2654,0.0
603678,火炬电子,元器件,43.45,-9.5734,0.0
603677,奇精机械,家用电器,14.55,0.7618,0.0
603676,卫信康,化学制药,8.88,0.339,0.0
603669,灵康药业,化学制药,5.9,0.0,0.0
603668,天马科技,饲料,12.02,-1.3136,0.0
603667,五洲新春,机械基件,49.42,-2.4284,0.0
603666,亿嘉和,专用机械,26.24,-3.2448,0.0
603665,康隆达,服饰,22.83,2.0563,0.0
603663,三祥新材,小金属,43.38,-10.0,0.0
603662,柯力传感,电器仪表,48.19,-2.2713,0.0
603661,恒林股份,家居用品,33.37,-3.8051,0.0
603660,苏州科达,IT设备,9.27,-3.8382,0.0
603659,璞泰来,化工原料,20.8,-3.2558,0.0
603658,安图生物,医疗保健,34.13,1.4264,0.0
603657,春光科技,家用电器,36.22,1.4566,0.0
603656,泰禾智能,专用机械,17.35,-1.1959,0.0
603655,朗博科技,汽车配件,31.71,-2.9088,0.0
603650,彤程新材,化工原料,65.5,-4.6302,0.0
603648,畅联股份,仓储物流,9.6,-1.0309,0.0
603639,海利尔,农药化肥,10.38,-0.2882,0.0
603638,艾迪精密,专用机械,19.2,-0.7239,0.0
603637,镇海股份,建筑工程,13.54,-3.8352,0.0
603636,南威软件,软件服务,7.15,-9.9496,0.0
603633,徕木股份,汽车配件,6.16,-2.2222,0.0
603630,拉芳家化,日用化工,14.15,-0.0706,0.0
603629,利通电子,元器件,98.77,-6.724,0.0
603628,清源股份,电气设备,10.46,1.2585,0.0
603626,科森科技,元器件,22.5,-0.0444,0.0
603619,中曼石油,石油开采,21.11,-1.1241,0.0
603618,杭电股份,电气设备,33.29,-8.4182,0.0
603617,君禾股份,机械基件,6.77,-0.2946,0.0
603616,韩建河山,水泥,5.57,-0.5357,0.0
603615,茶花股份,家居用品,18.47,-1.8597,0.0
603613,国联股份,互联网,19.15,-2.5941,0.0
603612,索通发展,矿物制品,15.61,-2.9832,0.0
603611,诺力股份,专用机械,15.41,-1.6592,0.0
603610,麒盛科技,家居用品,13.08,-4.5952,0.0
603609,禾丰股份,饲料,6.22,0.0,0.0
603608,天创时尚,服饰,19.27,-5.2606,0.0
603607,京华激光,造纸,22.87,-1.7612,0.0
603606,东方电缆,电气设备,35.41,-0.4218,0.0
603605,珀莱雅,日用化工,54.68,-3.1355,0.0
603602,纵横通信,通信设备,11.55,-0.6879,0.0
603601,再升科技,玻璃,10.16,-4.0604,0.0
603600,永艺股份,家居用品,10.25,-0.6783,0.0
603599,广信股份,农药化肥,10.21,-1.3527,0.0
603598,引力传媒,互联网,17.39,-4.7645,0.0
603596,伯特利,汽车配件,28.0,-1.9264,0.0
603595,ST东尼,元器件,30.6,-5.9908,0.0
603590,康辰药业,生物制药,29.16,-0.7488,0.0
603589,口子窖,白酒,17.42,-0.9101,0.0
603588,高能环境,环境保护,16.47,-4.3554,0.0
603587,地素时尚,服饰,12.35,0.4882,0.0
603586,金麒麟,汽车配件,13.95,2.1978,0.0
603585,苏利股份,农药化肥,10.37,0.0965,0.0
603583,捷昌驱动,电气设备,28.07,-0.0356,0.0
603580,艾艾精工,塑料,79.25,0.6477,0.0
603579,荣泰健康,家用电器,18.0,-1.8003,0.0
603578,三星新材,家用电器,13.8,-0.2169,0.0
603577,汇金通,电气设备,9.7,0.0,0.0
603569,长久物流,公路,5.76,-0.8606,0.0
603568,伟明环保,环境保护,13.36,0.0,0.0
603567,珍宝岛,中成药,5.16,-0.1934,0.0
603566,普莱柯,农业综合,10.14,-0.4907,0.0
603565,中谷物流,水运,11.48,-1.7964,0.0
603559,中通国脉,通信设备,8.88,-2.3102,0.0
603558,健盛集团,纺织,12.99,-2.4042,0.0
603557,*ST起步,服饰,2.99,-4.7771,0.0
603556,海兴电力,电器仪表,22.44,-1.0582,0.0
603551,奥普科技,家居用品,9.25,-0.8574,0.0
603538,美诺华,化学制药,26.13,-2.3543,0.0
603536,惠发食品,食品,10.08,1.7154,0.0
603535,嘉诚国际,仓储物流,6.11,-1.6103,0.0
603533,掌阅科技,互联网,21.5,-3.8891,0.0
603530,神马电力,电气设备,42.6,-4.9319,0.0
603529,爱玛科技,摩托车,21.12,1.1494,0.0
603528,多伦科技,软件服务,6.43,-1.0769,0.0
603527,众源新材,铜,9.45,-2.0725,0.0
603520,司太立,化学制药,8.42,-0.5903,0.0
603519,立霸股份,家用电器,16.9,-3.868,0.0
603518,锦泓集团,服饰,7.85,1.6839,0.0
603517,ST绝味,食品,11.02,-3.5871,0.0
603516,淳中科技,IT设备,78.6,-4.9347,0.0
603515,欧普照明,家用电器,14.44,-1.0959,0.0
603511,爱慕股份,服饰,12.83,0.4699,0.0
603508,思维列控,IT设备,20.48,-1.0628,0.0
603507,振江股份,电气设备,27.12,1.3832,0.0
603506,南都物业,房产服务,12.21,1.0762,0.0
603505,金石资源,化工原料,14.36,-3.6888,0.0
603501,豪威集团,半导体,80.75,-0.7985,0.0
603500,祥和实业,运输设备,9.99,-4.1267,0.0
603499,翔港科技,广告包装,12.78,-3.0349,0.0
603496,恒为科技,IT设备,21.98,-2.6572,0.0
603489,八方股份,电气设备,29.35,-0.945,0.0
603488,展鹏科技,运输设备,7.68,-2.9077,0.0
603486,科沃斯,家用电器,50.4,0.1391,0.0
603477,巨星农牧,农业综合,13.94,0.36,0.0
603466,风语筑,文教休闲,11.52,-4.872,0.0
603458,勘设股份,建筑工程,10.52,-2.6827,0.0
603456,九洲药业,医疗保健,16.42,1.1084,0.0
603444,吉比特,互联网,336.03,-1.7456,0.0
603439,三力制药,中成药,13.44,-0.2967,0.0
603429,*ST集友,广告包装,8.88,2.069,0.0
603421,鼎信通讯,通信设备,6.18,-3.1348,0.0
603418,友升股份,汽车配件,48.75,8.0692,0.0
603416,信捷电气,电器仪表,45.5,-1.8762,0.0
603409,汇通控股,汽车配件,17.57,-2.3346,0.0
603408,建霖家居,家居用品,11.6,-0.7699,0.0
603406,天富龙,化纤,27.69,-0.7882,0.0
603402,陕西旅游,旅游景点,59.5,-1.8961,0.0
603400,华之杰,机械基件,0.0,0.0,0.0
603399,永杉锂业,小金属,12.68,-4.0847,0.0
603398,*ST沐邦,电气设备,8.24,-5.8286,0.0
603396,金辰股份,专用机械,39.2,9.9888,0.0
603395,红四方,农药化肥,25.1,-3.4987,0.0
603393,新天然气,石油开采,24.89,0.4845,0.0
603392,万泰生物,生物制药,26.69,1.1751,0.0
603391,力聚热能,专用机械,68.94,0.937,0.0
603390,通达电气,汽车配件,10.72,2.2901,0.0
603389,亚振家居,家居用品,42.63,-2.7157,0.0
603387,基蛋生物,医疗保健,9.91,0.9165,0.0
603386,骏亚科技,元器件,17.38,-5.9015,0.0
603385,惠达卫浴,家居用品,5.63,-1.0545,0.0
603383,顶点软件,软件服务,26.61,-0.82,0.0
603382,海阳科技,化纤,19.05,-0.5741,0.0
603381,永臻股份,电气设备,14.62,-1.4825,0.0
603380,易德龙,元器件,32.25,-5.7844,0.0
603379,三美股份,化工原料,49.7,-0.6596,0.0
603378,*ST亚士,染料涂料,4.62,-1.9108,0.0
603377,ST东时,汽车服务,3.06,-4.0752,0.0
603376,大明电子,汽车配件,26.44,-2.1103,0.0
603375,盛景微,半导体,48.59,-1.3401,0.0
603373,安邦护卫,仓储物流,52.7,3.7402,0.0
603370,华新精科,电气设备,27.35,-2.2167,0.0
603369,今世缘,白酒,26.64,-1.0401,0.0
603368,柳药集团,医药商业,15.12,-0.3296,0.0
603367,辰欣药业,化学制药,14.24,-0.2801,0.0
603366,日出东方,家用电器,7.29,-0.137,0.0
603365,水星家纺,纺织,15.99,-0.5597,0.0
603363,傲农生物,饲料,2.79,-0.3571,0.0
603360,百傲化学,农药化肥,12.03,-4.1434,0.0
603359,*ST东珠,建筑工程,2.1,-2.3256,0.0
603358,华达科技,汽车配件,43.04,-3.7782,0.0
603357,设计总院,建筑工程,5.92,-0.5042,0.0
603356,华菱精工,运输设备,16.56,-3.2145,0.0
603355,莱克电气,家用电器,30.27,-2.6688,0.0
603353,和顺石油,石油贸易,41.63,-5.7505,0.0
603352,至信股份,汽车配件,25.1,-2.0297,0.0
603351,威尔药业,化学制药,27.0,-0.5891,0.0
603350,安乃达,电气设备,28.42,0.3886,0.0
603348,文灿股份,汽车配件,14.55,0.4834,0.0
603345,安井食品,食品,77.24,0.403,0.0
603344,星德胜,电气设备,22.16,-0.8945,0.0
603341,龙旗科技,通信设备,35.72,-4.3129,0.0
603339,四方科技,专用机械,12.17,-1.0569,0.0
603338,浙江鼎力,工程机械,52.14,-1.2126,0.0
603337,杰克科技,纺织机械,35.8,-3.3477,0.0
603336,宏辉果蔬,农业综合,9.98,-3.1068,0.0
603335,迪生力,汽车配件,6.04,-1.4682,0.0
603334,丰倍生物,化工原料,31.89,-0.5923,0.0
603333,福华尚纬,电气设备,8.88,-4.721,0.0
603332,苏州龙杰,化纤,11.95,-0.665,0.0
603331,百达精工,专用机械,12.3,-1.2841,0.0
603330,天洋新材,塑料,9.41,-4.0775,0.0
603329,上海雅仕,仓储物流,10.24,0.3922,0.0
603328,依顿电子,元器件,13.13,-7.9243,0.0
603327,福蓉科技,元器件,8.03,-2.9021,0.0
603326,我乐家居,家居用品,7.59,0.3968,0.0
603325,博隆技术,化工机械,52.15,-1.3805,0.0
603324,盛剑科技,环境保护,25.25,-4.7529,0.0
603323,苏农银行,银行,4.43,0.4535,0.0
603322,超讯科技,通信设备,26.45,-9.169,0.0
603321,梅轮电梯,运输设备,7.27,0.5533,0.0
603320,迪贝电气,电气设备,17.8,-1.766,0.0
603319,美湖股份,汽车配件,28.79,-6.6775,0.0
603318,水发燃气,供气供热,8.62,-2.7088,0.0
603317,天味食品,食品,12.59,-0.5529,0.0
603316,诚邦股份,建筑工程,15.9,-6.9631,0.0
603315,福鞍股份,环境保护,10.66,-1.4787,0.0
603313,梦百合,家居用品,6.25,-2.7994,0.0
603312,西典新能,电气设备,32.96,3.6804,0.0
603311,金海高科,家用电器,25.71,-0.6952,0.0
603310,巍华新材,化工原料,14.41,-2.2388,0.0
603309,维力医疗,医疗保健,11.12,0.4517,0.0
603308,应流股份,机械基件,36.56,-6.1361,0.0
603307,扬州金泉,文教休闲,26.13,-0.2672,0.0
603306,华懋科技,汽车配件,73.95,-7.47,0.0
603305,旭升集团,汽车配件,11.1,-0.6267,0.0
603303,得邦照明,家用电器,27.96,-4.671,0.0
603301,振德医疗,医疗保健,74.81,-4.6764,0.0
603300,海南华铁,多元金融,4.49,-1.3187,0.0
603299,苏盐井神,食品,8.6,-0.463,0.0
603298,杭叉集团,工程机械,21.76,-4.2254,0.0
603297,永新光学,元器件,108.25,-4.4741,0.0
603296,华勤技术,元器件,74.84,-5.3975,0.0
603291,联合水务,水务,8.61,-1.2615,0.0
603290,斯达半导,半导体,82.81,-3.6533,0.0
603289,泰瑞机器,专用机械,11.17,2.7599,0.0
603288,海天味业,食品,32.93,-2.9472,0.0
603286,日盈电子,汽车配件,43.9,-4.6895,0.0
603285,键邦股份,化工原料,35.76,-2.8525,0.0
603283,赛腾股份,专用机械,42.91,-6.7579,0.0
603282,亚光股份,专用机械,17.13,-1.6648,0.0
603281,江瀚新材,化工原料,18.09,-4.5886,0.0
603280,南方路机,工程机械,27.41,-3.1791,0.0
603279,景津装备,环境保护,10.79,-1.8198,0.0
603278,大业股份,钢加工,10.78,10.0,0.0
603277,银都股份,专用机械,11.24,0.0,0.0
603276,恒兴新材,化工原料,17.38,-2.9592,0.0
603275,众辰科技,电器仪表,36.85,-1.1004,0.0
603273,天元智能,专用机械,14.58,-1.553,0.0
603272,*ST联翔,家居用品,16.15,-3.9262,0.0
603271,永杰新材,铝,38.18,-1.9013,0.0
603270,金帝股份,机械基件,32.84,-8.037,0.0
603269,海鸥股份,机械基件,23.71,-8.9128,0.0
603268,松发股份,船舶,211.95,-1.8296,0.0
603267,鸿远电子,元器件,46.99,-7.0241,0.0
603266,天龙股份,汽车配件,18.38,1.7719,0.0
603262,技源集团,食品,17.41,-2.9002,0.0
603261,立航科技,航空,49.5,-6.6038,0.0
603260,合盛硅业,化工原料,30.91,-2.9513,0.0
603259,药明康德,化学制药,161.8,-0.3695,0.0
603258,电魂网络,互联网,13.72,-1.4368,0.0
603257,中国瑞林,建筑工程,66.0,-1.36,0.0
603256,宏和科技,玻璃,140.55,-7.5329,0.0
603255,鼎际得,化工原料,31.24,-4.0835,0.0
603248,锡华科技,机械基件,23.2,2.9281,0.0
603239,浙江仙通,汽车配件,13.75,-1.7857,0.0
603238,诺邦股份,纺织,12.68,-0.86,0.0
603237,五芳斋,食品,15.27,1.1258,0.0
603236,移远通信,通信设备,71.45,-1.6924,0.0
603235,天新药业,化学制药,25.2,0.1192,0.0
603233,大参林,医药商业,17.77,1.2536,0.0
603232,格尔软件,软件服务,15.96,0.1883,0.0
603231,索宝蛋白,食品,17.12,-0.2331,0.0
603230,内蒙新华,出版业,16.62,-10.0162,0.0
603229,奥翔药业,化学制药,8.17,0.2454,0.0
603228,景旺电子,元器件,95.0,-8.2569,0.0
603227,雪峰科技,化工原料,7.36,-0.5405,0.0
603226,菲林格尔,家居用品,28.88,-6.8387,0.0
603225,新凤鸣,化纤,17.11,0.2343,0.0
603223,恒通股份,公路,9.45,-4.5455,0.0
603222,济民健康,医疗保健,8.01,-3.1439,0.0
603221,爱丽家居,家居用品,27.72,-10.0,0.0
603220,中贝通信,通信设备,16.99,-6.5457,0.0
603219,富佳股份,家用电器,12.91,1.2549,0.0
603218,日月股份,电气设备,9.38,0.7519,0.0
603217,元利科技,化工原料,26.93,-4.1978,0.0
603216,梦天家居,家居用品,21.88,-6.175,0.0
603215,比依股份,家用电器,15.64,0.7083,0.0
603214,爱婴室,百货,13.6,0.7407,0.0
603213,镇洋发展,化工原料,13.58,-0.2937,0.0
603212,赛伍技术,塑料,11.66,0.6908,0.0
603211,晋拓股份,汽车配件,18.96,-4.1456,0.0
603210,泰鸿万立,汽车配件,13.36,-0.2985,0.0
603209,兴通股份,水运,14.79,0.6122,0.0
603208,江山欧派,家居用品,11.25,-0.7937,0.0
603207,小方制药,化学制药,24.35,0.4124,0.0
603206,嘉环科技,通信设备,13.46,-2.6753,0.0
603205,健尔康,医疗保健,21.25,-1.4835,0.0
603203,快克智能,专用机械,43.11,-8.4713,0.0
603202,天有为,汽车配件,50.5,-2.472,0.0
603201,常润股份,汽车配件,15.22,-2.5608,0.0
603200,上海洗霸,环境保护,36.97,-3.523,0.0
603199,九华旅游,旅游景点,31.84,-1.4241,0.0
603198,迎驾贡酒,白酒,37.1,-0.2688,0.0
603197,保隆科技,汽车配件,29.06,-1.0218,0.0
603196,璞源材料,服饰,17.82,-3.6236,0.0
603195,公牛集团,家用电器,37.52,-0.9765,0.0
603194,中力股份,工程机械,32.95,-1.2586,0.0
603193,润本股份,日用化工,20.2,0.0991,0.0
603192,汇得科技,化工原料,20.18,-4.2694,0.0
603191,望变电气,电气设备,12.99,-1.8882,0.0
603190,亚通精工,汽车配件,16.19,-0.3692,0.0
603189,*ST网达,软件服务,9.46,-1.7653,0.0
603188,亚邦股份,染料涂料,4.46,-0.8889,0.0
603187,海容冷链,机械基件,10.53,-1.1268,0.0
603186,华正新材,元器件,204.6,-4.0788,0.0
603185,弘元绿能,电气设备,13.65,-1.9397,0.0
603183,建研院,建筑工程,5.13,4.2683,0.0
603182,嘉华股份,食品,13.57,0.3698,0.0
603181,皇马科技,化工原料,12.12,-3.4263,0.0
603180,金牌家居,家居用品,15.58,-1.5793,0.0
603179,新泉股份,汽车配件,40.7,-1.4289,0.0
603178,圣龙股份,汽车配件,16.24,2.4606,0.0
603177,德创环保,环境保护,10.96,-1.3501,0.0
603176,汇通集团,建筑工程,5.17,-2.2684,0.0
603175,超颖电子,元器件,104.38,-5.4443,0.0
603173,福斯达,机械基件,28.7,-2.6459,0.0
603172,万丰股份,染料涂料,19.46,-0.6636,0.0
603171,税友股份,软件服务,39.31,-1.7741,0.0
603170,宝立食品,食品,13.09,6.25,0.0
603169,兰石重装,专用机械,5.85,-2.8239,0.0
603168,莎普爱思,化学制药,5.91,1.0256,0.0
603167,渤海轮渡,水运,7.97,-1.1166,0.0
603166,福达股份,汽车配件,10.75,-2.1838,0.0
603165,荣晟环保,造纸,13.33,-0.8185,0.0
603163,圣晖集成,建筑工程,75.62,-7.7805,0.0
603162,海通发展,水运,13.02,-3.0529,0.0
603161,科华控股,汽车配件,14.74,-1.9295,0.0
603160,汇顶科技,半导体,53.72,-1.25,0.0
603159,上海亚虹,专用机械,22.1,-4.0382,0.0
603158,腾龙股份,汽车配件,10.15,-3.4253,0.0
603156,养元饮品,软饮料,42.9,-2.2779,0.0
603155,新亚强,化工原料,14.26,-6.4918,0.0
603153,上海建科,建筑工程,13.29,0.0753,0.0
603151,邦基科技,饲料,18.66,1.8559,0.0
603150,万朗磁塑,塑料,65.25,-8.2794,0.0
603139,康惠股份,中成药,35.02,-3.5262,0.0
603138,海量数据,软件服务,15.4,4.5485,0.0
603137,恒尚节能,装修装饰,18.39,-6.3169,0.0
603136,天目湖,旅游景点,9.11,0.441,0.0
603135,中重科技,专用机械,8.56,-2.2831,0.0
603132,金徽股份,铅锌,17.26,-3.7368,0.0
603131,上海沪工,专用机械,13.7,-2.0729,0.0
603130,云中马,纺织,38.33,-0.9049,0.0
603129,春风动力,摩托车,279.1,-4.0069,0.0
603128,华贸物流,仓储物流,5.31,0.1887,0.0
603127,昭衍新药,医疗保健,45.44,-2.0479,0.0
603126,中材节能,环境保护,6.22,-1.7378,0.0
603125,常青科技,化工原料,21.1,-9.9829,0.0
603124,江南新材,铜,118.64,-9.9985,0.0
603123,翠微股份,多元金融,9.21,-1.7076,0.0
603122,合富中国,医药商业,14.61,-2.1433,0.0
603121,华培动力,汽车配件,12.6,-4.1096,0.0
603120,肯特催化,化工原料,58.0,-3.1234,0.0
603119,浙江荣泰,汽车配件,53.98,-4.3247,0.0
603118,共进股份,通信设备,16.49,-7.1509,0.0
603117,万林物流,仓储物流,3.98,0.7595,0.0
603116,红蜻蜓,服饰,7.26,1.3966,0.0
603115,海星股份,铝,71.46,-10.0,0.0
603113,金能科技,化工原料,4.82,-0.207,0.0
603112,华翔股份,机械基件,16.61,-5.41,0.0
603111,康尼机电,运输设备,6.11,0.3284,0.0
603110,东方材料,染料涂料,23.93,-5.1526,0.0
603109,神驰机电,电气设备,17.49,-1.298,0.0
603108,润达医疗,医药商业,9.8,-1.8036,0.0
603107,上海汽配,汽车配件,12.31,1.904,0.0
603106,恒银科技,IT设备,7.18,-1.1019,0.0
603105,芯能科技,电气设备,8.94,2.9954,0.0
603103,横店影视,影视音像,15.82,-1.1868,0.0
603102,百合股份,医疗保健,36.93,-1.52,0.0
603101,汇嘉时代,百货,7.3,0.551,0.0
603100,川仪股份,电器仪表,18.45,-0.5391,0.0
603099,长白山,旅游景点,40.6,-2.7778,0.0
603098,森特股份,装修装饰,10.53,-1.7724,0.0
603097,江苏华辰,电气设备,17.78,-3.5792,0.0
603096,新经典,出版业,16.05,0.5639,0.0
603095,越剑智能,纺织机械,14.27,-1.1088,0.0
603093,南华期货,多元金融,13.4,0.0,0.0
603092,德力佳,机械基件,48.34,5.4308,0.0
603091,众鑫股份,家居用品,45.12,-2.8215,0.0
603090,宏盛股份,专用机械,36.32,-4.0929,0.0
603089,正裕工业,汽车配件,9.49,-1.3514,0.0
603088,宁波精达,机床制造,9.74,-4.0394,0.0
603087,甘李药业,生物制药,73.96,0.7081,0.0
603086,先达股份,农药化肥,5.78,-0.8576,0.0
603085,天成自控,汽车配件,9.69,-0.5133,0.0
603083,剑桥科技,通信设备,197.37,-5.8484,0.0
603082,北自科技,运输设备,42.73,-8.5794,0.0
603081,大丰实业,专用机械,9.38,-0.2128,0.0
603080,新疆火炬,供气供热,19.62,-0.9091,0.0
603079,圣达生物,食品,13.0,-0.8391,0.0
603078,江化微,半导体,30.14,-5.6946,0.0
603077,和邦生物,化工原料,2.16,-2.7027,0.0
603076,乐惠国际,专用机械,20.16,-0.2474,0.0
603075,热威股份,家用电器,20.03,-0.5955,0.0
603073,彩蝶实业,纺织,19.72,4.4492,0.0
603072,天和磁材,矿物制品,29.73,-2.6204,0.0
603071,物产环能,批发业,12.4,0.5677,0.0
603070,万控智造,电气设备,11.27,-1.3135,0.0
603069,海汽集团,公共交通,12.88,-4.0953,0.0
603068,博通集成,半导体,46.05,-5.0711,0.0
603067,振华股份,化工原料,39.69,-2.9347,0.0
603066,音飞储存,仓储物流,9.18,-1.8182,0.0
603065,宿迁联盛,化工原料,15.12,-7.0682,0.0
603063,禾望电气,电气设备,27.17,-6.5681,0.0
603062,麦加芯彩,染料涂料,36.75,-2.6232,0.0
603061,金海通,半导体,316.2,-5.2868,0.0
603060,国检集团,建筑工程,5.66,3.8532,0.0
603059,倍加洁,日用化工,25.9,1.1719,0.0
603058,永吉股份,广告包装,8.57,-3.491,0.0
603057,紫燕食品,食品,17.19,-2.7165,0.0
603055,台华新材,纺织,9.14,-3.8906,0.0
603053,成都燃气,供气供热,8.61,-0.4624,0.0
603052,可川科技,元器件,52.61,-10.0068,0.0
603051,鹿山新材,塑料,24.09,-4.4806,0.0
603050,科林电气,电气设备,16.51,-1.9014,0.0
603049,中策橡胶,汽车配件,44.2,-0.7411,0.0
603048,浙江黎明,汽车配件,24.75,-3.9208,0.0
603045,福达合金,小金属,45.65,-6.0119,0.0
603043,广州酒家,食品,13.04,1.2422,0.0
603042,华脉科技,通信设备,16.86,-9.984,0.0
603041,美思德,化工原料,11.56,-1.281,0.0
603040,新坐标,汽车配件,44.83,-5.0212,0.0
603039,泛微网络,软件服务,34.45,-3.4473,0.0
603038,华立股份,家居用品,15.54,-7.2239,0.0
603037,凯众股份,汽车配件,10.02,-1.9569,0.0
603036,如通股份,专用机械,13.56,-0.8772,0.0
603035,常熟汽饰,汽车配件,10.47,-0.6641,0.0
603033,三维股份,橡胶,7.53,-4.3202,0.0
603032,德新科技,专用机械,17.41,-4.6027,0.0
603031,安孚科技,电气设备,36.77,-7.0056,0.0
603030,全筑股份,装修装饰,2.02,-0.9804,0.0
603029,天鹅股份,农用机械,16.61,0.4232,0.0
603028,赛福天,钢加工,7.18,-0.9655,0.0
603027,千禾味业,食品,7.17,-0.2782,0.0
603026,石大胜华,化工原料,55.34,-3.8234,0.0
603025,大豪科技,纺织机械,12.83,-3.3157,0.0
603023,威帝股份,汽车配件,3.99,-0.9926,0.0
603022,新通联,广告包装,8.95,0.0,0.0
603021,*ST华鹏,家居用品,4.93,-5.0096,0.0
603020,爱普股份,食品,12.35,-4.1149,0.0
603019,中科曙光,IT设备,80.02,-2.6165,0.0
603018,华设集团,建筑工程,5.16,0.1942,0.0
603017,中衡设计,建筑工程,9.88,-0.7035,0.0
603016,新宏泰,电气设备,32.39,-0.3998,0.0
603015,弘讯科技,电气设备,10.28,-2.4668,0.0
603014,威高血净,医疗保健,31.05,-0.321,0.0
603013,亚普股份,汽车配件,13.96,-1.9663,0.0
603012,创力集团,专用机械,8.51,-2.1839,0.0
603011,合锻智能,专用机械,23.94,-7.8876,0.0
603010,万盛股份,化工原料,12.1,-4.1964,0.0
603009,北特科技,汽车配件,45.97,-2.482,0.0
603008,ST喜临门,家居用品,10.53,0.5731,0.0
603007,顺景科技,建筑工程,4.45,-2.1978,0.0
603006,联明股份,汽车配件,10.72,-1.0157,0.0
603005,晶方科技,半导体,27.9,-5.4558,0.0
603004,鼎龙科技,化工原料,18.89,-0.0529,0.0
603002,宏昌电子,化工原料,17.57,-8.4419,0.0
603001,奥康国际,服饰,11.32,-3.5775,0.0
603000,人民网,互联网,16.31,-2.9744,0.0
601999,出版传媒,出版业,6.46,-4.4379,0.0
601998,中信银行,银行,9.07,0.6659,0.0
601997,贵阳银行,银行,5.47,-0.5455,0.0
601996,丰林集团,家居用品,2.88,-0.6897,0.0
601995,中金公司,证券,30.5,-1.6763,0.0
601992,金隅集团,水泥,1.38,-1.4286,0.0
601991,大唐发电,火力发电,5.32,-0.7463,0.0
601990,南京证券,证券,6.5,-1.2158,0.0
601988,中国银行,银行,6.63,0.1511,0.0
601985,中国核电,新型电力,9.0,1.1236,0.0
601975,招商南油,水运,4.52,1.1186,0.0
601969,海南矿业,普钢,8.81,-1.4541,0.0
601968,宝钢包装,广告包装,4.49,-0.4435,0.0
601966,玲珑轮胎,汽车配件,10.33,-0.7685,0.0
601965,中国汽研,汽车服务,12.98,-0.4601,0.0
601963,重庆银行,银行,11.02,-0.0907,0.0
601958,金钼股份,小金属,19.13,-2.8934,0.0
601956,东贝集团,家用电器,5.08,-1.1673,0.0
601952,苏垦农发,种植业,8.8,-3.4029,0.0
601949,中国出版,出版业,5.46,-4.3783,0.0
601939,建设银行,银行,11.0,0.1821,0.0
601933,永辉超市,超市连锁,2.96,-1.3333,0.0
601929,吉视传媒,影视音像,2.27,-4.2194,0.0
601928,凤凰传媒,出版业,8.16,-1.2107,0.0
601921,浙版传媒,出版业,7.5,-0.5305,0.0
601919,中远海控,水运,16.46,0.9816,0.0
601918,新集能源,煤炭开采,11.45,2.6906,0.0
601916,浙商银行,银行,2.82,-0.7042,0.0
601908,京运通,电气设备,2.88,-0.346,0.0
601901,方正证券,证券,6.62,-1.7804,0.0
601900,南方传媒,出版业,12.23,-2.0817,0.0
601899,紫金矿业,铜,29.42,-1.966,0.0
601898,中煤能源,煤炭开采,14.18,1.2134,0.0
601890,亚星锚链,船舶,9.2,-2.0234,0.0
601888,中国中免,旅游服务,50.79,-1.302,0.0
601886,江河集团,装修装饰,13.16,0.458,0.0
601882,海天精工,机床制造,22.81,-1.808,0.0
601881,中国银河,证券,11.58,-2.3609,0.0
601880,辽港股份,港口,1.44,-0.6897,0.0
601878,浙商证券,证券,8.91,-1.2195,0.0
601877,正泰电器,电气设备,24.45,-1.8072,0.0
601872,招商轮船,水运,20.65,-1.3378,0.0
601869,长飞光纤,通信设备,394.22,-9.9954,0.0
601868,中国能建,建筑工程,2.36,-1.6667,0.0
601866,中远海发,水运,2.42,0.0,0.0
601865,福莱特,玻璃,9.1,-1.8339,0.0
601860,紫金银行,银行,2.51,-0.7905,0.0
601858,中国科传,出版业,21.65,3.5885,0.0
601857,中国石油,石油开采,11.19,2.1918,0.0
601838,成都银行,银行,19.04,0.0,0.0
601828,美凯龙,其他商业,2.12,-1.8519,0.0
601827,三峰环境,环境保护,7.78,-0.3841,0.0
601825,沪农商行,银行,8.61,-1.0345,0.0
601818,光大银行,银行,2.99,-0.3333,0.0
601816,京沪高铁,铁路,4.78,1.919,0.0
601811,新华文轩,出版业,18.52,-8.9926,0.0
601808,中海油服,石油开采,12.17,0.4125,0.0
601801,皖新传媒,出版业,5.22,-5.6058,0.0
601800,中国交建,建筑工程,5.76,-0.6897,0.0
601799,星宇股份,汽车配件,69.22,-2.1072,0.0
601798,蓝科高新,化工机械,7.52,-0.9223,0.0
601789,宁波建工,建筑工程,4.13,-1.432,0.0
601788,光大证券,证券,13.58,-1.3798,0.0
601778,晶科科技,新型电力,3.34,-2.3392,0.0
601777,千里科技,摩托车,8.43,1.8116,0.0
601766,中国中车,运输设备,6.12,2.5126,0.0
601728,中国电信,电信运营,6.25,1.461,0.0
601727,上海电气,电气设备,6.44,-1.8293,0.0
601718,ST际华,服饰,1.91,-0.5208,0.0
601717,中创智领,专用机械,13.09,-2.3134,0.0
601702,华峰铝业,铝,14.8,-1.6611,0.0
601700,风范股份,电气设备,6.11,-2.24,0.0
601699,潞安环能,煤炭开采,15.19,-1.0423,0.0
601698,中国卫通,电信运营,23.03,-2.2496,0.0
601696,中银证券,证券,10.93,-2.2361,0.0
601689,拓普集团,汽车配件,46.5,0.1292,0.0
601688,华泰证券,证券,17.84,-1.7621,0.0
601686,友发集团,钢加工,4.93,-1.7928,0.0
601678,滨化股份,化工原料,5.7,-1.0417,0.0
601677,明泰铝业,铝,16.03,-0.6815,0.0
601669,中国电建,建筑工程,4.52,-0.4405,0.0
601668,中国建筑,建筑工程,4.22,-0.939,0.0
601666,平煤股份,煤炭开采,8.79,-0.453,0.0
601665,齐鲁银行,银行,6.96,-0.1435,0.0
601658,邮储银行,银行,5.32,-0.1876,0.0
601636,旗滨集团,玻璃,5.34,-2.0183,0.0
601633,长城汽车,汽车整车,13.79,-0.8627,0.0
601628,中国人寿,保险,36.77,-1.7633,0.0
601619,嘉泽新能,新型电力,3.81,-2.5575,0.0
601618,中国中冶,建筑工程,2.46,-1.2048,0.0
601616,广电电气,电气设备,3.75,-0.5305,0.0
601615,明阳智能,电气设备,9.51,-1.4508,0.0
601611,中国核建,建筑工程,10.0,-1.4778,0.0
601609,金田股份,铜,11.19,-5.6492,0.0
601608,中信重工,专用机械,4.54,-1.3043,0.0
601607,上海医药,医药商业,15.89,-0.8115,0.0
601606,长城军工,专用机械,31.0,-2.8213,0.0
601601,中国太保,保险,30.5,-1.2306,0.0
601600,中国铝业,铝,8.68,-2.2523,0.0
601599,浙文影业,纺织,3.21,-0.6192,0.0
601598,中国外运,仓储物流,6.6,-1.1976,0.0
601595,上海电影,影视音像,22.74,-0.9582,0.0
601588,北辰实业,区域地产,1.75,0.0,0.0
601579,会稽山,红黄酒,41.84,9.9895,0.0
601577,长沙银行,银行,9.6,-0.7239,0.0
601568,北元化工,化工原料,3.52,-1.9499,0.0
601567,三星电气,电气设备,14.63,-9.9692,0.0
601566,九牧王,服饰,9.13,-5.5843,0.0
601555,东吴证券,证券,8.08,-1.1016,0.0
601528,瑞丰银行,银行,4.99,0.4024,0.0
601519,大智慧,软件服务,8.19,-3.8732,0.0
601518,吉林高速,路桥,2.74,-0.7246,0.0
601515,衢州东峰,广告包装,3.14,-2.1807,0.0
601512,中新集团,园区开发,8.35,0.1199,0.0
601500,通用股份,汽车配件,3.81,-1.5504,0.0
601456,国联民生,证券,8.57,0.4689,0.0
601399,国机重装,工程机械,3.05,-0.6515,0.0
601398,工商银行,银行,8.15,0.246,0.0
601390,中国中铁,建筑工程,4.22,-0.7059,0.0
601388,怡球资源,铝,3.11,-1.2698,0.0
601377,兴业证券,证券,5.74,-2.2147,0.0
601375,中原证券,证券,3.89,-1.519,0.0
601369,陕鼓动力,机械基件,8.62,-2.2676,0.0
601368,绿城水务,水务,4.59,0.8791,0.0
601366,利群股份,百货,3.58,0.0,0.0
601360,三六零,互联网,8.95,0.0,0.0
601339,百隆东方,纺织,7.28,-2.5435,0.0
601336,新华保险,保险,55.9,-2.9177,0.0
601333,广深铁路,铁路,3.06,0.0,0.0
601330,绿色动力,环境保护,8.17,1.7435,0.0
601328,交通银行,银行,7.59,0.3968,0.0
601326,秦港股份,港口,3.48,0.2882,0.0
601319,中国人保,保险,8.0,-0.8674,0.0
601318,中国平安,保险,52.4,-1.5962,0.0
601311,骆驼股份,电气设备,7.24,-0.8219,0.0
601298,青岛港,港口,9.86,1.1282,0.0
601288,农业银行,银行,6.86,-0.1456,0.0
601279,英利汽车,汽车配件,3.55,1.1396,0.0
601238,广汽集团,汽车整车,0.0,0.0,0.0
601236,红塔证券,证券,6.86,-0.4354,0.0
601233,桐昆股份,化纤,23.28,0.086,0.0
601231,环旭电子,元器件,23.67,-6.9941,0.0
601229,上海银行,银行,9.51,0.0,0.0
601228,广州港,港口,3.02,-0.33,0.0
601226,华电科工,建筑工程,6.42,-1.6845,0.0
601225,陕西煤业,煤炭开采,25.85,0.0774,0.0
601222,林洋能源,新型电力,5.85,-0.5102,0.0
601218,吉鑫科技,电气设备,6.05,10.0,0.0
601216,君正集团,化工原料,4.46,-0.2237,0.0
601212,白银有色,铜,5.49,-5.1813,0.0
601211,国泰海通,证券,16.81,-2.3242,0.0
601208,东材科技,化工原料,50.8,-9.9929,0.0
601200,上海环境,环境保护,6.72,-0.2967,0.0
601199,江南水务,水务,6.63,0.3026,0.0
601198,东兴证券,证券,0.0,0.0,0.0
601188,龙江交通,路桥,2.84,-0.3509,0.0
601187,厦门银行,银行,6.82,-1.4451,0.0
601186,中国铁建,建筑工程,5.93,-0.8361,0.0
601179,中国西电,电气设备,11.48,-2.2979,0.0
601177,杭齿前进,机械基件,13.61,-0.8017,0.0
601169,北京银行,银行,5.45,-0.7286,0.0
601168,西部矿业,铜,33.77,-4.0352,0.0
601166,兴业银行,银行,17.77,-0.6152,0.0
601163,三角轮胎,汽车配件,12.16,-0.4095,0.0
601162,天风证券,证券,3.49,-3.0556,0.0
601158,重庆水务,水务,3.97,-0.2513,0.0
601156,东航物流,仓储物流,18.45,1.318,0.0
601155,新城控股,区域地产,12.66,0.7962,0.0
601139,深圳燃气,供气供热,6.24,0.8078,0.0
601138,工业富联,通信设备,58.92,-3.4098,0.0
601137,博威合金,小金属,19.18,-3.3753,0.0
601136,首创证券,证券,13.85,-2.3961,0.0
601133,柏诚股份,建筑工程,23.58,-5.8683,0.0
601128,常熟银行,银行,6.14,-0.4862,0.0
601127,赛力斯,汽车整车,45.09,-2.6765,0.0
601126,四方股份,电气设备,35.9,-5.302,0.0
601121,宝地矿业,普钢,6.85,-2.9745,0.0
601118,海南橡胶,橡胶,5.99,-7.5617,0.0
601117,中国化学,建筑工程,7.13,-1.2465,0.0
601116,三江购物,超市连锁,9.84,-1.7964,0.0
601113,华鼎股份,化纤,3.52,-0.565,0.0
601111,中国国航,空运,5.76,-0.8606,0.0
601108,财通证券,证券,8.12,-2.8708,0.0
601107,四川成渝,路桥,6.0,-0.3322,0.0
601106,中国一重,工程机械,2.87,-1.7123,0.0
601101,昊华能源,煤炭开采,12.89,-1.3017,0.0
601100,恒立液压,工程机械,90.0,-2.4919,0.0
601099,太平洋,证券,3.43,-2.5568,0.0
601098,中南传媒,出版业,9.94,-2.3576,0.0
601096,宏盛华源,钢加工,3.9,-1.5152,0.0
601089,福元医药,化学制药,16.09,1.3224,0.0
601088,中国神华,煤炭开采,48.39,0.7495,0.0
601086,国芳集团,百货,15.85,3.4595,0.0
601083,锦江航运,水运,12.77,0.1569,0.0
601077,渝农商行,银行,6.66,0.3012,0.0
601069,西部黄金,黄金,23.97,-6.3672,0.0
601068,中铝国际,建筑工程,4.2,-1.8692,0.0
601066,中信建投,证券,23.03,-1.5812,0.0
601065,江盐集团,化工原料,6.62,-0.7496,0.0
601061,中信金属,商贸代理,10.42,-3.7858,0.0
601059,信达证券,证券,0.0,0.0,0.0
601058,赛轮轮胎,汽车配件,13.21,-2.5811,0.0
601038,一拖股份,农用机械,13.62,-2.4355,0.0
601033,永兴股份,环境保护,14.12,-0.4933,0.0
601026,道生天合,电气设备,14.87,-2.4918,0.0
601022,宁波远洋,水运,8.33,-1.0689,0.0
601021,春秋航空,空运,40.44,1.4806,0.0
601020,华钰矿业,铅锌,19.52,-7.0476,0.0
601019,山东出版,出版业,6.67,-1.1852,0.0
601018,宁波港,港口,3.43,0.8824,0.0
601016,节能风电,新型电力,3.25,0.0,0.0
601015,陕西黑猫,焦炭加工,3.51,-1.1268,0.0
601012,隆基绿能,电气设备,10.81,-2.0833,0.0
601011,宝泰隆,焦炭加工,2.86,-1.7182,0.0
601010,ST文峰,百货,1.42,-0.6993,0.0
601009,南京银行,银行,11.9,-0.4184,0.0
601008,连云港,港口,4.4,0.0,0.0
601007,金陵饭店,酒店餐饮,6.77,-0.4412,0.0
601006,大秦铁路,铁路,4.65,-0.2146,0.0
601005,重庆钢铁,普钢,1.19,-0.8333,0.0
601003,柳钢股份,普钢,3.46,-0.8596,0.0
601002,晋亿实业,机械基件,5.19,-0.5747,0.0
601001,晋控煤业,煤炭开采,17.72,0.3966,0.0
601000,唐山港,港口,4.52,2.9613,0.0
600999,招商证券,证券,16.92,-2.9817,0.0
600998,九州通,医药商业,4.93,1.8595,0.0
600997,开滦股份,焦炭加工,5.22,1.5564,0.0
600996,贵广网络,影视音像,6.72,-1.4663,0.0
600995,南网储能,水力发电,11.68,-1.0169,0.0
600993,马应龙,中成药,22.39,1.0835,0.0
600992,贵绳股份,钢加工,10.21,-0.5842,0.0
600990,四创电子,通信设备,17.46,-2.1849,0.0
600989,宝丰能源,化工原料,22.45,0.5374,0.0
600988,赤峰黄金,黄金,38.07,-5.4866,0.0
600987,航民股份,纺织,6.25,-0.9509,0.0
600986,浙文互联,互联网,6.71,-2.4709,0.0
600985,淮北矿业,煤炭开采,16.33,-0.9703,0.0
600984,建设机械,工程机械,3.45,-1.4286,0.0
600983,惠而浦,家用电器,7.42,0.406,0.0
600982,宁波能源,供气供热,4.99,2.6749,0.0
600981,苏豪汇鸿,商贸代理,2.38,0.4219,0.0
600980,北矿科技,专用机械,18.61,-2.7182,0.0
600979,广安爱众,水力发电,3.86,0.0,0.0
600977,中国电影,影视音像,12.89,-1.8279,0.0
600976,健民集团,中成药,26.94,0.5224,0.0
600975,新五丰,农业综合,5.1,0.3937,0.0
600973,宝胜股份,电气设备,5.7,-3.2258,0.0
600971,恒源煤电,煤炭开采,8.38,-0.9456,0.0
600970,中材国际,建筑工程,7.66,-0.2604,0.0
600969,郴电国际,水力发电,9.65,-1.43,0.0
600968,海油发展,石油开采,3.86,-0.5155,0.0
600967,内蒙一机,运输设备,12.68,-2.2359,0.0
600966,博汇纸业,造纸,4.74,-1.25,0.0
600965,*ST福成,农业综合,2.66,-1.1152,0.0
600963,岳阳林纸,造纸,3.3,-1.4925,0.0
600962,国投中鲁,软饮料,25.1,-4.0153,0.0
600961,株冶集团,铅锌,22.31,-5.5061,0.0
600960,渤海汽车,汽车配件,3.88,-0.5128,0.0
600959,江苏有线,影视音像,3.03,-1.9417,0.0
600958,东方证券,证券,8.59,-1.3777,0.0
600956,新天绿能,供气供热,7.04,-0.1418,0.0
600955,维远股份,化工原料,12.23,-1.2116,0.0
600941,中国移动,电信运营,97.71,0.2668,0.0
600939,重庆建工,建筑工程,2.58,-0.7692,0.0
600938,中国海油,石油开采,33.5,2.1341,0.0
600936,北投科技,软件服务,4.27,-0.9281,0.0
600935,华塑股份,化工原料,2.29,0.0,0.0
600933,爱柯迪,汽车配件,13.52,-1.0973,0.0
600930,华电新能,新型电力,3.81,-1.8041,0.0
600929,雪天盐业,食品,5.94,-1.0,0.0
600928,西安银行,银行,3.45,-0.8621,0.0
600927,永安期货,多元金融,12.01,-1.3957,0.0
600926,杭州银行,银行,16.81,0.2385,0.0
600925,苏能股份,煤炭开采,4.09,0.2451,0.0
600919,江苏银行,银行,12.22,-0.3263,0.0
600918,中泰证券,证券,5.34,-1.476,0.0
600917,重庆燃气,供气供热,4.81,0.4175,0.0
600916,中国黄金,服饰,7.1,-1.9337,0.0
600909,华安证券,证券,7.59,-2.9412,0.0
600908,无锡银行,银行,5.8,-0.5146,0.0
600906,财达证券,证券,6.23,-2.044,0.0
600905,三峡能源,新型电力,3.53,-2.2161,0.0
600903,贵州燃气,供气供热,6.43,-1.9817,0.0
600901,江苏金租,多元金融,6.84,0.7364,0.0
600900,长江电力,水力发电,28.55,0.67,0.0
600897,厦门空港,机场,15.31,-5.7846,0.0
600895,张江高科,园区开发,27.34,-3.1184,0.0
600894,广日股份,运输设备,7.61,-2.0592,0.0
600893,航发动力,航空,38.68,1.0185,0.0
600892,大晟文化,互联网,4.04,-1.9417,0.0
600889,*ST京化,机械基件,13.24,-1.1202,0.0
600888,新疆众和,铝,9.09,-6.4815,0.0
600887,伊利股份,乳制品,27.03,0.4833,0.0
600886,国投电力,水力发电,15.33,3.1629,0.0
600885,宏发股份,电气设备,33.62,0.6888,0.0
600884,杉杉股份,电气设备,11.19,-3.0329,0.0
600883,博闻科技,种植业,8.06,-0.6165,0.0
600882,妙可蓝多,乳制品,19.08,0.2101,0.0
600881,亚泰集团,综合类,1.86,0.5405,0.0
600880,博瑞传播,广告包装,4.08,-4.2254,0.0
600879,航天电子,航空,13.84,-3.2844,0.0
600877,电科芯片,半导体,11.43,-3.9496,0.0
600876,凯盛新能,玻璃,7.43,-2.4934,0.0
600875,东方电气,电气设备,22.71,-3.3617,0.0
600874,创业环保,环境保护,5.43,-0.1838,0.0
600873,梅花生物,食品,7.29,-0.9511,0.0
600872,中炬高新,食品,17.13,-0.1166,0.0
600871,石化油服,石油开采,2.09,-0.9479,0.0
600869,远东股份,电气设备,18.09,-8.7746,0.0
600868,梅雁吉祥,水力发电,2.73,0.3676,0.0
600867,通化东宝,生物制药,7.73,0.0,0.0
600866,星湖科技,饲料,4.08,-0.9709,0.0
600865,百大集团,百货,10.59,-2.844,0.0
600864,哈投股份,证券,5.63,-1.2281,0.0
600863,华能蒙电,火力发电,4.74,2.1552,0.0
600862,中航高科,航空,17.68,-1.1186,0.0
600861,北京人力,文教休闲,12.55,-1.2589,0.0
600860,京城股份,专用机械,7.4,-1.9868,0.0
600859,王府井,百货,9.59,-1.134,0.0
600858,银座股份,百货,4.88,0.0,0.0
600857,宁波中百,百货,18.64,-9.9952,0.0
600855,航天长峰,专用机械,12.47,-2.9572,0.0
600854,春兰股份,家用电器,4.74,0.2114,0.0
600853,龙建股份,建筑工程,3.24,-0.6135,0.0
600851,海欣股份,化学制药,7.9,-2.5894,0.0
600850,电科数字,软件服务,13.5,-2.5974,0.0
600848,上海临港,园区开发,8.48,-0.2353,0.0
600847,万里股份,电气设备,12.53,-3.8373,0.0
600846,同济科技,建筑工程,10.6,-2.1237,0.0
600845,宝信软件,软件服务,18.01,-1.3691,0.0
600844,金煤科技,化工原料,3.23,-1.5244,0.0
600843,上工申贝,纺织机械,7.84,-6.3321,0.0
600841,动力新科,汽车配件,5.47,-2.8419,0.0
600839,四川长虹,家用电器,6.42,-2.2831,0.0
600838,上海九百,百货,8.14,-2.0457,0.0
600835,上海机电,运输设备,18.32,-2.3974,0.0
600834,申通地铁,公共交通,7.62,0.0,0.0
600833,第一医药,医药商业,10.59,-0.2825,0.0
600831,广电网络,影视音像,3.33,-5.1282,0.0
600830,香溢融通,多元金融,8.33,-1.8846,0.0
600829,人民同泰,医药商业,9.4,-2.2869,0.0
600828,茂业商业,百货,4.27,-2.2883,0.0
600827,百联股份,超市连锁,7.67,-0.7762,0.0
600826,兰生股份,文教休闲,7.99,-1.601,0.0
600825,新华传媒,出版业,8.55,10.0386,0.0
600824,益民集团,百货,3.64,-0.5464,0.0
600822,上海物贸,汽车服务,9.09,0.1101,0.0
600821,金开新能,新型电力,5.72,-0.8666,0.0
600820,隧道股份,建筑工程,5.2,-0.5736,0.0
600819,耀皮玻璃,玻璃,5.58,-1.2389,0.0
600818,ST中路,文教休闲,9.09,-0.2195,0.0
600817,宇通重工,专用机械,9.62,1.0504,0.0
600816,建元信托,多元金融,2.33,0.0,0.0
600815,厦工股份,工程机械,4.19,-9.8925,0.0
600814,杭州解百,百货,6.84,-0.7257,0.0
600812,华北制药,化学制药,4.9,0.4098,0.0
600810,神马股份,化纤,6.31,0.96,0.0
600809,山西汾酒,白酒,110.26,-0.8275,0.0
600808,马钢股份,普钢,2.39,-1.6461,0.0
600807,济高发展,医疗保健,2.62,-0.7576,0.0
600805,悦达投资,综合类,4.55,-0.2193,0.0
600803,新奥股份,供气供热,18.74,1.0787,0.0
600802,福建水泥,水泥,7.28,9.9698,0.0
600801,华新建材,水泥,23.85,0.4211,0.0
600800,渤海化学,化工原料,3.16,-1.25,0.0
600798,宁波海运,水运,3.4,0.295,0.0
600797,浙大网新,软件服务,6.42,-1.3825,0.0
600796,钱江生化,环境保护,5.09,0.5929,0.0
600795,国电电力,火力发电,5.4,3.0534,0.0
600794,保税科技,仓储物流,3.16,-0.3155,0.0
600793,宜宾纸业,造纸,16.67,-1.9412,0.0
600792,云煤能源,焦炭加工,5.5,-3.5088,0.0
600791,京能置业,全国地产,6.78,-2.0231,0.0
600790,轻纺城,商品城,3.7,2.2099,0.0
600789,鲁抗医药,化学制药,7.73,2.5199,0.0
600787,中储股份,仓储物流,4.53,-0.2203,0.0
600785,新华百货,百货,10.47,-0.6641,0.0
600784,鲁银投资,综合类,6.98,-2.2409,0.0
600783,鲁信创投,专用机械,14.75,-3.5948,0.0
600782,新钢股份,普钢,2.62,-0.3802,0.0
600780,通宝能源,火力发电,6.1,0.1642,0.0
600779,水井坊,白酒,25.98,-0.8775,0.0
600778,友好集团,百货,5.73,-0.3478,0.0
600777,新潮能源,石油开采,4.02,0.2494,0.0
600776,东方通信,通信设备,12.27,-4.9574,0.0
600775,南京熊猫,通信设备,9.27,-2.5237,0.0
600774,汉商集团,化学制药,7.77,0.9091,0.0
600773,西藏城投,区域地产,9.29,-4.3254,0.0
600771,广誉远,中成药,14.04,2.8571,0.0
600770,综艺股份,综合类,5.9,-4.9919,0.0
600769,祥龙电业,水务,14.51,-7.6972,0.0
600768,富邦新材,铝,14.7,-0.9434,0.0
600765,中航重机,航空,13.07,-0.9848,0.0
600764,中国海防,船舶,18.13,-1.2527,0.0
600763,通策医疗,医疗保健,33.26,-0.6571,0.0
600761,安徽合力,工程机械,14.93,-1.4521,0.0
600760,中航沈飞,航空,43.34,0.7204,0.0
600759,ST洲际,石油开采,2.23,-3.4632,0.0
600758,辽宁能源,煤炭开采,3.56,-2.1978,0.0
600757,长江传媒,出版业,7.33,-0.6775,0.0
600756,浪潮软件,软件服务,13.57,-0.8041,0.0
600755,厦门国贸,仓储物流,5.76,-4.3189,0.0
600754,锦江酒店,酒店餐饮,17.89,-0.7765,0.0
600753,ST海钦,商贸代理,13.71,1.7817,0.0
600751,海航科技,水运,2.82,-1.7422,0.0
600750,华润江中,中成药,22.42,1.2647,0.0
600749,西藏旅游,旅游景点,12.78,-3.1084,0.0
600748,上实发展,全国地产,3.91,-1.2626,0.0
600746,江苏索普,化工原料,6.81,-0.5839,0.0
600745,*ST闻泰,半导体,16.3,-4.3427,0.0
600744,华银电力,火力发电,6.03,-0.8224,0.0
600743,华远控股,区域地产,2.3,-10.1563,0.0
600742,富维股份,汽车配件,7.8,0.1284,0.0
600741,华域汽车,汽车配件,14.98,1.9048,0.0
600740,山西焦化,焦炭加工,3.73,-1.061,0.0
600739,辽宁成大,生物制药,10.08,-1.85,0.0
600738,丽尚国潮,百货,4.21,0.2381,0.0
600737,中粮糖业,食品,14.0,-5.0847,0.0
600736,苏州高新,园区开发,6.36,-3.0488,0.0
600735,ST新华锦,服饰,6.33,-3.653,0.0
600734,*ST实达,软件服务,1.84,-4.6632,0.0
600733,北汽蓝谷,汽车整车,4.95,5.7692,0.0
600732,爱旭股份,电气设备,11.01,-0.0907,0.0
600731,湖南海利,农药化肥,5.79,-1.6978,0.0
600730,*ST高科,文教休闲,8.52,-4.3771,0.0
600729,重百集团,百货,18.23,0.4961,0.0
600728,佳都科技,软件服务,4.37,-0.4556,0.0
600727,鲁北化工,化工原料,7.46,-1.9711,0.0
600726,华电能源,火力发电,4.96,-1.3917,0.0
600725,云维股份,商贸代理,3.27,0.6154,0.0
600724,宁波富达,综合类,4.86,-2.0161,0.0
600722,金牛化工,化工原料,15.07,-0.3307,0.0
600721,百花医药,生物制药,12.18,-5.7276,0.0
600720,中交设计,建筑工程,5.06,-0.7843,0.0
600719,大连热电,供气供热,7.84,6.0893,0.0
600718,东软集团,软件服务,7.84,-0.7595,0.0
600717,天津港,港口,4.21,-0.237,0.0
600716,凤凰股份,区域地产,3.72,0.813,0.0
600715,文投控股,影视音像,1.62,-4.142,0.0
600714,金瑞矿业,化工原料,17.8,-3.8358,0.0
600713,南京医药,医药商业,4.93,0.2033,0.0
600712,南宁百货,百货,5.37,-3.5907,0.0
600711,盛屯矿业,小金属,10.16,-2.5887,0.0
600710,苏美达,商贸代理,11.18,-0.9743,0.0
600708,光明地产,全国地产,3.0,-0.9901,0.0
600707,彩虹股份,元器件,10.38,9.3783,0.0
600706,曲江文旅,旅游景点,8.06,-1.3464,0.0
600704,物产中大,仓储物流,4.74,-0.6289,0.0
600703,三安光电,半导体,11.59,-7.0569,0.0
600702,舍得酒业,白酒,31.89,-1.8165,0.0
600699,均胜电子,汽车配件,24.02,6.1892,0.0
600698,湖南天雁,汽车配件,6.98,0.5764,0.0
600697,欧亚集团,百货,11.28,-0.8787,0.0
600694,大商股份,百货,14.29,-0.3487,0.0
600693,东百集团,百货,9.33,-4.4057,0.0
600692,亚通股份,区域地产,6.49,0.7764,0.0
600691,潞化科技,农药化肥,2.68,-2.1898,0.0
600690,海尔智家,家用电器,20.16,0.0993,0.0
600689,上海三毛,综合类,11.88,-1.3289,0.0
600688,上海石化,石油加工,2.72,-1.0909,0.0
600686,金龙汽车,汽车整车,10.91,0.2757,0.0
600685,中船防务,船舶,28.28,-1.2225,0.0
600684,珠江股份,区域地产,3.52,-1.1236,0.0
600683,京投发展,区域地产,8.92,-4.2918,0.0
600682,南京新百,综合类,5.73,-0.5208,0.0
600681,百川能源,供气供热,3.46,1.4663,0.0
600679,上海凤凰,文教休闲,10.55,-0.7526,0.0
600678,ST金顶,水泥,5.59,-1.5845,0.0
600676,久事动娱,汽车配件,6.68,-0.8902,0.0
600675,中华企业,区域地产,2.35,-4.8583,0.0
600674,川投能源,水力发电,16.56,1.7824,0.0
600673,东阳光,综合类,30.31,-4.3547,0.0
600671,天目药业,中成药,21.84,-5.1672,0.0
600668,尖峰集团,水泥,7.34,0.0,0.0
600667,太极实业,半导体,17.81,-8.2432,0.0
600666,奥瑞德,元器件,3.19,-2.7439,0.0
600665,天地源,全国地产,3.36,-0.885,0.0
600664,哈药股份,化学制药,7.33,-9.9509,0.0
600663,陆家嘴,园区开发,8.75,0.4592,0.0
600662,外服控股,文教休闲,4.17,-0.7143,0.0
600661,昂立教育,文教休闲,9.2,-3.7657,0.0
600660,福耀玻璃,汽车配件,52.91,0.8386,0.0
600658,电子城,园区开发,4.05,-0.978,0.0
600657,信达地产,全国地产,3.07,0.3268,0.0
600655,豫园股份,百货,4.46,-0.2237,0.0
600654,中安科,仓储物流,2.99,-0.9934,0.0
600653,申华控股,汽车服务,1.68,-4.5455,0.0
600651,飞乐音响,电器仪表,5.07,-2.8736,0.0
600650,锦江在线,公共交通,10.19,-2.0192,0.0
600649,城投控股,区域地产,4.0,0.0,0.0
600648,外高桥,园区开发,9.33,0.3226,0.0
600645,中源协和,医疗保健,18.77,-0.7403,0.0
600644,乐山电力,水力发电,8.86,0.4535,0.0
600643,爱建集团,多元金融,4.0,0.2506,0.0
600642,申能股份,火力发电,8.81,0.3417,0.0
600641,先导基电,半导体,49.21,-4.5578,0.0
600640,国脉文化,影视音像,12.48,2.6316,0.0
600639,浦东金桥,园区开发,9.6,-0.1041,0.0
600638,新黄浦,区域地产,5.05,-0.1976,0.0
600637,东方明珠,影视音像,8.66,-2.5872,0.0
600635,大众公用,供气供热,4.39,-0.9029,0.0
600633,浙数文化,互联网,9.95,-1.7769,0.0
600630,龙头股份,服饰,7.94,-7.8886,0.0
600629,华建集团,建筑工程,15.95,-2.4465,0.0
600628,新世界,百货,6.26,-0.3185,0.0
600626,申达股份,汽车配件,3.76,-1.3123,0.0
600624,ST复华,化学制药,4.58,-0.8658,0.0
600623,华谊集团,化工原料,8.6,-0.232,0.0
600622,光大嘉宝,区域地产,2.4,-1.2346,0.0
600621,华鑫股份,证券,13.58,-1.0925,0.0
600620,天宸股份,综合类,4.3,-1.1494,0.0
600619,海立股份,家用电器,13.18,0.0,0.0
600618,氯碱化工,化工原料,9.58,-1.4403,0.0
600617,国新能源,供气供热,3.26,0.6173,0.0
600616,金枫酒业,红黄酒,5.19,1.5656,0.0
600615,鑫源智造,铝,9.37,-0.6363,0.0
600613,神奇制药,中成药,8.29,0.4848,0.0
600612,老凤祥,服饰,31.22,-0.4782,0.0
600611,大众交通,公共交通,4.27,-3.1746,0.0
600610,中毅达,化工原料,7.35,-1.6064,0.0
600609,金杯汽车,汽车配件,3.58,1.1299,0.0
600606,绿地控股,全国地产,1.41,-1.3986,0.0
600605,汇通能源,房产服务,29.77,-1.5868,0.0
600604,市北高新,园区开发,4.77,-0.8316,0.0
600603,广汇物流,仓储物流,4.67,1.0823,0.0
600602,云赛智联,软件服务,16.23,-2.6978,0.0
600601,方正科技,元器件,12.87,-9.6208,0.0
600600,青岛啤酒,啤酒,49.7,-0.3808,0.0
600598,北大荒,种植业,12.36,-1.0408,0.0
600597,光明乳业,乳制品,6.77,1.1958,0.0
600596,新安股份,化工原料,10.44,-6.7857,0.0
600595,中孚实业,铝,5.74,-1.7123,0.0
600594,益佰制药,中成药,3.6,-0.277,0.0
600593,大连圣亚,旅游景点,49.56,1.0398,0.0
600592,龙溪股份,机械基件,14.68,-1.0782,0.0
600590,泰豪科技,通信设备,8.09,-3.4606,0.0
600589,大位科技,软件服务,7.35,-4.047,0.0
600588,用友网络,软件服务,9.11,-2.043,0.0
600587,新华医疗,医疗保健,12.8,-1.1583,0.0
600586,金晶科技,玻璃,3.91,-1.2626,0.0
600585,海螺水泥,水泥,16.77,-0.9451,0.0
600584,长电科技,半导体,65.43,-4.8706,0.0
600583,海油工程,石油开采,6.5,-0.3067,0.0
600582,天地科技,专用机械,4.79,-0.8282,0.0
600581,*ST八钢,普钢,2.41,-3.2129,0.0
600580,卧龙电驱,电气设备,26.26,-1.9051,0.0
600579,中化装备,化工机械,6.88,-3.9106,0.0
600578,京能电力,火力发电,5.19,-0.3839,0.0
600577,精达股份,电气设备,8.25,-3.9581,0.0
600576,祥源文旅,旅游景点,5.29,-1.4898,0.0
600575,淮河能源,火力发电,3.12,-0.9524,0.0
600573,惠泉啤酒,啤酒,10.19,1.9,0.0
600572,康恩贝,中成药,4.25,0.9501,0.0
600571,信雅达,软件服务,10.09,-1.1753,0.0
600570,恒生电子,软件服务,19.42,-2.6078,0.0
600569,安阳钢铁,普钢,1.75,0.5747,0.0
600568,ST中珠,医疗保健,2.36,-2.0747,0.0
600567,山鹰国际,造纸,1.3,-1.5152,0.0
600566,济川药业,中成药,24.66,1.0242,0.0
600563,法拉电子,元器件,116.04,-3.5492,0.0
600562,国睿科技,通信设备,26.71,-0.6324,0.0
600561,江西长运,公共交通,5.88,0.0,0.0
600560,金自天正,电气设备,11.57,1.5803,0.0
600559,老白干酒,白酒,10.81,-0.9166,0.0
600558,大西洋,钢加工,4.75,-2.2634,0.0
600557,康缘药业,中成药,12.22,0.2461,0.0
600556,天下秀,互联网,4.46,-1.7621,0.0
600552,凯盛科技,元器件,17.93,-1.4835,0.0
600551,时代出版,出版业,7.6,-2.1879,0.0
600550,保变电气,电气设备,10.1,-1.8465,0.0
600549,厦门钨业,小金属,43.5,-6.4114,0.0
600548,深高速,路桥,7.96,-0.8717,0.0
600547,山东黄金,黄金,26.16,-10.0103,0.0
600546,山煤国际,煤炭开采,13.22,-1.0479,0.0
600545,卓郎智能,纺织机械,3.98,-7.8704,0.0
600543,*ST莫高,红黄酒,4.06,-0.2457,0.0
600540,新赛股份,种植业,5.64,3.8674,0.0
600539,狮头股份,互联网,14.15,-5.6667,0.0
600538,国发股份,医药商业,4.7,-1.0526,0.0
600537,*ST亿晶,电气设备,2.1,-5.4054,0.0
600536,中国软件,软件服务,30.96,0.8798,0.0
600535,天士力,中成药,13.8,0.8772,0.0
600533,栖霞建设,区域地产,2.23,1.3636,0.0
600531,豫光金铅,铅锌,11.03,-4.3365,0.0
600530,ST交昂,医疗保健,3.84,-1.2853,0.0
600529,山东药玻,医疗保健,18.22,0.1099,0.0
600528,中铁工业,运输设备,6.72,-0.2967,0.0
600527,江南高纤,化纤,2.15,-1.8265,0.0
600526,菲达环保,环境保护,4.53,-0.6579,0.0
600525,长园集团,电气设备,4.79,-1.8443,0.0
600523,贵航股份,汽车配件,11.78,-0.9251,0.0
600522,中天科技,通信设备,31.32,-10.0,0.0
600521,华海药业,化学制药,15.91,0.1889,0.0
600520,三佳科技,半导体,25.38,-1.5898,0.0
600519,贵州茅台,白酒,1243.88,0.5562,0.0
600518,康美药业,中成药,1.32,-0.7519,0.0
600517,国网英大,多元金融,4.79,-1.0331,0.0
600516,方大炭素,矿物制品,5.29,-2.3985,0.0
600515,海南机场,机场,2.66,-1.1152,0.0
600513,联环药业,化学制药,14.85,0.5416,0.0
600512,腾达建设,建筑工程,2.05,0.0,0.0
600511,国药股份,医药商业,25.85,0.4664,0.0
600510,黑牡丹,全国地产,6.4,-4.048,0.0
600509,天富能源,火力发电,7.05,-0.8439,0.0
600508,上海能源,煤炭开采,10.55,-1.9517,0.0
600507,方大特钢,特种钢,3.96,-1.737,0.0
600506,统一股份,石油加工,16.37,-9.956,0.0
600505,西昌电力,水力发电,10.37,1.9666,0.0
600503,华丽家族,区域地产,2.45,-7.5472,0.0
600502,安徽建工,建筑工程,4.13,-0.7212,0.0
600501,航天晨光,专用机械,14.55,-1.289,0.0
600500,中化国际,塑料,5.02,-9.5495,0.0
600499,科达制造,专用机械,11.12,-1.1556,0.0
600498,烽火通信,通信设备,36.97,-10.0049,0.0
600497,驰宏锌锗,铅锌,8.83,-4.6436,0.0
600496,精工钢构,钢加工,3.34,-0.5952,0.0
600495,晋西车轴,运输设备,4.05,-0.7353,0.0
600493,凤竹纺织,纺织,6.44,-0.3096,0.0
600491,ST龙元,建筑工程,1.52,-6.1728,0.0
600490,鹏欣资源,铜,6.51,-4.1237,0.0
600489,中金黄金,黄金,20.95,-5.2893,0.0
600488,津药药业,化学制药,6.27,10.0,0.0
600487,亨通光电,通信设备,60.64,-10.003,0.0
600486,扬农化工,农药化肥,51.36,0.0,0.0
600483,福能股份,新型电力,11.0,2.5163,0.0
600482,中国动力,船舶,33.74,-1.4891,0.0
600481,双良节能,电气设备,3.88,-2.5126,0.0
600480,凌云股份,汽车配件,7.65,-2.0487,0.0
600479,千金药业,中成药,12.17,-1.8548,0.0
600478,科力远,电气设备,4.33,-1.8141,0.0
600477,杭萧钢构,钢加工,2.37,-1.25,0.0
600476,*ST湘邮,软件服务,9.83,-1.4042,0.0
600475,华光环能,电气设备,14.35,-2.6459,0.0
600470,六国化工,农药化肥,5.43,-3.2086,0.0
600469,风神股份,汽车配件,4.89,-1.4113,0.0
600468,百利电气,电气设备,5.83,-3.6364,0.0
600467,好当家,渔业,2.41,1.2605,0.0
600463,空港股份,园区开发,8.18,0.3681,0.0
600461,洪城环境,水务,8.7,-0.6849,0.0
600460,士兰微,半导体,31.4,-4.0342,0.0
600459,贵研铂业,小金属,17.9,-3.3999,0.0
600458,时代新材,塑料,10.82,-2.6103,0.0
600456,宝钛股份,小金属,24.37,-2.8309,0.0
600455,博通股份,文教休闲,24.35,-1.417,0.0
600452,涪陵电力,水力发电,8.69,-1.3621,0.0
600449,宁夏建材,水泥,12.42,-2.2817,0.0
600448,华纺股份,纺织,3.07,-6.1162,0.0
600446,金证股份,软件服务,10.21,-1.5429,0.0
600444,国机通用,专用机械,14.53,0.9028,0.0
600439,ST瑞贝卡,服饰,1.83,-1.6129,0.0
600438,通威股份,电气设备,11.06,-0.5396,0.0
600436,片仔癀,中成药,116.66,-0.6303,0.0
600435,北方导航,专用机械,10.86,-2.6882,0.0
600433,冠豪高新,造纸,3.19,-2.1472,0.0
600429,三元股份,乳制品,4.76,4.8458,0.0
600428,中远海特,水运,10.8,-2.3508,0.0
600426,华鲁恒升,农药化肥,19.4,-1.5728,0.0
600425,青松建化,水泥,3.57,-1.108,0.0
600423,*ST柳化,农药化肥,2.63,-1.8657,0.0
600422,昆药集团,中成药,8.03,-0.1244,0.0
600420,国药现代,化学制药,8.21,-0.1217,0.0
600419,天润乳业,乳制品,8.74,0.2294,0.0
600418,江淮汽车,汽车整车,25.22,9.9869,0.0
600416,湘电股份,电气设备,8.1,-2.0556,0.0
600415,小商品城,商品城,10.84,0.0,0.0
600410,华胜天成,软件服务,14.54,-6.1935,0.0
600409,三友化工,化纤,6.11,-1.7685,0.0
600408,安泰集团,焦炭加工,3.02,-0.33,0.0
600406,国电南瑞,电气设备,22.64,1.6614,0.0
600405,动力源,电气设备,5.07,0.396,0.0
600403,大有能源,煤炭开采,7.31,1.669,0.0
600400,红豆股份,服饰,3.32,-2.6393,0.0
600399,抚顺特钢,特种钢,4.22,-2.0882,0.0
600398,海澜之家,服饰,5.64,-0.3534,0.0
600397,江钨装备,专用机械,16.1,-9.0395,0.0
600396,华电辽能,火力发电,12.52,-1.8039,0.0
600395,盘江股份,煤炭开采,5.02,-0.7905,0.0
600392,盛和资源,小金属,20.13,-5.7143,0.0
600391,航发科技,航空,41.66,1.6593,0.0
600390,五矿资本,多元金融,4.78,-0.2088,0.0
600389,江山股份,农药化肥,17.74,-2.0431,0.0
600388,紫金龙净,环境保护,17.06,-2.291,0.0
600386,北巴传媒,汽车服务,3.52,0.2849,0.0
600383,金地集团,全国地产,2.4,-0.4149,0.0
600382,广东明珠,普钢,5.55,-1.5957,0.0
600381,*ST春天,医疗保健,4.13,-1.6667,0.0
600380,健康元,化学制药,9.79,5.8378,0.0
600379,宝光股份,电气设备,14.13,-3.3516,0.0
600378,昊华科技,化工原料,41.92,-7.0304,0.0
600377,宁沪高速,路桥,12.86,0.7048,0.0
600376,首开股份,区域地产,3.17,-0.627,0.0
600375,汉马科技,汽车整车,3.61,-0.2762,0.0
600373,中文传媒,出版业,7.36,-1.6043,0.0
600372,中航机载,航空,11.24,-0.7944,0.0
600371,万向德农,种植业,14.27,-9.9685,0.0
600370,*ST三房,化工原料,1.44,-2.0408,0.0
600369,西南证券,证券,3.86,-1.5306,0.0
600368,五洲交通,路桥,4.1,-1.2048,0.0
600367,红星发展,化工原料,35.48,-2.9275,0.0
600366,宁波韵升,矿物制品,10.69,-3.8669,0.0
600365,ST通葡,互联网,2.88,-0.6897,0.0
600363,联创光电,元器件,13.55,-6.8729,0.0
600362,江西铜业,铜,40.92,-3.4906,0.0
600361,创新新材,铝,3.4,-0.8746,0.0
600360,华微电子,半导体,10.85,-7.0266,0.0
600359,新农开发,种植业,7.42,-2.6247,0.0
600358,国旅联合,广告包装,5.62,-1.7483,0.0
600356,恒丰纸业,造纸,11.06,3.9474,0.0
600354,敦煌种业,种植业,8.96,-5.9811,0.0
600353,旭光电子,元器件,29.31,-10.0092,0.0
600352,浙江龙盛,染料涂料,12.25,0.9061,0.0
600351,亚宝药业,中成药,6.83,2.3988,0.0
600350,山东高速,路桥,10.1,0.7984,0.0
600348,华阳股份,煤炭开采,8.89,0.0,0.0
600346,恒力石化,石油加工,16.42,1.6718,0.0
600345,长江通信,通信设备,46.7,-10.0019,0.0
600343,航天动力,机械基件,20.08,-1.0837,0.0
600340,*ST华幸,园区开发,1.29,10.2564,0.0
600339,中油工程,石油开采,3.21,-0.6192,0.0
600338,西藏珠峰,铅锌,11.61,-3.7313,0.0
600337,ST美克,家居用品,3.49,1.7493,0.0
600336,澳柯玛,家用电器,6.26,-1.4173,0.0
600335,国机汽车,汽车服务,5.17,0.9766,0.0
600333,长春燃气,供气供热,6.7,-0.4458,0.0
600332,白云山,中成药,19.45,0.3094,0.0
600331,宏达股份,农药化肥,11.76,-2.4066,0.0
600330,天通股份,专用机械,27.81,-2.7622,0.0
600329,达仁堂,中成药,35.18,0.1423,0.0
600328,中盐化工,化工原料,5.58,-1.2389,0.0
600327,大东方,医疗保健,3.8,0.0,0.0
600326,西藏天路,水泥,6.67,-4.3042,0.0
600325,华发股份,区域地产,2.68,0.3745,0.0
600323,瀚蓝环境,环境保护,29.17,1.7085,0.0
600322,津投城开,区域地产,2.66,-1.1152,0.0
600320,振华重工,专用机械,3.99,-0.7463,0.0
600319,亚星化学,化工原料,6.17,-1.28,0.0
600318,新力金融,多元金融,6.79,0.0,0.0
600316,洪都航空,航空,33.05,0.4254,0.0
600315,上海家化,日用化工,17.95,-0.9382,0.0
600313,农发种业,种植业,6.51,-4.2647,0.0
600312,平高电气,电气设备,19.65,3.7487,0.0
600310,广西能源,水力发电,4.52,1.573,0.0
600309,万华化学,化工原料,69.4,-0.072,0.0
600308,华泰股份,造纸,3.22,-2.1277,0.0
600307,酒钢宏兴,普钢,1.44,-0.6897,0.0
600305,恒顺醋业,食品,6.69,0.4505,0.0
600303,曙光股份,汽车整车,3.02,-0.9836,0.0
600302,ST标准,纺织机械,6.69,-6.3025,0.0
600301,华锡有色,小金属,48.19,1.1333,0.0
600300,维维股份,软饮料,3.04,-0.6536,0.0
600299,安迪苏,饲料,8.06,-0.2475,0.0
600298,安琪酵母,食品,38.68,-2.5693,0.0
600295,鄂尔多斯,特种钢,12.76,-0.3125,0.0
600293,三峡新材,玻璃,3.93,3.9683,0.0
600292,电投水电,水力发电,11.04,-1.9538,0.0
600289,ST信通,软件服务,4.26,-1.3889,0.0
600288,大恒科技,元器件,10.41,-3.6111,0.0
600287,苏豪时尚,商贸代理,4.96,-0.2012,0.0
600285,羚锐制药,中成药,18.64,-1.009,0.0
600284,浦东建设,建筑工程,5.02,-1.7613,0.0
600283,钱江水利,水务,7.92,-1.2469,0.0
600282,南钢股份,普钢,4.43,0.6818,0.0
600281,华阳新材,小金属,4.58,-1.2931,0.0
600280,中央商场,百货,3.0,-1.3158,0.0
600279,重庆港,港口,4.27,0.0,0.0
600278,东方创业,商贸代理,6.47,-1.2214,0.0
600276,恒瑞医药,化学制药,44.47,-0.8694,0.0
600273,嘉化能源,化工原料,6.15,-0.6462,0.0
600272,开开实业,医药商业,15.15,-0.5906,0.0
600271,航天信息,软件服务,6.55,-0.9077,0.0
600269,赣粤高速,路桥,3.73,-1.061,0.0
600268,国电南自,电气设备,9.9,-1.7857,0.0
600267,海正药业,化学制药,11.54,0.9624,0.0
600266,城建发展,区域地产,4.26,-0.2342,0.0
600265,*ST景谷,林业,22.7,-3.0329,0.0
600262,北方股份,专用机械,14.58,-0.8838,0.0
600261,阳光照明,家用电器,3.28,-2.0896,0.0
600259,中稀有色,小金属,74.03,-7.8885,0.0
600258,首旅酒店,酒店餐饮,10.99,-0.9017,0.0
600257,大湖股份,渔业,5.47,-0.1825,0.0
600256,广汇能源,石油开采,6.8,-0.2933,0.0
600255,鑫科材料,小金属,3.31,-3.7791,0.0
600252,中恒集团,中成药,2.17,1.8779,0.0
600251,冠农股份,农业综合,9.93,-0.997,0.0
600250,南京商旅,商贸代理,8.88,-2.0948,0.0
600249,两面针,日用化工,5.33,-0.5597,0.0
600248,陕建股份,建筑工程,2.79,-0.7117,0.0
600246,万通发展,区域地产,12.91,-9.9721,0.0
600243,*ST海华,运输设备,3.56,0.565,0.0
600241,时代万恒,电气设备,8.04,9.9863,0.0
600239,ST云城,区域地产,1.4,-2.7778,0.0
600238,ST椰岛,红黄酒,4.02,-0.9852,0.0
600237,铜峰电子,元器件,8.78,-6.3966,0.0
600236,桂冠电力,水力发电,9.36,1.2987,0.0
600235,民丰特纸,造纸,5.94,1.3652,0.0
600234,科新发展,装修装饰,19.77,-7.5736,0.0
600233,圆通速递,仓储物流,18.03,0.6138,0.0
600232,金鹰股份,纺织机械,6.91,1.9174,0.0
600231,凌钢股份,普钢,1.61,-2.4242,0.0
600230,沧州大化,化工原料,13.56,-5.4393,0.0
600229,城市传媒,出版业,5.72,-1.7182,0.0
600228,返利科技,互联网,10.14,-4.3396,0.0
600227,赤天化,农药化肥,3.76,-1.0526,0.0
600226,亨通股份,供气供热,5.28,-8.6505,0.0
600223,福瑞达,日用化工,5.61,0.1786,0.0
600222,太龙药业,中成药,8.07,0.4981,0.0
600221,海航控股,空运,1.21,-0.8197,0.0
600219,南山铝业,铝,4.49,-2.603,0.0
600218,全柴动力,汽车配件,7.92,0.6353,0.0
600217,中再资环,环境保护,3.22,-0.6173,0.0
600216,浙江医药,化学制药,12.31,-0.1622,0.0
600215,派斯林,专用机械,6.13,0.4918,0.0
600212,绿能慧充,电气设备,5.69,-6.2603,0.0
600211,西藏药业,生物制药,35.96,-1.4254,0.0
600210,紫江企业,广告包装,6.2,0.0,0.0
600208,衢州发展,全国地产,2.81,-1.0563,0.0
600207,安彩高科,电气设备,5.46,5.814,0.0
600206,有研新材,半导体,51.63,3.6539,0.0
600203,福日电子,元器件,9.68,-3.006,0.0
600202,哈空调,专用机械,5.15,-0.1938,0.0
600201,生物股份,农业综合,11.41,0.0877,0.0
600199,金种子酒,白酒,6.83,-1.585,0.0
600198,大唐电信,通信设备,7.25,-1.4946,0.0
600197,伊力特,白酒,9.17,-1.0787,0.0
600196,复星医药,化学制药,23.24,1.7513,0.0
600195,中牧股份,农业综合,6.67,0.4518,0.0
600192,长城电工,电气设备,7.16,-0.5556,0.0
600191,华资实业,食品,8.86,-2.2075,0.0
600189,泉阳泉,软饮料,8.19,-10.0,0.0
600188,兖矿能源,煤炭开采,19.66,-0.5061,0.0
600187,*ST国中,水务,1.24,-2.3622,0.0
600186,莲花控股,食品,12.02,-7.8221,0.0
600185,珠免集团,旅游服务,4.66,-0.8511,0.0
600184,光电股份,专用机械,18.06,-7.1465,0.0
600183,生益科技,元器件,131.95,-3.9176,0.0
600182,S佳通,汽车配件,12.28,-2.4623,0.0
600180,*ST瑞茂,仓储物流,1.5,-3.2258,0.0
600179,安通控股,水运,4.39,-1.3483,0.0
600178,东安动力,汽车配件,10.08,3.7037,0.0
600177,雅戈尔,服饰,8.29,0.0,0.0
600176,中国巨石,玻璃,39.27,-8.8017,0.0
600173,卧龙新能,全国地产,5.73,-0.8651,0.0
600172,黄河旋风,矿物制品,16.5,-2.3091,0.0
600171,上海贝岭,半导体,22.18,-3.0594,0.0
600170,上海建工,建筑工程,2.17,-1.3636,0.0
600169,ST太重,工程机械,2.16,-0.9174,0.0
600168,武汉控股,水务,4.34,-0.9132,0.0
600167,联美控股,供气供热,5.48,-0.5445,0.0
600166,福田汽车,汽车整车,2.75,-0.3623,0.0
600165,宁科生物,化工原料,3.37,4.9844,0.0
600163,中闽能源,新型电力,5.38,-2.7125,0.0
600162,香江控股,全国地产,4.39,0.9195,0.0
600161,天坛生物,生物制药,12.22,0.9917,0.0
600160,巨化股份,化工原料,33.54,-1.2658,0.0
600159,大龙地产,区域地产,2.72,-0.3663,0.0
600158,中体产业,文教休闲,6.93,-1.4225,0.0
600157,永泰能源,火力发电,1.43,-2.7211,0.0
600156,华升股份,纺织,8.26,-9.9237,0.0
600155,华创云信,证券,5.81,-2.1886,0.0
600153,建发股份,仓储物流,8.46,0.3559,0.0
600152,维科技术,电气设备,7.56,-1.3055,0.0
600151,航天机电,汽车配件,9.18,-1.8182,0.0
600150,中国船舶,船舶,38.08,-0.0263,0.0
600149,廊坊发展,综合类,5.04,-0.198,0.0
600148,长春一东,汽车配件,15.74,-0.1902,0.0
600143,金发科技,塑料,12.88,-1.4537,0.0
600141,兴发集团,农药化肥,27.07,-3.1485,0.0
600138,中青旅,旅游景点,6.93,-1.0,0.0
600137,浪莎股份,服饰,17.88,-0.2789,0.0
600136,ST明诚,房产服务,1.45,-2.027,0.0
600135,乐凯胶片,塑料,7.41,-2.7559,0.0
600133,东湖高新,环境保护,7.72,-2.1546,0.0
600132,重庆啤酒,啤酒,37.6,0.1065,0.0
600131,国网信通,通信设备,14.05,-0.2131,0.0
600130,波导股份,元器件,4.53,-3.617,0.0
600129,太极集团,中成药,13.34,0.075,0.0
600128,苏豪弘业,商贸代理,8.61,0.7018,0.0
600127,金健米业,农业综合,14.84,-10.0061,0.0
600126,杭钢股份,普钢,5.92,-2.3102,0.0
600125,铁龙物流,铁路,5.2,-0.7634,0.0
600123,兰花科创,煤炭开采,6.97,-0.1433,0.0
600121,郑州煤电,煤炭开采,5.1,4.0816,0.0
600120,浙江东方,多元金融,4.58,-1.2931,0.0
600119,*ST长投,仓储物流,4.79,-4.2,0.0
600118,中国卫星,航空,56.11,-3.1083,0.0
600117,西宁特钢,特种钢,2.13,-1.8433,0.0
600116,三峡水利,水力发电,6.11,0.9917,0.0
600115,中国东航,空运,3.31,-1.194,0.0
600114,东睦股份,机械基件,25.19,-5.9373,0.0
600113,浙江东日,区域地产,28.2,-3.0928,0.0
600111,北方稀土,小金属,35.57,-4.0205,0.0
600110,诺德股份,电气设备,10.88,-8.4945,0.0
600109,国金证券,证券,8.0,-1.2346,0.0
600108,亚盛集团,种植业,3.91,-5.3269,0.0
600107,*ST尔雅,服饰,5.65,-1.2238,0.0
600106,重庆路桥,路桥,4.31,-3.3632,0.0
600105,永鼎股份,通信设备,38.28,-9.9929,0.0
600104,上汽集团,汽车整车,10.77,0.4664,0.0
600103,青山纸业,造纸,3.42,-5.2632,0.0
600101,明星电力,水力发电,7.77,-0.3846,0.0
600100,同方股份,IT设备,6.48,-2.7027,0.0
600099,林海股份,汽车整车,9.36,-0.6369,0.0
600098,广州发展,火力发电,6.25,0.0,0.0
600097,开创国际,渔业,9.23,0.3261,0.0
600096,云天化,农药化肥,27.16,-1.4514,0.0
600095,湘财股份,证券,8.52,-3.4014,0.0
600094,大名城,区域地产,3.97,-1.7327,0.0
600089,特变电工,电气设备,17.26,-1.9318,0.0
600088,中视传媒,影视音像,12.61,-2.3238,0.0
600085,同仁堂,中成药,23.33,-0.0428,0.0
600084,*ST尼雅,红黄酒,4.32,-1.3699,0.0
600082,ST海泰,园区开发,3.43,3.6254,0.0
600081,东风科技,汽车配件,10.65,-0.4673,0.0
600080,ST金花,中成药,4.65,-1.6913,0.0
600079,ST人福,化学制药,18.81,-0.0531,0.0
600078,澄星股份,化工原料,9.66,-3.3033,0.0
600076,康欣新材,广告包装,2.1,0.4785,0.0
600075,新疆天业,化工原料,4.53,0.0,0.0
600073,光明肉业,食品,5.46,1.1111,0.0
600072,中船科技,电气设备,8.74,-0.3421,0.0
600071,凤凰光学,元器件,16.16,-3.0594,0.0
600067,冠城新材,电气设备,2.58,-1.9011,0.0
600066,宇通客车,汽车整车,26.22,0.8074,0.0
600064,南京高科,园区开发,7.63,0.1312,0.0
600063,皖维高新,化纤,5.35,-3.4296,0.0
600062,华润双鹤,化学制药,15.98,-0.4361,0.0
600061,国投资本,证券,6.09,-1.6155,0.0
600060,海信视像,家用电器,27.26,0.5904,0.0
600059,古越龙山,红黄酒,11.73,6.6364,0.0
600058,五矿发展,商贸代理,8.66,-1.9253,0.0
600057,厦门象屿,仓储物流,6.03,-1.1475,0.0
600056,中国医药,医药商业,8.84,-0.2257,0.0
600055,万东医疗,医疗保健,10.45,-0.6654,0.0
600054,黄山旅游,旅游景点,10.51,-1.2218,0.0
600053,*ST九鼎,多元金融,7.68,5.7851,0.0
600052,东望时代,供气供热,3.71,1.9231,0.0
600051,宁波联合,综合类,6.25,0.4823,0.0
600050,中国联通,电信运营,4.13,-0.4819,0.0
600048,保利发展,全国地产,5.61,0.8993,0.0
600039,四川路桥,建筑工程,8.62,0.1161,0.0
600038,中直股份,航空,26.79,-0.1491,0.0
600037,歌华有线,影视音像,6.94,-1.8388,0.0
600036,招商银行,银行,40.64,-0.1229,0.0
600035,楚天高速,路桥,3.65,0.0,0.0
600033,福建高速,路桥,3.59,-3.7534,0.0
600032,浙江新能,新型电力,7.43,10.0741,0.0
600031,三一重工,工程机械,17.19,-0.0581,0.0
600030,中信证券,证券,25.94,-1.3313,0.0
600029,南方航空,空运,4.82,-0.823,0.0
600028,中国石化,石油加工,5.41,1.6917,0.0
600027,华电国际,火力发电,4.89,1.2422,0.0
600026,中远海能,水运,21.23,-0.7944,0.0
600025,华能水电,水力发电,9.87,1.2308,0.0
600023,浙能电力,火力发电,5.19,0.9728,0.0
600022,山东钢铁,普钢,1.27,-0.7813,0.0
600021,上海电力,火力发电,12.77,-2.37,0.0
600020,中原高速,路桥,3.8,-1.2987,0.0
600019,宝钢股份,普钢,5.8,-0.6849,0.0
600018,上港集团,港口,5.38,0.3731,0.0
600017,日照港,港口,2.79,0.0,0.0
600016,民生银行,银行,3.44,-0.578,0.0
600015,华夏银行,银行,6.18,-0.8026,0.0
600012,皖通高速,路桥,15.5,-0.2574,0.0
600011,华能国际,火力发电,6.94,2.9674,0.0
600010,包钢股份,普钢,2.06,-1.4354,0.0
600009,上海机场,机场,22.36,-0.4452,0.0
600008,首创环保,水务,2.68,-1.107,0.0
600007,中国国贸,园区开发,19.93,0.6566,0.0
600006,东风股份,汽车整车,5.83,6.1931,0.0
600004,白云机场,机场,7.62,0.5277,0.0
600000,浦发银行,银行,9.16,1.7778,0.0
302132,中航成飞,航空,58.73,1.0843,0.0
301687,新广益,化工原料,50.17,-5.5001,0.0
301678,新恒汇,半导体,51.8,-7.0352,0.0
301668,昊创瑞通,电气设备,29.81,-5.9918,0.0
301667,纳百川,汽车配件,54.3,-4.4519,0.0
301665,泰禾股份,农药化肥,21.64,-1.9039,0.0
301662,宏工科技,专用机械,62.8,-3.9462,0.0
301658,首航新能,电气设备,21.49,-2.0957,0.0
301656,联合动力,汽车配件,13.8,-2.8169,0.0
301638,南网数字,软件服务,20.52,-2.7488,0.0
301636,泽润新能,电气设备,39.53,-4.563,0.0
301633,港迪技术,专用机械,59.8,-7.5591,0.0
301632,广东建科,建筑工程,12.89,-1.3017,0.0
301631,壹连科技,元器件,59.81,-3.6411,0.0
301630,同宇新材,化工原料,196.06,-8.9786,0.0
301629,矽电股份,半导体,264.56,-3.5544,0.0
301628,强达电路,元器件,105.26,-7.2599,0.0
301626,苏州天脉,元器件,301.4,-7.0871,0.0
301622,英思特,矿物制品,36.2,-3.0271,0.0
301618,长联科技,染料涂料,30.03,-2.3732,0.0
301617,博苑新材,化工原料,51.31,-3.0423,0.0
301616,浙江华业,机械基件,35.76,-2.5082,0.0
301613,新铝时代,汽车配件,34.14,-2.6796,0.0
301611,珂玛科技,半导体,89.0,-5.85,0.0
301609,山大电力,电气设备,30.16,-1.5987,0.0
301608,博实结,通信设备,50.2,0.4,0.0
301607,富特科技,汽车配件,42.35,-2.5541,0.0
301606,绿联科技,元器件,50.05,-4.6848,0.0
301603,乔锋智能,机床制造,114.8,-5.9864,0.0
301602,超研股份,医疗保健,16.1,-0.4944,0.0
301601,惠通科技,专用机械,16.3,-7.281,0.0
301600,慧翰股份,通信设备,76.26,-2.8535,0.0
301598,博科测试,专用机械,51.28,-1.0612,0.0
301596,瑞迪智驱,机械基件,45.71,-0.9749,0.0
301595,太力科技,橡胶,46.83,-5.4512,0.0
301592,六九一二,软件服务,111.4,-3.9407,0.0
301591,肯特股份,塑料,41.11,-4.5729,0.0
301590,优优绿能,电气设备,64.46,-5.3173,0.0
301589,诺瓦星云,IT设备,156.03,-1.9296,0.0
301588,美新科技,家居用品,25.8,-3.4431,0.0
301587,中瑞股份,电气设备,22.48,1.9964,0.0
301586,佳力奇,航空,29.06,-1.7247,0.0
301585,蓝宇股份,染料涂料,27.89,-1.6573,0.0
301584,建发致新,医药商业,18.28,-7.2552,0.0
301581,黄山谷捷,半导体,36.15,-0.6868,0.0
301580,爱迪特,医疗保健,52.26,-9.0023,0.0
301578,辰奕智能,IT设备,23.02,-1.371,0.0
301577,美信科技,元器件,55.32,-5.2902,0.0
301575,艾芬达,家居用品,24.64,-0.1621,0.0
301571,国科天成,元器件,67.27,-6.7766,0.0
301568,思泰克,专用机械,69.37,-9.0826,0.0
301567,贝隆精密,元器件,36.88,-3.5313,0.0
301566,达利凯普,元器件,24.33,-9.1147,0.0
301565,中仑新材,塑料,19.32,-3.1579,0.0
301563,云汉芯城,元器件,104.6,-6.8732,0.0
301560,众捷股份,汽车配件,28.23,-3.3881,0.0
301559,中集环科,专用机械,12.62,-0.3946,0.0
301558,三态股份,互联网,6.75,0.2972,0.0
301557,常友科技,电气设备,82.2,-5.4085,0.0
301556,托普云农,软件服务,60.02,-1.445,0.0
301555,惠柏新材,化工原料,35.65,-2.861,0.0
301552,科力装备,汽车配件,24.45,0.6173,0.0
301551,无线传媒,影视音像,21.78,-3.2,0.0
301550,斯菱智驱,汽车配件,91.37,-1.4454,0.0
301548,崇德科技,机械基件,52.21,-5.4509,0.0
301539,宏鑫科技,汽车配件,15.22,0.1316,0.0
301538,骏鼎达,塑料,39.34,-3.9316,0.0
301536,星宸科技,半导体,124.01,-5.0459,0.0
301535,浙江华远,汽车配件,13.45,-2.7477,0.0
301533,威马农机,农用机械,28.28,-1.4291,0.0
301529,福赛科技,汽车配件,132.37,-2.6763,0.0
301528,多浦乐,电器仪表,71.85,-2.8529,0.0
301526,国际复材,玻璃,27.66,-5.3064,0.0
301525,儒竞科技,家用电器,39.13,-0.1786,0.0
301522,上大股份,小金属,22.02,-4.0105,0.0
301520,万邦医药,生物制药,72.02,-2.9249,0.0
301519,舜禹股份,专用机械,12.06,-0.659,0.0
301518,长华化学,化工原料,24.0,-2.834,0.0
301517,陕西华达,元器件,35.8,-4.9389,0.0
301516,中远通,电气设备,18.53,-4.2377,0.0
301515,港通医疗,医疗保健,20.19,-0.9323,0.0
301512,智信精密,专用机械,30.88,-2.4945,0.0
301511,德福科技,电气设备,93.8,-9.1965,0.0
301510,固高科技,电器仪表,26.73,-3.1873,0.0
301509,金凯生科,化学制药,30.8,-1.2504,0.0
301508,中机认检,电器仪表,23.96,-1.1551,0.0
301507,民生健康,化学制药,13.1,-0.4559,0.0
301505,苏州规划,建筑工程,18.1,-0.9847,0.0
301503,智迪科技,IT设备,22.1,-0.5401,0.0
301502,华阳智能,电气设备,49.91,-4.0561,0.0
301501,恒鑫生活,造纸,26.92,-3.2699,0.0
301500,飞南资源,环境保护,23.87,-5.4279,0.0
301499,维科精密,汽车配件,25.72,-2.7967,0.0
301498,乖宝宠物,饲料,38.98,-1.7393,0.0
301491,汉桑科技,IT设备,36.1,-2.5641,0.0
301489,思泉新材,元器件,112.6,-9.42,0.0
301488,豪恩汽电,汽车配件,90.79,-3.209,0.0
301487,盟固利,化工原料,15.02,-3.5944,0.0
301486,致尚科技,元器件,182.0,-11.6505,0.0
301479,弘景光电,元器件,48.8,-5.7915,0.0
301469,恒达新材,造纸,28.62,-1.4123,0.0
301468,博盈特焊,专用机械,30.79,-4.1109,0.0
301459,丰茂股份,汽车配件,31.51,-1.0364,0.0
301458,钧崴电子,元器件,35.76,-7.8113,0.0
301456,盘古智能,电气设备,25.7,1.5409,0.0
301449,天溯计量,电器仪表,39.76,-1.8029,0.0
301448,开创电气,机械基件,53.29,3.3553,0.0
301446,福事特,机械基件,39.16,-0.7099,0.0
301439,泓淋电力,电气设备,13.85,-1.6335,0.0
301429,森泰股份,其他建材,17.37,-0.2298,0.0
301428,世纪恒通,互联网,26.49,-3.0026,0.0
301421,波长光电,元器件,73.14,-7.2298,0.0
301419,阿莱德,通信设备,41.53,-8.8655,0.0
301418,协昌科技,电气设备,34.5,-2.0443,0.0
301413,安培龙,电器仪表,52.76,-5.0225,0.0
301408,华人健康,医药商业,14.57,-1.8855,0.0
301399,英特科技,机械基件,20.42,-4.8462,0.0
301398,星源卓镁,汽车配件,38.0,-1.3499,0.0
301397,溯联股份,汽车配件,22.29,-3.2132,0.0
301396,宏景科技,软件服务,165.07,-6.661,0.0
301395,仁信新材,化工原料,11.83,-2.0695,0.0
301393,昊帆生物,化工原料,66.05,-1.3885,0.0
301392,汇成真空,专用机械,157.65,-6.9966,0.0
301391,卡莱特,IT设备,44.07,-3.1854,0.0
301390,经纬股份,建筑工程,40.19,-9.093,0.0
301389,隆扬电子,元器件,53.67,-9.0493,0.0
301388,欣灵电气,电气设备,25.38,-0.3142,0.0
301387,光大同创,元器件,50.69,-8.9456,0.0
301386,未来电器,电气设备,21.09,-1.9526,0.0
301383,天键股份,元器件,23.13,-3.3835,0.0
301382,蜂助手,互联网,37.69,-3.2349,0.0
301381,赛维时代,互联网,23.83,-1.5289,0.0
301380,挖金客,软件服务,33.85,-1.8841,0.0
301379,天山电子,元器件,19.99,-5.9294,0.0
301378,通达海,软件服务,24.93,-1.0322,0.0
301377,鼎泰高科,机械基件,350.31,-7.5675,0.0
301376,致欧科技,家居用品,22.65,-0.8753,0.0
301373,凌玮科技,化工原料,122.52,-10.36,0.0
301372,科净源,环境保护,34.04,-1.2761,0.0
301371,敷尔佳,日用化工,20.61,-1.2931,0.0
301370,国科恒泰,医药商业,8.55,-0.3497,0.0
301369,联动科技,半导体,139.51,-6.6261,0.0
301368,丰立智能,机械基件,38.6,-0.8986,0.0
301367,瑞迈特,医疗保健,46.34,0.1513,0.0
301366,一博科技,元器件,68.75,-6.0536,0.0
301365,矩阵股份,建筑工程,34.53,-4.349,0.0
301363,美好医疗,医疗保健,16.15,-2.4169,0.0
301362,民爆光电,电气设备,106.02,-7.64,0.0
301361,众智科技,电气设备,26.78,-1.3628,0.0
301360,荣旗科技,专用机械,62.56,-4.7068,0.0
301359,东南电子,元器件,19.43,-3.1888,0.0
301358,湖南裕能,电气设备,49.5,-3.659,0.0
301357,北方长龙,专用机械,89.26,-4.6368,0.0
301356,天振股份,家居用品,19.87,-8.6437,0.0
301355,南王科技,广告包装,12.05,0.5843,0.0
301353,普莱得,专用机械,20.29,-1.169,0.0
301349,信德新材,化工原料,43.33,-6.1105,0.0
301348,蓝箭电子,半导体,21.95,-2.7039,0.0
301345,涛涛车业,摩托车,229.61,-2.8969,0.0
301339,通行宝,IT设备,12.61,-6.2454,0.0
301338,凯格精机,专用机械,89.22,-10.7086,0.0
301337,亚华电子,软件服务,27.23,-2.2262,0.0
301336,趣睡科技,家居用品,41.69,-4.271,0.0
301335,天元宠物,文教休闲,25.82,0.6235,0.0
301333,诺思格,医疗保健,66.19,2.9554,0.0
301332,德尔玛,家用电器,7.61,-0.2621,0.0
301331,恩威医药,中成药,21.35,-1.2031,0.0
301330,熵基科技,IT设备,25.58,-1.3498,0.0
301329,信音电子,元器件,19.93,-3.0642,0.0
301328,维峰电子,元器件,46.5,-7.7198,0.0
301327,华宝新能,电气设备,40.9,-1.4458,0.0
301326,捷邦科技,元器件,94.41,-10.2737,0.0
301325,曼恩斯特,专用机械,30.16,-3.6422,0.0
301323,新莱福,橡胶,73.98,-4.6404,0.0
301322,绿通科技,摩托车,43.55,-7.9476,0.0
301321,翰博高新,元器件,47.08,-8.1903,0.0
301320,豪江智能,电气设备,14.07,0.2137,0.0
301319,唯特偶,元器件,86.66,-9.0947,0.0
301318,维海德,IT设备,21.15,-0.8903,0.0
301317,鑫磊股份,机械基件,44.36,-8.893,0.0
301316,慧博云通,软件服务,38.5,-6.9824,0.0
301315,威士顿,软件服务,43.86,-0.7468,0.0
301314,科瑞思,元器件,45.87,-5.8111,0.0
301313,凡拓数创,文教休闲,29.36,-4.7372,0.0
301312,智立方,专用机械,80.91,-7.0,0.0
301311,昆船智能,机械基件,18.3,1.7798,0.0
301310,鑫宏业,汽车配件,57.41,3.4974,0.0
301309,万得凯,机械基件,29.85,-1.906,0.0
301308,江波龙,半导体,312.0,-5.9589,0.0
301307,美利信,通信设备,57.04,-1.8413,0.0
301306,西测测试,航空,90.39,-8.0281,0.0
301305,朗坤科技,环境保护,24.68,-6.1597,0.0
301303,真兰仪表,电器仪表,13.88,-3.9446,0.0
301302,华如科技,软件服务,20.93,-3.6372,0.0
301301,川宁生物,化学制药,8.01,-0.1247,0.0
301300,远翔新材,化工原料,32.12,-1.8637,0.0
301299,卓创资讯,互联网,45.39,-2.282,0.0
301298,东利机械,汽车配件,12.79,-0.234,0.0
301297,富乐德,半导体,46.91,-7.5118,0.0
301296,新巨丰,广告包装,6.32,-0.9404,0.0
301295,美硕科技,电气设备,36.35,-2.5208,0.0
301293,三博脑科,医疗保健,48.29,-3.3233,0.0
301292,海科新源,化工原料,55.02,-3.7439,0.0
301291,明阳电气,电气设备,33.99,-3.19,0.0
301290,东星医疗,医疗保健,28.26,-4.2034,0.0
301289,国缆检测,电器仪表,45.08,0.4233,0.0
301288,清研环境,环境保护,16.81,-0.9428,0.0
301287,康力源,文教休闲,41.39,0.9512,0.0
301286,侨源股份,化工原料,43.8,-7.105,0.0
301285,鸿日达,元器件,91.0,-7.3697,0.0
301283,聚胶股份,日用化工,25.24,-1.7134,0.0
301282,金禄电子,元器件,40.03,-8.1881,0.0
301281,科源制药,化学制药,46.9,-4.9067,0.0
301280,珠城科技,元器件,41.47,-4.6667,0.0
301279,金道科技,工程机械,23.53,-3.7628,0.0
301278,快可电子,电气设备,28.81,-2.1399,0.0
301277,新天地,化学制药,10.35,1.0742,0.0
301276,嘉曼服饰,服饰,17.3,-1.3683,0.0
301275,汉朔科技,元器件,38.96,-2.8429,0.0
301273,瑞晨环保,机械基件,36.18,-1.7649,0.0
301272,英华特,专用机械,35.12,-0.4817,0.0
301270,汉仪股份,软件服务,31.42,-3.1741,0.0
301269,华大九天,半导体,86.45,-1.2677,0.0
301268,铭利达,机械基件,11.63,-3.164,0.0
301267,华厦眼科,医疗保健,14.93,0.1341,0.0
301266,宇邦新材,电气设备,24.4,-3.7475,0.0
301265,华新科技,环境保护,21.68,-0.6416,0.0
301263,泰恩康,医药商业,18.8,-5.0984,0.0
301262,海看股份,影视音像,20.06,1.6726,0.0
301261,恒工精密,机械基件,53.61,-2.6158,0.0
301260,格力博,专用机械,11.66,-0.8503,0.0
301259,艾布鲁,环境保护,19.43,-6.7211,0.0
301258,富士莱,化学制药,26.44,-1.3801,0.0
301257,普蕊斯,医疗保健,40.47,-0.8088,0.0
301256,华融化学,化工原料,9.78,-2.4925,0.0
301255,通力科技,机械基件,18.95,-1.0444,0.0
301252,同星科技,机械基件,37.85,-7.0481,0.0
301251,威尔高,元器件,82.68,-6.8709,0.0
301248,杰创智能,软件服务,54.63,-7.2653,0.0
301246,宏源药业,化学制药,17.1,-3.2258,0.0
301239,普瑞眼科,医疗保健,31.72,0.6984,0.0
301238,瑞泰新材,化工原料,15.23,-3.0554,0.0
301237,和顺科技,塑料,37.35,-7.2511,0.0
301236,软通动力,软件服务,35.55,-1.1127,0.0
301235,华康洁净,医疗保健,42.67,-7.6407,0.0
301234,五洲医疗,医疗保健,128.01,4.4127,0.0
301233,盛帮股份,汽车配件,35.07,-2.0938,0.0
301232,飞沃科技,机械基件,84.45,-5.6635,0.0
301231,荣信文化,出版业,28.9,-3.4091,0.0
301230,泓博医药,生物制药,38.1,-0.2095,0.0
301229,纽泰格,汽车配件,11.79,-1.586,0.0
301228,实朴检测,电器仪表,51.76,-6.1469,0.0
301227,森鹰窗业,家居用品,31.16,-4.0345,0.0
301226,祥明智能,电气设备,36.89,4.2385,0.0
301225,恒勃股份,汽车配件,57.73,-3.9434,0.0
301223,中荣股份,广告包装,18.24,-2.0934,0.0
301222,浙江恒威,电气设备,24.9,-0.9152,0.0
301221,光庭信息,软件服务,26.68,-1.5861,0.0
301220,亚香股份,化工原料,29.63,-5.1536,0.0
301219,腾远钴业,小金属,38.75,-3.2459,0.0
301218,华是科技,软件服务,53.2,5.8917,0.0
301217,铜冠铜箔,元器件,100.5,-10.5076,0.0
301216,万凯新材,化工原料,16.4,-3.8123,0.0
301215,中汽股份,汽车服务,5.22,-1.3233,0.0
301213,观想科技,软件服务,42.71,-4.0225,0.0
301212,联盛化学,化工原料,26.02,-1.0646,0.0
301211,亨迪药业,化学制药,12.43,1.6353,0.0
301210,金杨精密,电气设备,29.3,-2.9801,0.0
301209,联合化学,染料涂料,59.19,-2.8079,0.0
301208,中亦科技,软件服务,29.97,-0.8601,0.0
301207,华兰疫苗,生物制药,19.78,2.6466,0.0
301206,三元生物,食品,23.48,-0.7188,0.0
301205,联特科技,通信设备,266.8,-13.3766,0.0
301203,国泰环保,环境保护,33.06,-2.5641,0.0
301202,朗威股份,机械基件,36.32,-4.0169,0.0
301201,诚达药业,生物制药,29.41,-2.4544,0.0
301200,大族数控,专用机械,233.38,-4.1639,0.0
301199,迈赫股份,专用机械,18.03,-0.4417,0.0
301198,喜悦智行,塑料,13.86,-5.7784,0.0
301197,工大科雅,软件服务,26.4,-4.209,0.0
301196,唯科科技,专用机械,82.2,-5.7339,0.0
301195,北路智控,软件服务,26.83,-1.1422,0.0
301193,家联科技,家居用品,22.51,-5.4599,0.0
301192,泰祥股份,汽车配件,19.62,-0.9591,0.0
301191,菲菱科思,通信设备,79.11,-6.6328,0.0
301190,善水科技,染料涂料,24.95,20.0096,0.0
301189,奥尼电子,IT设备,69.86,-7.8243,0.0
301188,力诺药包,玻璃,33.88,-4.4288,0.0
301187,欧圣电气,家用电器,15.76,0.2545,0.0
301186,超达装备,专用机械,33.22,-9.3093,0.0
301185,鸥玛软件,软件服务,17.1,-1.4409,0.0
301183,东田微,元器件,282.0,-8.0235,0.0
301182,凯旺科技,元器件,61.33,-10.9999,0.0
301181,标榜股份,汽车配件,25.75,-2.4252,0.0
301180,万祥科技,元器件,11.41,-1.2121,0.0
301179,泽宇智能,软件服务,19.44,-2.7027,0.0
301178,天亿马,软件服务,34.7,-3.2887,0.0
301177,迪阿股份,服饰,22.86,-0.8673,0.0
301176,逸豪新材,元器件,53.54,-8.369,0.0
301175,中科环保,环境保护,5.52,-0.5405,0.0
301173,毓恬冠佳,汽车配件,33.53,0.9636,0.0
301172,君逸数码,软件服务,17.45,-4.5927,0.0
301171,易点天下,互联网,32.19,-3.9391,0.0
301170,锡南科技,汽车配件,22.97,-0.4766,0.0
301169,零点有数,文教休闲,51.04,-4.0602,0.0
301168,通灵股份,电气设备,39.98,0.4018,0.0
301167,建研设计,建筑工程,13.5,0.9723,0.0
301166,优宁维,医药商业,33.15,0.3937,0.0
301165,锐捷网络,通信设备,102.37,-8.3527,0.0
301163,宏德股份,电气设备,23.64,0.8532,0.0
301162,国能日新,软件服务,36.62,-0.2995,0.0
301161,唯万密封,工程机械,29.25,-4.7231,0.0
301160,翔楼新材,机械基件,41.29,-8.4682,0.0
301159,三维天地,软件服务,31.64,-1.8915,0.0
301158,德石股份,专用机械,14.15,-0.8409,0.0
301157,华塑科技,电气设备,63.0,-4.8195,0.0
301156,美农生物,饲料,11.88,0.5927,0.0
301155,海力风电,电气设备,42.41,-1.6009,0.0
301153,中科江南,软件服务,16.92,-0.7042,0.0
301152,天力锂能,小金属,20.67,-1.6651,0.0
301151,冠龙节能,机械基件,20.82,-3.0726,0.0
301150,中一科技,电气设备,41.71,-9.3261,0.0
301149,隆华新材,化工原料,8.56,-3.9282,0.0
301148,嘉戎技术,环境保护,57.19,-2.3395,0.0
301141,中科磁业,矿物制品,35.76,-5.3718,0.0
301139,*ST元道,通信设备,0.0,0.0,0.0
301138,华研精机,专用机械,29.11,-2.7397,0.0
301137,哈焊华通,机械基件,29.86,-2.8627,0.0
301136,招标股份,建筑工程,12.75,-4.1353,0.0
301135,瑞德智能,元器件,18.02,0.6142,0.0
301133,金钟股份,汽车配件,25.59,-4.4079,0.0
301132,满坤科技,元器件,64.75,-7.9864,0.0
301131,聚赛龙,塑料,33.07,-1.6067,0.0
301130,西点药业,化学制药,28.15,-0.1419,0.0
301129,瑞纳智能,电器仪表,23.67,-2.0281,0.0
301128,强瑞技术,专用机械,107.6,-8.5811,0.0
301127,武汉天源,环境保护,15.04,-9.1787,0.0
301126,达嘉维康,医药商业,10.31,-0.4826,0.0
301125,腾亚精工,机械基件,14.37,-2.3114,0.0
301123,奕东电子,元器件,69.84,-9.0625,0.0
301122,采纳股份,医疗保健,64.71,1.8414,0.0
301121,紫建电子,电气设备,35.4,-2.1829,0.0
301120,新特电气,电气设备,14.15,-3.2809,0.0
301119,正强股份,汽车配件,26.24,-2.2719,0.0
301118,恒光股份,化工原料,23.11,-1.3237,0.0
301117,ST佳缘,软件服务,11.91,-8.2435,0.0
301116,益客食品,食品,9.16,0.4386,0.0
301115,联检科技,建筑工程,33.9,-11.6727,0.0
301113,雅艺科技,家居用品,17.57,-0.9583,0.0
301112,信邦智能,专用机械,29.46,-2.7723,0.0
301111,粤万年青,中成药,21.63,-3.3512,0.0
301110,青木科技,互联网,35.3,-3.2877,0.0
301109,军信股份,环境保护,12.56,-1.1024,0.0
301108,洁雅股份,日用化工,52.55,1.6244,0.0
301107,瑜欣电子,机械基件,23.51,-7.0384,0.0
301106,骏成科技,元器件,18.69,-3.0602,0.0
301105,鸿铭股份,专用机械,48.15,-3.507,0.0
301103,何氏眼科,医疗保健,16.45,-0.7242,0.0
301102,兆讯传媒,广告包装,9.44,-0.6316,0.0
301101,明月镜片,文教休闲,29.9,-0.5984,0.0
301100,风光股份,化工原料,16.11,2.156,0.0
301099,雅创电子,元器件,56.48,2.4116,0.0
301098,金埔园林,建筑工程,8.59,-3.4831,0.0
301097,天益医疗,医疗保健,34.4,-0.1451,0.0
301096,百诚医药,医疗保健,45.99,-4.6444,0.0
301095,广立微,半导体,70.56,-5.8698,0.0
301093,华兰股份,医疗保健,63.38,-6.4502,0.0
301092,争光股份,化工原料,42.39,-5.5902,0.0
301091,深城交,建筑工程,19.49,-0.7132,0.0
301090,华润材料,化工原料,6.93,-2.1186,0.0
301089,拓新药业,化学制药,24.42,1.9199,0.0
301088,戎美股份,服饰,13.31,-2.0603,0.0
301087,可孚医疗,医疗保健,53.23,-1.8078,0.0
301086,鸿富瀚,元器件,157.99,-5.3329,0.0
301085,亚康股份,软件服务,76.18,-9.2987,0.0
301083,百胜智能,专用机械,14.26,-2.3288,0.0
301082,久盛电气,电气设备,9.55,-1.6478,0.0
301081,严牌股份,环境保护,17.59,5.9639,0.0
301080,百普赛斯,生物制药,120.82,-0.486,0.0
301079,邵阳液压,机械基件,26.98,-2.3878,0.0
301078,孩子王,其他商业,6.85,-1.0116,0.0
301077,星华新材,化工原料,21.37,-2.4201,0.0
301076,新瀚新材,化工原料,20.48,-3.1678,0.0
301075,多瑞医药,化学制药,63.84,-3.6523,0.0
301073,君亭酒店,酒店餐饮,17.21,-3.0423,0.0
301072,中捷精工,汽车配件,45.29,-4.5924,0.0
301071,力量钻石,矿物制品,65.98,-4.4322,0.0
301070,开勒股份,机械基件,64.37,-1.875,0.0
301069,凯盛新材,化工原料,15.34,-3.2177,0.0
301068,大地海洋,环境保护,23.84,-4.9063,0.0
301067,显盈科技,元器件,32.65,-5.6631,0.0
301066,万事利,纺织,12.39,-2.1327,0.0
301065,本立科技,化学制药,20.0,0.2506,0.0
301063,海锅股份,电气设备,18.53,0.5426,0.0
301062,上海艾录,广告包装,6.86,-2.0,0.0
301061,匠心家居,家居用品,41.28,-1.8312,0.0
301060,兰卫医学,医疗保健,11.85,-0.0843,0.0
301059,金三江,化工原料,13.05,-1.2112,0.0
301058,中粮科工,建筑工程,8.39,-1.2941,0.0
301057,汇隆新材,化纤,22.36,-8.6601,0.0
301056,森赫股份,运输设备,13.07,-2.608,0.0
301055,张小泉,家居用品,29.7,-5.7442,0.0
301053,远信工业,专用机械,34.73,-3.8749,0.0
301052,果麦文化,出版业,23.61,-2.8795,0.0
301051,信濠光电,元器件,17.29,-6.0326,0.0
301050,雷电微力,航空,26.96,-3.1261,0.0
301049,超越科技,环境保护,20.38,-1.2118,0.0
301048,金鹰重工,运输设备,8.91,-0.1121,0.0
301047,义翘神州,生物制药,146.0,-0.5856,0.0
301046,能辉科技,建筑工程,33.65,-2.3789,0.0
301045,天禄科技,元器件,66.62,-8.0977,0.0
301043,绿岛风,机械基件,48.35,-1.145,0.0
301042,安联锐视,IT设备,29.2,-5.1948,0.0
301041,金百泽,元器件,35.22,-6.255,0.0
301040,中环海陆,机械基件,25.88,-2.0439,0.0
301039,中集车辆,汽车整车,7.26,0.9736,0.0
301038,深水规院,建筑工程,16.36,-0.9685,0.0
301037,保立佳,染料涂料,13.16,0.3049,0.0
301036,双乐股份,染料涂料,22.26,-0.7136,0.0
301035,润丰股份,农药化肥,48.77,1.1196,0.0
301033,迈普医学,医疗保健,53.93,-0.7728,0.0
301032,新柴股份,工程机械,10.28,0.5871,0.0
301031,中熔电气,电气设备,94.23,-5.2774,0.0
301030,*ST仕净,环境保护,4.85,-9.0056,0.0
301029,怡合达,专用机械,24.37,-2.4029,0.0
301028,鼎熔岩,专用机械,13.04,-5.9163,0.0
301027,华蓝集团,建筑工程,18.78,-2.6943,0.0
301026,浩通科技,小金属,18.43,-2.28,0.0
301025,读客文化,出版业,9.84,-1.5015,0.0
301024,霍普股份,建筑工程,33.59,-1.0895,0.0
301023,奕帆传动,电气设备,28.94,-0.584,0.0
301022,海泰科,专用机械,22.19,-0.4933,0.0
301021,英诺激光,专用机械,81.15,-5.8038,0.0
301020,密封科技,汽车配件,22.63,-7.7832,0.0
301019,宁波色母,塑料,15.66,0.0639,0.0
301018,申菱环境,专用机械,91.74,-6.0041,0.0
301017,漱玉平民,医药商业,12.97,-2.1132,0.0
301016,雷尔伟,运输设备,15.11,-1.0478,0.0
301015,百洋医药,医药商业,24.95,-1.1098,0.0
301013,利和兴,专用机械,34.54,-8.1871,0.0
301012,扬电科技,电气设备,22.17,-3.3987,0.0
301011,华立科技,文教休闲,15.35,-3.8221,0.0
301010,晶雪节能,其他建材,19.46,0.4128,0.0
301009,可靠股份,造纸,9.2,-0.9688,0.0
301008,宏昌科技,家用电器,55.4,-4.7128,0.0
301007,德迈仕,汽车配件,30.4,-5.7949,0.0
301006,迈拓股份,电器仪表,13.76,-1.0784,0.0
301005,超捷股份,汽车配件,58.36,-4.1078,0.0
301004,嘉益股份,家居用品,38.28,17.0642,0.0
301003,江苏博云,塑料,56.4,-3.1261,0.0
301002,崧盛股份,电气设备,26.29,-4.3304,0.0
301001,凯淳股份,互联网,25.31,-0.9393,0.0
301000,肇民科技,汽车配件,23.73,-2.706,0.0
300999,金龙鱼,食品,24.18,-1.5071,0.0
300998,宁波方正,专用机械,29.32,-1.0462,0.0
300997,欢乐家,软饮料,15.09,-2.013,0.0
300996,普联软件,软件服务,12.05,-3.135,0.0
300995,奇德新材,塑料,26.05,-1.0634,0.0
300994,久祺股份,文教休闲,11.36,1.1576,0.0
300993,玉马科技,家居用品,9.72,-2.2133,0.0
300992,泰福泵业,机械基件,27.69,-2.6371,0.0
300991,创益通,元器件,26.2,-9.3739,0.0
300990,同飞股份,专用机械,99.1,-5.1947,0.0
300989,蕾奥规划,建筑工程,14.73,-3.283,0.0
300988,津荣天宇,机械基件,16.14,-1.3447,0.0
300987,川网传媒,互联网,14.05,-1.8855,0.0
300986,志特新材,建筑工程,11.04,-4.7455,0.0
300985,致远新能,汽车配件,34.89,-7.5272,0.0
300984,金沃股份,机械基件,30.89,-3.1965,0.0
300983,尤安设计,建筑工程,37.24,-2.0,0.0
300982,苏文电能,建筑工程,14.22,-0.8368,0.0
300981,中红医疗,医疗保健,18.57,5.4514,0.0
300980,祥源新材,塑料,22.98,-2.997,0.0
300979,华利集团,服饰,34.02,-0.4681,0.0
300978,东箭科技,汽车配件,8.74,-0.3421,0.0
300977,深圳瑞捷,建筑工程,18.9,-3.1762,0.0
300976,达瑞电子,元器件,57.59,-7.7527,0.0
300975,商络电子,元器件,23.92,-8.106,0.0
300973,立高食品,食品,25.51,0.4726,0.0
300972,万辰集团,食品,155.6,0.219,0.0
300971,博亚精工,机械基件,17.4,-1.528,0.0
300970,华绿生物,种植业,17.03,-3.3485,0.0
300969,恒帅股份,汽车配件,74.56,-4.7278,0.0
300968,格林精密,元器件,9.55,-2.6504,0.0
300967,晓鸣股份,农业综合,16.15,0.0,0.0
300966,共同药业,化学制药,24.74,-2.9042,0.0
300965,恒宇信通,航空,42.12,-2.2511,0.0
300964,本川智能,元器件,71.88,-5.7435,0.0
300963,中洲特材,小金属,10.61,-2.7498,0.0
300962,中金辐照,医疗保健,12.96,-1.5198,0.0
300961,深水海纳,环境保护,11.58,-2.1959,0.0
300960,通业科技,运输设备,18.97,-0.1053,0.0
300959,线上线下,电信运营,86.0,-5.536,0.0
300958,建工修复,环境保护,12.39,0.1617,0.0
300957,贝泰妮,日用化工,32.45,-1.4876,0.0
300956,英力股份,元器件,11.03,-2.6478,0.0
300955,嘉亨家化,日用化工,27.88,-3.0935,0.0
300953,震裕科技,电气设备,93.75,-3.1508,0.0
300952,恒辉安防,纺织,16.8,-0.885,0.0
300951,博硕科技,元器件,79.1,-12.8086,0.0
300950,德固特,专用机械,20.5,0.0,0.0
300949,奥雅股份,建筑工程,23.74,0.2111,0.0
300948,冠中生态,环境保护,18.13,-7.6414,0.0
300947,德必集团,房产服务,15.21,-2.6248,0.0
300946,恒而达,机械基件,36.34,-2.3643,0.0
300945,曼卡龙,服饰,11.14,-2.1949,0.0
300943,春晖智控,机械基件,32.97,-8.5944,0.0
300942,易瑞生物,医疗保健,6.52,-0.458,0.0
300941,创识科技,IT设备,14.96,-0.4657,0.0
300940,南极光,元器件,13.33,-2.4158,0.0
300939,秋田微,元器件,96.95,-5.2575,0.0
300938,信测标准,电器仪表,30.31,-3.4713,0.0
300937,药易购,医药商业,24.1,-1.1079,0.0
300936,中英科技,元器件,71.79,-9.0575,0.0
300935,盈建科,软件服务,27.2,-1.485,0.0
300933,中辰股份,电气设备,6.3,-3.3742,0.0
300932,三友联众,电气设备,10.8,-2.3508,0.0
300931,通用电梯,运输设备,17.0,-2.6346,0.0
300930,屹通新材,小金属,25.45,-0.857,0.0
300929,华骐环保,环境保护,15.66,-2.2472,0.0
300928,华安鑫创,汽车配件,24.06,-2.7093,0.0
300927,江天化学,化工原料,26.79,-1.4349,0.0
300926,博俊科技,汽车配件,16.02,-3.0266,0.0
300925,法本信息,软件服务,13.56,-2.0231,0.0
300923,研奥股份,运输设备,23.7,-1.8227,0.0
300922,天秦装备,专用机械,17.09,-3.4463,0.0
300921,南凌科技,互联网,15.64,-2.9777,0.0
300920,润阳科技,塑料,31.36,-6.8884,0.0
300919,中伟新材,电气设备,36.17,-3.8032,0.0
300918,南山智尚,纺织,10.7,-1.7447,0.0
300917,特发服务,房产服务,31.88,1.3672,0.0
300916,朗特智能,元器件,27.53,-0.8285,0.0
300915,海融科技,乳制品,23.27,0.8669,0.0
300913,兆龙互连,通信设备,36.03,-8.8079,0.0
300912,凯龙高科,汽车配件,19.44,-2.5075,0.0
300911,亿田智能,家用电器,32.83,-6.6003,0.0
300910,瑞丰新材,化工原料,27.29,-1.5157,0.0
300909,汇创达,元器件,61.2,-5.4242,0.0
300908,仲景食品,食品,17.27,2.2499,0.0
300907,康平科技,电气设备,51.54,-8.6818,0.0
300906,日月明,运输设备,28.16,-2.2222,0.0
300905,宝丽迪,染料涂料,34.97,-6.7467,0.0
300904,威力传动,电气设备,47.92,1.9574,0.0
300903,科翔股份,元器件,94.6,-8.6873,0.0
300902,国安达,专用机械,17.87,-4.6425,0.0
300901,中胤时尚,服饰,16.73,-5.7465,0.0
300900,广联航空,航空,21.67,-4.3267,0.0
300899,上海凯鑫,环境保护,29.5,-2.2855,0.0
300898,熊猫乳品,乳制品,20.25,2.5316,0.0
300897,山科智能,电器仪表,16.8,-4.0548,0.0
300896,爱美客,医疗保健,91.63,-0.6829,0.0
300895,铜牛信息,软件服务,59.11,-5.7106,0.0
300894,火星人,家用电器,9.92,-3.3138,0.0
300893,松原安全,汽车配件,13.18,-4.0058,0.0
300892,品渥食品,乳制品,22.44,0.2233,0.0
300891,惠云钛业,化工原料,7.5,-1.3158,0.0
300890,翔丰华,电气设备,25.44,-3.0857,0.0
300889,爱克股份,电气设备,21.37,-6.0659,0.0
300888,稳健医疗,医疗保健,29.24,-0.7805,0.0
300887,谱尼测试,电器仪表,6.95,-0.9972,0.0
300886,华业香料,化工原料,23.65,-1.335,0.0
300885,海昌新材,机械基件,18.56,-1.7989,0.0
300884,狄耐克,IT设备,11.93,-2.2131,0.0
300883,龙利得,造纸,6.32,-1.5576,0.0
300882,万胜智能,电器仪表,13.07,-1.6554,0.0
300881,盛德鑫泰,钢加工,29.81,-2.804,0.0
300880,迦南智能,电器仪表,18.23,-3.9515,0.0
300879,大叶股份,农用机械,17.32,-2.2021,0.0
300878,维康药业,中成药,29.8,-3.5599,0.0
300877,金春股份,纺织,26.29,-4.2259,0.0
300876,蒙泰高新,化纤,15.33,0.9217,0.0
300875,捷强装备,专用机械,30.97,-1.9937,0.0
300873,海晨股份,仓储物流,14.28,-8.4028,0.0
300872,天阳科技,软件服务,14.87,-1.8482,0.0
300871,回盛生物,农业综合,20.7,-0.9095,0.0
300870,欧陆通,电气设备,182.13,-9.8812,0.0
300869,康泰医学,医疗保健,11.35,-0.9599,0.0
300868,杰美特,元器件,77.55,-6.3858,0.0
300867,圣元环保,环境保护,16.85,-4.37,0.0
300866,安克创新,元器件,121.1,-1.2235,0.0
300865,大宏立,专用机械,28.87,-11.9817,0.0
300864,南大环境,环境保护,24.84,-3.3463,0.0
300863,卡倍亿,汽车配件,37.93,-8.0485,0.0
300862,蓝盾光电,电器仪表,47.48,-15.5611,0.0
300861,美畅股份,矿物制品,15.25,-3.7855,0.0
300860,锋尚文化,文教休闲,28.46,-2.8669,0.0
300859,西域旅游,旅游服务,23.08,-2.1619,0.0
300858,科拓生物,食品,14.59,-1.2855,0.0
300857,协创数据,IT设备,245.99,-8.4109,0.0
300856,科思股份,日用化工,10.29,-1.0577,0.0
300855,图南股份,小金属,33.88,-1.4257,0.0
300854,中兰环保,环境保护,14.9,-3.0579,0.0
300853,申昊科技,专用机械,29.05,-4.2202,0.0
300852,四会富仕,元器件,67.91,-6.9088,0.0
300851,交大思诺,运输设备,24.9,0.8505,0.0
300850,新强联,机械基件,30.22,3.3162,0.0
300849,锦盛新材,塑料,21.49,-4.5737,0.0
300848,美瑞新材,化工原料,10.9,-2.9386,0.0
300847,中船汉光,化工原料,14.67,1.875,0.0
300846,首都在线,软件服务,18.63,-5.8615,0.0
300845,捷安高科,软件服务,14.45,1.7606,0.0
300844,山水比德,建筑工程,24.6,1.9478,0.0
300843,胜蓝股份,元器件,116.9,-4.8898,0.0
300842,帝科股份,电气设备,60.42,-8.7449,0.0
300841,康华生物,生物制药,54.88,0.0,0.0
300840,酷特智能,服饰,18.53,-3.8402,0.0
300839,博汇股份,石油加工,12.57,-3.8991,0.0
300838,浙江力诺,机械基件,14.31,-1.0373,0.0
300837,浙矿股份,专用机械,22.24,-1.9833,0.0
300836,佰奥智能,专用机械,54.3,-5.4007,0.0
300835,龙磁科技,矿物制品,185.78,-2.185,0.0
300834,星辉环材,化工原料,38.35,-5.6813,0.0
300833,浩洋股份,专用机械,44.43,3.5423,0.0
300832,新产业,医疗保健,49.61,3.9388,0.0
300831,ST派瑞,半导体,13.4,-3.6664,0.0
300830,金现代,软件服务,7.87,-1.5019,0.0
300829,金丹科技,食品,22.7,-17.6343,0.0
300828,锐新科技,机械基件,18.0,7.9137,0.0
300827,上能电气,电气设备,24.6,-2.8052,0.0
300826,测绘股份,建筑工程,14.53,-5.4652,0.0
300825,阿尔特,汽车服务,11.64,-2.4308,0.0
300824,北鼎股份,家用电器,8.08,2.5381,0.0
300823,建科智能,专用机械,14.55,-1.0204,0.0
300822,贝仕达克,元器件,11.26,-2.087,0.0
300821,东岳硅材,化工原料,14.66,-5.4803,0.0
300820,英杰电气,电气设备,67.47,-6.2135,0.0
300819,聚杰微纤,纺织,45.14,-7.5568,0.0
300818,耐普矿机,专用机械,15.79,-3.7195,0.0
300817,双飞集团,机械基件,17.63,6.7191,0.0
300816,艾可蓝,汽车配件,58.42,-9.1164,0.0
300815,玉禾田,环境保护,14.97,-2.7922,0.0
300814,中富电路,元器件,126.82,-8.3869,0.0
300813,泰林生物,医疗保健,22.12,-2.1239,0.0
300812,易天股份,专用机械,18.98,-5.2894,0.0
300811,铂科新材,矿物制品,78.0,-6.3401,0.0
300810,中科海讯,船舶,24.39,-2.5958,0.0
300809,华辰装备,机床制造,23.79,-2.42,0.0
300808,久量股份,家用电器,20.07,-3.6948,0.0
300807,天迈科技,软件服务,34.91,-2.2676,0.0
300806,斯迪克,塑料,48.25,-9.7287,0.0
300805,电声股份,广告包装,8.45,-2.3121,0.0
300804,广康生化,农药化肥,44.35,-3.0813,0.0
300803,指南针,软件服务,53.97,-4.4779,0.0
300802,矩子科技,专用机械,25.03,-4.6839,0.0
300801,泰和科技,化工原料,20.81,-3.5681,0.0
300800,力合科技,环境保护,10.54,-0.0948,0.0
300798,锦鸡股份,染料涂料,8.26,-1.432,0.0
300797,钢研纳克,电器仪表,13.09,-2.9652,0.0
300796,贝斯美,农药化肥,6.91,0.5822,0.0
300795,米奥会展,文教休闲,12.81,-2.2137,0.0
300793,佳禾智能,IT设备,11.84,-0.6711,0.0
300792,壹网壹创,互联网,23.86,-1.9318,0.0
300791,仙乐健康,医疗保健,17.43,-0.5137,0.0
300790,宇瞳光学,元器件,18.08,-8.0834,0.0
300789,唐源电气,运输设备,16.03,-2.1965,0.0
300788,中信出版,出版业,28.66,-4.7207,0.0
300787,海能实业,元器件,11.7,0.0,0.0
300786,国林科技,环境保护,14.18,-4.383,0.0
300785,值得买,互联网,33.52,-3.6228,0.0
300784,利安科技,塑料,42.18,-1.5866,0.0
300783,三只松鼠,食品,16.42,-0.8454,0.0
300782,卓胜微,半导体,70.25,-7.2974,0.0
300781,因赛集团,广告包装,25.79,-3.5888,0.0
300780,德恩精工,机械基件,18.97,-5.7625,0.0
300779,惠城环保,环境保护,50.79,-2.5892,0.0
300778,新城市,建筑工程,10.85,0.0,0.0
300777,中简科技,化纤,20.08,-4.6081,0.0
300776,帝尔激光,专用机械,129.74,-0.177,0.0
300775,三角防务,航空,20.19,-2.2276,0.0
300774,倍杰特,环境保护,9.5,-2.7636,0.0
300773,拉卡拉,软件服务,14.38,-2.3761,0.0
300772,运达股份,电气设备,9.85,4.0127,0.0
300771,智莱科技,IT设备,11.23,-1.7498,0.0
300770,新媒股份,影视音像,34.95,-0.7666,0.0
300769,德方纳米,化工原料,38.11,-4.8677,0.0
300768,迪普科技,软件服务,15.03,-0.1992,0.0
300767,震安科技,橡胶,19.27,-8.9319,0.0
300766,每日互动,互联网,21.1,-2.5404,0.0
300765,石药创新,生物制药,44.03,-0.2718,0.0
300763,锦浪科技,电气设备,52.25,-1.6933,0.0
300762,上海瀚讯,通信设备,25.06,-5.0758,0.0
300761,立华股份,农业综合,20.88,2.2026,0.0
300760,迈瑞医疗,医疗保健,158.29,2.8792,0.0
300759,康龙化成,化学制药,43.13,-0.8506,0.0
300758,七彩化学,染料涂料,10.99,-2.8294,0.0
300757,罗博特科,专用机械,530.31,-6.2825,0.0
300756,金马游乐,专用机械,30.87,-4.6928,0.0
300755,华致酒行,其他商业,11.11,-2.3726,0.0
300753,爱朋医疗,医疗保健,20.55,-2.9287,0.0
300752,隆利科技,元器件,12.86,-1.9817,0.0
300751,迈为股份,专用机械,182.6,-6.1183,0.0
300750,宁德时代,电气设备,291.99,-0.5145,0.0
300749,顶固集创,家居用品,22.24,-7.2174,0.0
300748,金力永磁,矿物制品,24.1,-4.7054,0.0
300747,锐科激光,专用机械,36.14,-8.1809,0.0
300746,汉嘉数智,建筑工程,14.96,-0.2667,0.0
300745,欣锐科技,汽车配件,26.25,-5.8802,0.0
300743,天地数码,IT设备,14.34,-1.1716,0.0
300741,华宝股份,食品,25.5,-4.1353,0.0
300740,水羊股份,日用化工,20.36,-4.4131,0.0
300739,明阳电路,元器件,28.19,-6.5318,0.0
300738,奥飞数据,软件服务,18.71,-3.1072,0.0
300737,科顺股份,其他建材,4.44,-2.8446,0.0
300736,百邦科技,通信设备,33.62,-3.8879,0.0
300735,光弘科技,元器件,17.6,-4.7103,0.0
300733,西菱动力,汽车配件,12.89,-3.7341,0.0
300732,设研院,建筑工程,5.77,0.5226,0.0
300731,科创新源,橡胶,45.79,-13.3094,0.0
300730,科创信息,软件服务,11.23,-1.3181,0.0
300729,乐歌股份,家居用品,11.2,-0.885,0.0
300727,润禾材料,化工原料,32.93,-5.3191,0.0
300726,宏达电子,元器件,52.39,-10.3372,0.0
300725,药石科技,化学制药,51.58,-0.9601,0.0
300724,捷佳伟创,专用机械,53.75,-1.104,0.0
300723,一品红,化学制药,32.5,-2.1084,0.0
300722,新余国科,航空,20.99,-2.1445,0.0
300721,怡达股份,化工原料,20.99,-5.493,0.0
300720,海川智能,电器仪表,58.1,-5.9871,0.0
300719,安达维尔,航空,11.77,-1.6708,0.0
300718,长盛轴承,机械基件,57.31,5.388,0.0
300717,华信新材,塑料,19.01,-1.6046,0.0
300716,*ST泉为,塑料,17.43,-2.3529,0.0
300715,凯伦股份,其他建材,14.08,-3.0303,0.0
300713,英可瑞,电气设备,13.39,-1.1808,0.0
300712,永福股份,建筑工程,19.73,-3.4736,0.0
300711,广哈通信,通信设备,17.02,-7.1974,0.0
300710,万隆光电,通信设备,29.7,-7.6205,0.0
300709,精研科技,元器件,35.4,-6.2003,0.0
300708,聚灿光电,半导体,9.14,-3.2804,0.0
300707,威唐工业,汽车配件,11.96,-1.4827,0.0
300706,阿石创,元器件,48.02,-4.6465,0.0
300705,九典制药,化学制药,10.78,0.1859,0.0
300703,创源股份,文教休闲,13.61,-0.6569,0.0
300702,天宇股份,化学制药,22.25,4.4601,0.0
300701,森霸传感,元器件,9.89,-1.6899,0.0
300700,岱勒新材,矿物制品,16.83,-3.3869,0.0
300699,光威复材,化纤,22.58,-1.954,0.0
300698,万马科技,通信设备,26.52,-4.329,0.0
300697,电工合金,铜,14.03,-5.3306,0.0
300696,爱乐达,航空,19.45,-4.6569,0.0
300695,兆丰股份,汽车配件,48.47,-5.2024,0.0
300694,蠡湖股份,汽车配件,10.57,-1.1225,0.0
300693,盛弘股份,电气设备,35.84,-3.292,0.0
300692,中赋科技,环境保护,8.85,-2.854,0.0
300691,联合光电,元器件,20.27,-6.5037,0.0
300690,双一科技,电气设备,26.0,3.5444,0.0
300689,澄天伟业,通信设备,59.23,-11.4252,0.0
300688,创业黑马,文教休闲,33.06,-7.1609,0.0
300687,赛意信息,软件服务,27.57,-6.3837,0.0
300686,智动力,元器件,14.14,-4.2654,0.0
300685,艾德生物,医疗保健,20.85,0.1922,0.0
300684,中石科技,元器件,109.2,-7.9413,0.0
300683,海特生物,生物制药,24.82,-1.3514,0.0
300682,朗新科技,软件服务,8.67,-0.8009,0.0
300681,英搏尔,汽车配件,21.2,-5.8196,0.0
300680,隆盛科技,汽车配件,20.22,-2.2244,0.0
300679,电连技术,元器件,41.01,-8.2961,0.0
300678,中科信息,软件服务,20.66,-2.2706,0.0
300677,英科医疗,医疗保健,48.4,-1.5059,0.0
300676,华大基因,医疗保健,44.6,-1.1525,0.0
300675,建科院,建筑工程,13.93,6.3359,0.0
300674,宇信科技,软件服务,15.83,-1.9207,0.0
300673,佩蒂股份,饲料,14.71,-0.7422,0.0
300672,国科微,半导体,175.8,-9.0533,0.0
300671,富满微,半导体,56.9,-5.4032,0.0
300670,大烨智能,电气设备,7.23,-2.4291,0.0
300669,沪宁股份,运输设备,24.78,-2.9757,0.0
300668,杰恩股份,装修装饰,31.53,-0.7242,0.0
300667,必创科技,电器仪表,14.54,-4.0264,0.0
300666,江丰电子,半导体,232.64,-4.507,0.0
300665,飞鹿股份,染料涂料,8.66,-2.2573,0.0
300664,鹏鹞环保,环境保护,4.57,-0.4357,0.0
300663,科蓝软件,软件服务,7.44,-0.6676,0.0
300662,科锐国际,文教休闲,20.26,-1.6505,0.0
300661,圣邦股份,半导体,117.0,-2.9448,0.0
300660,江苏雷利,电气设备,23.41,-0.931,0.0
300659,中孚信息,IT设备,11.6,8.31,0.0
300658,延江股份,纺织,10.12,-4.1667,0.0
300657,弘信电子,元器件,33.43,-7.242,0.0
300656,民德电子,IT设备,28.3,-4.3272,0.0
300655,晶瑞电材,半导体,12.8,-4.048,0.0
300654,世纪天鸿,出版业,9.3,-2.8213,0.0
300653,正海生物,医疗保健,15.6,1.1673,0.0
300652,雷迪克,汽车配件,27.72,-3.2461,0.0
300651,金陵体育,文教休闲,15.96,-1.2376,0.0
300650,太龙股份,元器件,12.16,-4.1009,0.0
300649,杭州园林,建筑工程,26.58,-3.8002,0.0
300648,星云股份,电气设备,37.63,-3.9806,0.0
300647,超频三,化工原料,9.52,-0.4184,0.0
300645,正元智慧,软件服务,13.89,-0.2155,0.0
300644,南京聚隆,塑料,20.62,-3.8246,0.0
300643,万通智控,汽车配件,17.2,-2.2727,0.0
300642,透景生命,医疗保健,20.32,-1.3113,0.0
300641,正丹股份,化工原料,12.98,-3.2787,0.0
300640,德艺文创,家居用品,6.26,-2.3401,0.0
300639,凯普生物,医疗保健,6.29,1.1254,0.0
300638,广和通,通信设备,19.97,-2.0118,0.0
300637,扬帆新材,化工原料,9.33,-1.0604,0.0
300636,同和药业,化学制药,7.06,0.2841,0.0
300635,中达安,建筑工程,11.74,-1.1785,0.0
300634,彩讯股份,软件服务,20.63,-2.6887,0.0
300633,开立医疗,医疗保健,19.29,0.1558,0.0
300632,光莆股份,半导体,17.84,-7.9938,0.0
300631,久吾高科,环境保护,20.84,-2.2055,0.0
300629,新劲刚,元器件,18.54,-2.8302,0.0
300628,亿联网络,通信设备,41.1,0.3418,0.0
300627,华测导航,通信设备,26.01,-1.0274,0.0
300626,华瑞股份,电气设备,28.67,-1.5453,0.0
300625,三雄极光,家用电器,9.94,-0.7984,0.0
300624,万兴科技,软件服务,46.97,-3.6315,0.0
300623,捷捷微电,半导体,33.05,-2.6223,0.0
300622,博士眼镜,其他商业,14.74,-2.7704,0.0
300621,维业股份,装修装饰,7.04,-0.7052,0.0
300620,光库科技,通信设备,255.27,-8.1763,0.0
300619,金银河,专用机械,23.45,-12.1394,0.0
300618,寒锐钴业,小金属,30.21,-3.4207,0.0
300617,安靠智电,电气设备,34.23,-3.0861,0.0
300616,尚品宅配,家居用品,10.51,-2.9548,0.0
300615,欣天科技,通信设备,13.21,-4.6898,0.0
300614,百川畅银,环境保护,10.3,-0.097,0.0
300613,富瀚微,半导体,82.04,-5.5709,0.0
300612,宣亚国际,广告包装,11.99,-2.282,0.0
300611,美力科技,汽车配件,27.14,-2.4443,0.0
300610,晨化股份,化工原料,10.29,-1.9066,0.0
300609,汇纳科技,软件服务,23.9,-4.0546,0.0
300608,思特奇,软件服务,9.67,-1.927,0.0
300607,拓斯达,专用机械,30.6,-5.0279,0.0
300606,金太阳,机械基件,32.76,-8.9494,0.0
300605,恒锋信息,软件服务,10.42,1.7578,0.0
300604,长川科技,半导体,248.93,-4.6245,0.0
300603,立昂技术,通信设备,7.82,-2.8571,0.0
300602,飞荣达,元器件,35.17,-6.1382,0.0
300601,康泰生物,生物制药,12.86,-0.1553,0.0
300600,国瑞科技,船舶,10.1,-1.6553,0.0
300599,雄塑科技,塑料,14.74,7.6698,0.0
300598,诚迈科技,软件服务,30.53,-0.78,0.0
300597,吉大通信,通信设备,7.93,-0.2516,0.0
300596,利安隆,化工原料,39.24,-3.5398,0.0
300595,欧普康视,医疗保健,10.02,-0.6938,0.0
300594,ST朗进,运输设备,15.15,-0.2633,0.0
300593,新雷能,电气设备,30.03,-10.1436,0.0
300592,华凯易佰,互联网,19.25,-3.0715,0.0
300591,万里马,服饰,6.38,-1.391,0.0
300590,移为通信,通信设备,11.11,-4.389,0.0
300589,江龙船艇,船舶,13.2,-2.9412,0.0
300588,熙菱信息,IT设备,21.15,-2.8033,0.0
300587,天铁科技,橡胶,4.41,-7.9332,0.0
300586,美联新材,化工原料,8.64,-7.7908,0.0
300585,奥联电子,汽车配件,13.83,-17.9715,0.0
300584,海辰药业,化学制药,29.71,-1.7526,0.0
300583,赛托生物,化学制药,13.51,-0.074,0.0
300582,英飞特,元器件,10.48,-1.1321,0.0
300581,晨曦航空,航空,9.92,-1.5873,0.0
300580,贝斯特,汽车配件,18.1,-1.9502,0.0
300579,数字认证,软件服务,23.64,1.765,0.0
300578,会畅科技,通信设备,15.23,-1.7419,0.0
300577,开润股份,纺织,18.75,-3.0507,0.0
300576,容大感光,染料涂料,27.65,-5.0155,0.0
300575,中旗股份,农药化肥,6.08,-2.72,0.0
300573,兴齐眼药,化学制药,35.58,-0.8361,0.0
300572,安车检测,电器仪表,23.2,-5.6143,0.0
300571,平治信息,互联网,27.47,-5.6014,0.0
300570,太辰光,通信设备,202.37,-7.64,0.0
300569,天能重工,电气设备,5.5,4.1667,0.0
300568,星源材质,化工原料,16.12,-7.8857,0.0
300567,精测电子,电器仪表,194.15,-4.2181,0.0
300566,激智科技,元器件,24.27,-7.1538,0.0
300565,科信技术,通信设备,9.58,-2.045,0.0
300564,筑博设计,建筑工程,12.45,-0.3203,0.0
300563,神宇股份,通信设备,24.11,-6.4416,0.0
300562,乐心股份,医疗保健,16.04,-7.5504,0.0
300561,汇金科技,软件服务,14.35,-2.5798,0.0
300560,中富通,通信设备,15.92,-7.388,0.0
300559,佳发教育,软件服务,12.67,-0.3931,0.0
300558,贝达药业,化学制药,47.71,-1.0782,0.0
300557,理工光科,电器仪表,23.86,-4.9024,0.0
300556,丝路视觉,软件服务,15.83,-0.9387,0.0
300555,ST路通,通信设备,12.19,-2.0884,0.0
300554,三超新材,矿物制品,23.16,-3.1368,0.0
300553,集智股份,电器仪表,59.89,-8.8571,0.0
300552,万集科技,IT设备,19.66,-1.8472,0.0
300551,古鳌科技,软件服务,11.58,-1.1102,0.0
300550,和仁科技,软件服务,13.86,-1.4225,0.0
300549,优德精密,专用机械,14.89,-0.4013,0.0
300548,长芯博创,通信设备,213.01,-7.7959,0.0
300547,川环科技,汽车配件,23.67,-3.5845,0.0
300546,雄帝科技,IT设备,16.47,-1.0811,0.0
300545,联得装备,专用机械,26.73,-3.5714,0.0
300543,朗科智能,元器件,7.8,-0.8895,0.0
300542,新晨科技,软件服务,12.22,-0.2449,0.0
300541,先进数通,软件服务,9.25,-1.8047,0.0
300540,蜀道装备,专用机械,25.4,-4.1148,0.0
300539,横河精密,塑料,17.39,-2.9576,0.0
300538,同益股份,塑料,14.31,-5.8553,0.0
300537,广信材料,染料涂料,20.38,-4.049,0.0
300536,农尚环境,建筑工程,8.17,-2.1557,0.0
300535,达威股份,化工原料,15.65,-1.0746,0.0
300534,陇神戎发,中成药,13.0,-6.0694,0.0
300533,冰川网络,互联网,13.65,-1.9397,0.0
300532,今天国际,软件服务,7.36,-0.6748,0.0
300531,优博讯,IT设备,14.9,-2.1668,0.0
300530,领湃科技,电气设备,18.66,-1.686,0.0
300529,健帆生物,医疗保健,15.0,0.2674,0.0
300528,幸福蓝海,影视音像,13.34,-1.8396,0.0
300527,ST应急,专用机械,7.99,-2.3227,0.0
300525,博思软件,软件服务,7.68,-0.6468,0.0
300523,辰安科技,软件服务,21.87,-0.6361,0.0
300522,世名科技,染料涂料,14.14,-10.2222,0.0
300521,爱司凯,专用机械,24.02,-3.92,0.0
300520,科大国创,软件服务,22.58,-5.4043,0.0
300519,新光药业,中成药,14.65,0.6181,0.0
300518,新迅达,互联网,25.79,0.8604,0.0
300517,海波重科,建筑工程,11.43,-2.8887,0.0
300516,久之洋,电器仪表,34.0,-4.5212,0.0
300515,三德科技,电器仪表,16.33,-3.2583,0.0
300514,友讯达,电器仪表,10.11,2.0182,0.0
300513,恒实科技,软件服务,7.34,-0.1361,0.0
300512,中亚股份,专用机械,7.42,-2.6247,0.0
300511,雪榕生物,种植业,4.75,-1.8595,0.0
300510,金冠股份,电气设备,3.39,0.2959,0.0
300509,新美星,专用机械,8.94,1.2458,0.0
300508,维宏股份,软件服务,37.16,-4.8399,0.0
300507,苏奥传感,汽车配件,6.27,-1.7241,0.0
300506,名家汇,建筑工程,4.7,-6.0,0.0
300505,川金诺,农药化肥,18.95,0.959,0.0
300504,天邑股份,通信设备,17.32,-7.0815,0.0
300503,昊志机电,机械基件,61.81,-5.3735,0.0
300502,新易盛,通信设备,399.7,-8.1149,0.0
300501,海顺新材,广告包装,10.45,10.582,0.0
300500,启迪设计,建筑工程,9.72,0.7254,0.0
300499,高澜股份,专用机械,33.5,-6.7372,0.0
300498,温氏股份,农业综合,14.91,2.7567,0.0
300497,富祥股份,化学制药,17.49,-5.8665,0.0
300496,中科创达,软件服务,53.21,-3.3249,0.0
300494,盛天网络,互联网,7.8,-1.7632,0.0
300493,润欣科技,元器件,12.73,-3.1202,0.0
300492,华图山鼎,文教休闲,20.64,-6.0109,0.0
300491,通合科技,电气设备,34.69,-9.4729,0.0
300490,华自科技,专用机械,10.16,-4.0604,0.0
300489,光智科技,专用机械,257.9,-4.8866,0.0
300488,恒锋工具,机械基件,36.53,-2.6126,0.0
300487,蓝晓科技,化工原料,67.0,-2.4887,0.0
300486,东杰智能,专用机械,17.04,-4.4307,0.0
300485,赛升药业,生物制药,8.48,-0.3525,0.0
300484,蓝海华腾,电气设备,12.89,0.3113,0.0
300483,首华燃气,石油开采,22.96,-0.7779,0.0
300482,万孚生物,医疗保健,16.38,-0.1828,0.0
300481,濮阳惠成,化工原料,13.52,-3.7037,0.0
300480,光力科技,专用机械,30.03,-6.5941,0.0
300479,神思电子,软件服务,14.73,-0.2033,0.0
300478,杭州高新,塑料,33.96,-2.3296,0.0
300477,ST合纵,电气设备,2.64,0.0,0.0
300476,胜宏科技,元器件,213.5,-8.247,0.0
300475,香农芯创,元器件,159.7,-7.6184,0.0
300474,景嘉微,元器件,52.1,-0.9129,0.0
300473,德尔股份,汽车配件,36.07,-0.7976,0.0
300472,ST新元,专用机械,6.66,-3.0568,0.0
300471,厚普股份,专用机械,9.76,-2.1063,0.0
300470,中密控股,机械基件,27.06,-2.0275,0.0
300469,信息发展,软件服务,46.44,-5.0112,0.0
300468,四方精创,软件服务,20.75,-2.2149,0.0
300467,迅游科技,互联网,32.31,-1.1322,0.0
300466,赛摩智能,电器仪表,7.01,-1.683,0.0
300465,高伟达,软件服务,10.92,-1.8868,0.0
300464,星徽股份,机械基件,10.41,-9.0035,0.0
300463,迈克生物,医疗保健,9.3,0.0,0.0
300462,ST华铭,IT设备,11.26,-2.0017,0.0
300461,田中精机,专用机械,35.31,-1.7803,0.0
300460,ST惠伦,元器件,8.91,-1.6556,0.0
300459,汤姆猫,互联网,3.44,-1.4327,0.0
300458,全志科技,半导体,32.27,-3.4122,0.0
300457,赢合科技,专用机械,20.27,-2.8749,0.0
300456,赛微电子,半导体,35.05,-6.6329,0.0
300455,航天智装,IT设备,16.36,-3.4238,0.0
300454,深信服,软件服务,139.37,-1.8452,0.0
300453,三鑫医疗,医疗保健,9.04,0.2217,0.0
300452,山河药辅,化学制药,13.25,0.9909,0.0
300451,创业慧康,软件服务,3.43,-0.5797,0.0
300450,先导智能,专用机械,31.2,-2.834,0.0
300449,汉邦高科,IT设备,6.66,-1.0401,0.0
300448,浩云科技,软件服务,5.44,-2.509,0.0
300447,全信股份,电气设备,13.74,-2.276,0.0
300446,航天智造,汽车配件,12.38,-2.2889,0.0
300445,康斯特,电器仪表,18.63,-2.2047,0.0
300444,双杰电气,电气设备,8.43,-2.4306,0.0
300443,金雷股份,电气设备,20.93,4.9123,0.0
300442,润泽科技,软件服务,65.05,-4.3523,0.0
300441,鲍斯股份,机床制造,7.01,-1.8207,0.0
300440,运达科技,软件服务,16.18,-5.5458,0.0
300439,美康生物,医疗保健,10.31,-0.1936,0.0
300438,鹏辉能源,电气设备,46.84,-4.2127,0.0
300437,清水源,化工原料,10.52,-1.9571,0.0
300436,广生堂,化学制药,83.56,-1.3226,0.0
300435,中泰股份,供气供热,15.58,-4.064,0.0
300434,金石亚药,化学制药,12.58,1.3699,0.0
300433,蓝思科技,元器件,31.6,-3.8637,0.0
300432,富临精工,汽车配件,12.63,-3.2925,0.0
300430,*ST益通,电器仪表,4.32,-5.8824,0.0
300429,强力新材,化工原料,11.08,-3.7359,0.0
300428,立中集团,汽车配件,19.05,-1.7028,0.0
300427,红相股份,电气设备,6.04,-6.5015,0.0
300426,华智数媒,影视音像,7.55,-3.8217,0.0
300425,中建环能,环境保护,4.0,-1.2346,0.0
300424,航新科技,航空,13.05,-3.4763,0.0
300423,昇辉科技,电气设备,5.33,-1.4787,0.0
300422,博世科,环境保护,4.04,-0.4926,0.0
300421,力星股份,机械基件,17.18,-0.6936,0.0
300420,五洋自控,机械基件,7.44,-6.0606,0.0
300419,ST浩丰,软件服务,7.52,1.0753,0.0
300418,昆仑万维,互联网,40.36,-3.3525,0.0
300417,南华仪器,电器仪表,12.05,-1.4718,0.0
300416,苏试试验,电器仪表,13.69,-3.7271,0.0
300415,伊之密,专用机械,18.81,-0.7388,0.0
300414,中光防雷,通信设备,10.55,-3.8286,0.0
300413,芒果超媒,影视音像,18.76,-1.2632,0.0
300412,迦南科技,医疗保健,4.49,-0.2222,0.0
300411,金盾股份,专用机械,8.13,-4.3529,0.0
300410,正业科技,专用机械,8.37,-4.7782,0.0
300409,道氏技术,电气设备,16.31,-5.1193,0.0
300408,三环集团,元器件,115.54,-6.3012,0.0
300407,凯发电气,电气设备,10.4,-1.7013,0.0
300406,九强生物,医疗保健,11.87,1.2799,0.0
300405,科隆股份,化工原料,5.76,-0.6897,0.0
300404,博济医药,医疗保健,14.23,-1.4543,0.0
300403,汉宇集团,家用电器,8.72,-2.3516,0.0
300402,宝色股份,专用机械,14.46,-2.2312,0.0
300401,花园生物,化学制药,15.24,-4.5113,0.0
300400,劲拓股份,专用机械,33.13,-5.126,0.0
300399,天利科技,互联网,18.92,-1.9689,0.0
300398,飞凯材料,化工原料,35.6,-5.7453,0.0
300397,天和防务,通信设备,11.28,-6.9307,0.0
300396,ST迪瑞,医疗保健,6.99,-0.8511,0.0
300395,菲利华,玻璃,88.49,-7.3985,0.0
300394,天孚通信,通信设备,244.8,-8.6329,0.0
300393,中来股份,塑料,5.82,-2.6756,0.0
300390,天华新能,电气设备,48.0,-4.9317,0.0
300389,艾比森,元器件,12.76,-2.4465,0.0
300388,节能国祯,环境保护,6.64,-0.5988,0.0
300387,富邦科技,农药化肥,7.35,-0.4065,0.0
300386,飞天诚信,IT设备,10.56,-1.5843,0.0
300385,ST雪浪,环境保护,12.92,-3.2934,0.0
300384,三联虹普,建筑工程,11.82,-3.4314,0.0
300383,光环新网,软件服务,10.89,-1.626,0.0
300382,斯莱克,专用机械,14.69,-6.3735,0.0
300381,溢多利,化学制药,5.66,-0.3521,0.0
300380,安硕信息,软件服务,27.22,-3.0627,0.0
300378,鼎捷数智,软件服务,37.93,0.7169,0.0
300377,赢时胜,软件服务,13.15,-4.5718,0.0
300376,易事特,电气设备,4.06,-1.6949,0.0
300375,鹏翎股份,汽车配件,4.05,-0.4914,0.0
300374,中铁装配,其他建材,10.03,-0.199,0.0
300373,扬杰科技,半导体,85.01,-3.5402,0.0
300371,汇中股份,电器仪表,10.11,-0.8824,0.0
300370,安控科技,电器仪表,2.1,-1.8692,0.0
300369,绿盟科技,软件服务,8.95,1.1299,0.0
300368,汇金股份,IT设备,9.28,-0.9605,0.0
300366,ST创意,软件服务,5.34,-2.0183,0.0
300365,恒华科技,软件服务,4.45,-1.5487,0.0
300364,中文在线,出版业,23.14,-5.4739,0.0
300363,博腾股份,化学制药,23.91,0.3357,0.0
300360,炬华科技,电器仪表,10.87,-2.2482,0.0
300359,全通教育,文教休闲,4.06,-2.1687,0.0
300358,楚天科技,医疗保健,9.63,0.4171,0.0
300357,我武生物,生物制药,19.9,-0.2506,0.0
300355,蒙草生态,环境保护,2.71,-1.4545,0.0
300354,东华测试,电器仪表,27.8,0.8708,0.0
300353,东土科技,通信设备,16.3,-3.3215,0.0
300352,ST信源,软件服务,3.01,-2.2727,0.0
300351,永贵电器,运输设备,13.44,-3.17,0.0
300350,华鹏飞,仓储物流,4.67,1.0823,0.0
300349,金卡智能,电器仪表,10.1,-2.2265,0.0
300348,长亮科技,软件服务,9.18,-0.6494,0.0
300347,泰格医药,医疗保健,56.8,-0.0176,0.0
300346,南大光电,半导体,52.15,-4.136,0.0
300345,华民股份,电气设备,6.64,-7.1329,0.0
300343,联创股份,化工原料,5.17,-3.0019,0.0
300342,天银机电,家用电器,30.06,-5.293,0.0
300341,麦克奥迪,电气设备,12.69,-2.0833,0.0
300340,科恒股份,电气设备,8.48,-0.8187,0.0
300339,润和软件,软件服务,33.62,-0.826,0.0
300338,*ST开元,文教休闲,2.69,-4.6099,0.0
300337,银邦股份,铝,8.87,-2.4202,0.0
300335,迪森股份,供气供热,5.45,0.1838,0.0
300334,津膜科技,专用机械,8.48,-1.3953,0.0
300333,兆日科技,IT设备,11.28,-2.7586,0.0
300332,天壕能源,供气供热,4.8,-0.4149,0.0
300331,苏大维格,元器件,43.48,-8.0955,0.0
300329,海伦钢琴,文教休闲,11.6,-1.4444,0.0
300328,宜安科技,小金属,12.38,-4.6959,0.0
300327,中颖电子,半导体,25.38,-2.7213,0.0
300326,ST凯利,医疗保健,6.13,-1.7628,0.0
300324,旋极信息,软件服务,3.82,-0.5208,0.0
300323,华灿光电,半导体,10.94,-5.3633,0.0
300322,硕贝德,元器件,16.33,-7.8962,0.0
300321,同大股份,塑料,33.07,-3.95,0.0
300320,海达股份,橡胶,8.09,-3.2297,0.0
300319,麦捷科技,元器件,18.8,-8.4713,0.0
300318,博晖创新,医疗保健,5.17,0.0,0.0
300317,珈伟新能,电气设备,4.19,5.2764,0.0
300316,晶盛机电,专用机械,38.7,-4.914,0.0
300315,掌趣科技,互联网,3.91,-1.2626,0.0
300314,戴维医疗,医疗保健,12.9,0.3891,0.0
300313,天山生物,农业综合,12.26,-0.8892,0.0
300311,任子行,软件服务,6.21,6.701,0.0
300310,宜通世纪,通信设备,4.2,-0.7092,0.0
300308,中际旭创,通信设备,815.0,-9.026,0.0
300307,慈星股份,纺织机械,6.97,-3.5961,0.0
300306,远方信息,电器仪表,10.37,-1.6129,0.0
300305,裕兴股份,塑料,6.41,-10.4749,0.0
300304,云意电气,汽车配件,11.85,-2.3083,0.0
300303,聚飞光电,半导体,6.46,-3.5821,0.0
300302,同有科技,IT设备,26.21,-7.2212,0.0
300301,ST长方,半导体,3.86,7.2222,0.0
300300,海峡创新,软件服务,11.08,2.4977,0.0
300299,富春股份,互联网,5.29,-2.3985,0.0
300298,三诺生物,医疗保健,16.19,0.2477,0.0
300296,利亚德,元器件,4.72,-1.6667,0.0
300295,*ST三六五,互联网,11.43,-2.3077,0.0
300294,博雅生物,生物制药,14.39,-0.4152,0.0
300293,蓝英装备,专用机械,14.01,-2.7083,0.0
300292,吴通控股,互联网,4.39,-2.4444,0.0
300291,百纳千成,影视音像,4.83,-16.436,0.0
300290,ST荣科,软件服务,7.17,-0.5548,0.0
300289,利德曼,医疗保健,5.94,0.0,0.0
300288,朗玛信息,软件服务,9.64,-0.6186,0.0
300287,飞利信,软件服务,3.53,-0.8427,0.0
300286,安科瑞,电器仪表,18.75,-4.1901,0.0
300285,国瓷材料,陶瓷,65.06,-7.0571,0.0
300284,苏交科,建筑工程,4.99,-1.3834,0.0
300283,温州宏丰,电气设备,13.17,-8.8581,0.0
300281,金明精机,专用机械,7.09,-0.561,0.0
300279,和晶科技,元器件,5.95,-2.6187,0.0
300278,华昌达,专用机械,3.5,-2.2346,0.0
300277,汽轮科技,机械基件,12.7,-1.7028,0.0
300276,三丰智能,专用机械,6.23,5.5932,0.0
300275,梅安森,工程机械,8.91,-0.558,0.0
300274,阳光电源,电气设备,81.06,-3.7406,0.0
300272,开能健康,家用电器,5.95,1.7094,0.0
300271,华宇软件,软件服务,5.73,0.703,0.0
300270,中威电子,IT设备,10.13,-1.1707,0.0
300269,联建光电,元器件,4.8,5.7269,0.0
300268,佳沃食品,农业综合,11.95,-0.4167,0.0
300267,尔康制药,化学制药,3.21,0.627,0.0
300266,兴源环境,环境保护,1.82,-1.6216,0.0
300265,通光线缆,电气设备,12.11,-6.1967,0.0
300264,佳创视讯,软件服务,6.1,-1.6129,0.0
300263,隆华科技,专用机械,10.14,-4.6992,0.0
300261,雅本化学,农药化肥,4.78,-1.0352,0.0
300260,新莱应材,机械基件,58.6,-5.4839,0.0
300259,新天科技,电器仪表,3.97,-8.3141,0.0
300258,精锻科技,汽车配件,9.13,2.0112,0.0
300257,开山股份,机械基件,17.83,-4.3968,0.0
300256,星星科技,摩托车,2.57,-2.2814,0.0
300255,常山药业,生物制药,22.46,-2.8126,0.0
300254,仟源医药,化学制药,9.08,2.5989,0.0
300253,卫宁健康,软件服务,6.83,-1.0145,0.0
300252,金信诺,通信设备,11.28,-7.541,0.0
300251,光线传媒,影视音像,10.87,-1.2716,0.0
300250,初灵信息,软件服务,14.47,-2.5589,0.0
300249,依米康,IT设备,12.55,-5.71,0.0
300248,新开普,软件服务,8.08,-1.4634,0.0
300247,融捷健康,医疗保健,3.69,-1.6,0.0
300246,宝莱特,医疗保健,15.21,-3.1827,0.0
300245,ST天玑,软件服务,5.85,-3.3058,0.0
300244,迪安诊断,医疗保健,20.35,-2.1164,0.0
300243,瑞丰高材,化工原料,21.47,-7.2169,0.0
300242,佳云科技,互联网,3.88,1.3055,0.0
300241,瑞丰光电,半导体,5.68,-0.5254,0.0
300240,飞力达,仓储物流,6.08,-0.3279,0.0
300239,东宝生物,生物制药,5.38,0.5607,0.0
300238,冠昊生物,医疗保健,11.89,-0.834,0.0
300237,ST美晨,汽车配件,2.3,1.3216,0.0
300236,上海新阳,半导体,86.41,-1.751,0.0
300235,方直科技,软件服务,11.75,-1.6736,0.0
300234,开尔新材,陶瓷,9.94,-10.2078,0.0
300233,金城医药,化学制药,13.17,-0.4535,0.0
300232,洲明科技,元器件,5.2,-1.8868,0.0
300231,银信科技,软件服务,8.1,-1.4599,0.0
300230,永利股份,塑料,4.33,-0.4598,0.0
300229,拓尔思,软件服务,12.54,-2.5641,0.0
300228,富瑞特装,化工机械,6.39,-2.8875,0.0
300227,光韵达,专用机械,10.08,-4.5455,0.0
300226,上海钢联,互联网,16.82,-2.9429,0.0
300225,金力泰,染料涂料,7.8,-3.4653,0.0
300224,正海磁材,矿物制品,11.62,-3.7283,0.0
300223,君正股份,半导体,132.26,-5.7373,0.0
300222,科大智能,电气设备,9.58,-3.5247,0.0
300221,银禧科技,塑料,12.83,-9.9649,0.0
300220,金运激光,专用机械,11.21,0.0,0.0
300219,鸿利智汇,元器件,6.68,-1.037,0.0
300218,安利股份,塑料,12.39,-1.0383,0.0
300217,东方电热,家用电器,3.95,-1.4963,0.0
300215,电科院,电气设备,6.12,-5.1163,0.0
300214,日科化学,化工原料,9.56,-3.0426,0.0
300213,佳讯飞鸿,通信设备,6.32,-2.0155,0.0
300212,*ST易录,软件服务,7.49,-2.7273,0.0
300211,*ST亿通,通信设备,0.0,0.0,0.0
300210,森远股份,专用机械,6.94,-2.6648,0.0
300209,行云科技,互联网,33.54,-7.7304,0.0
300207,欣旺达,电气设备,21.38,6.4211,0.0
300206,理邦仪器,医疗保健,11.62,0.1724,0.0
300205,*ST天喻,通信设备,5.2,-2.9851,0.0
300204,舒泰神,生物制药,19.75,-1.3487,0.0
300203,聚光科技,电器仪表,13.73,-5.3756,0.0
300201,海伦哲,工程机械,12.67,-4.6652,0.0
300200,高盟新材,化工原料,8.22,-2.2592,0.0
300199,翰宇药业,化学制药,22.4,-3.8627,0.0
300198,*ST纳川,塑料,2.2,-3.0837,0.0
300197,节能铁汉,环境保护,1.89,-1.5625,0.0
300196,长海股份,玻璃,17.39,-7.6964,0.0
300195,长荣股份,轻工机械,6.24,-0.9524,0.0
300194,福安药业,化学制药,3.85,0.2604,0.0
300193,佳士科技,专用机械,7.8,-1.5152,0.0
300192,科德教育,文教休闲,23.76,-6.1241,0.0
300191,潜能恒信,石油开采,30.5,-1.9608,0.0
300190,维尔利,环境保护,3.78,-4.0609,0.0
300189,神农种业,种植业,5.88,-4.7002,0.0
300188,国投智能,软件服务,10.63,1.1418,0.0
300187,永清环保,环境保护,4.46,-1.1086,0.0
300185,通裕重工,工程机械,2.74,-0.3636,0.0
300184,力源信息,元器件,11.21,-5.0804,0.0
300183,东软载波,通信设备,10.74,-3.4173,0.0
300182,捷成股份,影视音像,5.0,1.833,0.0
300181,佐力药业,中成药,12.97,0.1544,0.0
300180,华峰超纤,化纤,4.28,-1.3825,0.0
300179,四方达,矿物制品,44.44,0.3387,0.0
300177,中海达,通信设备,6.03,-1.9512,0.0
300176,鸿特科技,汽车配件,4.42,0.9132,0.0
300175,朗源股份,食品,5.35,0.0,0.0
300174,元力股份,化工原料,17.26,-6.9542,0.0
300173,ST福能,轻工机械,3.25,-1.8127,0.0
300172,中电环保,环境保护,4.52,0.2217,0.0
300171,东富龙,医疗保健,16.27,2.1343,0.0
300170,汉得信息,软件服务,14.9,-2.3591,0.0
300169,天晟新材,塑料,5.63,-1.5734,0.0
300168,万达信息,软件服务,4.67,-0.4264,0.0
300167,ST迪威迅,软件服务,3.8,-5.4726,0.0
300166,东方国信,软件服务,11.8,-3.2787,0.0
300165,天瑞仪器,电器仪表,4.93,-2.7613,0.0
300164,通源石油,石油开采,8.89,-0.6704,0.0
300163,先锋新材,家居用品,7.63,0.0,0.0
300162,雷曼光电,元器件,8.67,12.8906,0.0
300161,华中数控,机床制造,25.65,-3.5352,0.0
300160,秀强股份,家用电器,4.42,-0.8969,0.0
300159,新研股份,农用机械,2.73,-2.5,0.0
300158,振东制药,化学制药,5.13,-0.9653,0.0
300157,新锦动力,专用机械,3.6,-1.3699,0.0
300155,安居宝,IT设备,4.43,-4.1126,0.0
300154,瑞凌股份,机械基件,13.25,-4.7448,0.0
300153,科泰电源,电气设备,24.77,-7.1937,0.0
300152,*ST动力,环境保护,1.57,-2.4845,0.0
300151,昌红科技,专用机械,19.87,-3.684,0.0
300150,世纪瑞尔,软件服务,4.11,-1.4388,0.0
300149,睿智医药,生物制药,9.7,0.5181,0.0
300148,天舟文化,出版业,3.48,-2.2472,0.0
300147,*ST香雪,中成药,5.2,-7.4733,0.0
300146,汤臣倍健,食品,9.26,-0.5371,0.0
300145,南方泵业,机械基件,4.7,-5.8116,0.0
300144,宋城演艺,旅游景点,5.59,-1.7575,0.0
300143,盈康生命,医疗保健,7.76,-0.6402,0.0
300142,沃森生物,生物制药,13.6,0.1473,0.0
300141,和顺电气,电气设备,9.76,-1.712,0.0
300140,节能环境,环境保护,5.21,-0.9506,0.0
300139,晓程科技,黄金,41.84,-6.8566,0.0
300138,晨光生物,食品,11.18,-0.1786,0.0
300137,先河环保,环境保护,9.82,-3.9139,0.0
300136,信维通信,元器件,52.8,-7.8534,0.0
300135,宝利国际,石油加工,3.42,-1.1561,0.0
300134,大富科技,通信设备,8.12,-3.5629,0.0
300133,华策影视,影视音像,7.36,-1.4726,0.0
300132,诺斯贝尔,化工原料,6.1,-2.2436,0.0
300131,英唐智控,元器件,13.4,-7.6499,0.0
300130,新国都,IT设备,17.65,-1.3966,0.0
300129,泰胜风能,电气设备,7.32,-2.2697,0.0
300128,锦富技术,元器件,4.67,-4.3033,0.0
300127,银河磁体,矿物制品,22.99,-3.5654,0.0
300126,锐奇股份,轻工机械,6.58,-0.303,0.0
300125,聆达股份,电气设备,8.59,-2.2753,0.0
300124,汇川技术,电器仪表,52.29,0.7903,0.0
300123,ST亚光,半导体,4.17,-4.3578,0.0
300122,智飞生物,生物制药,12.93,-0.6149,0.0
300121,阳谷华泰,化工原料,9.45,-3.6697,0.0
300120,经纬辉开,元器件,7.21,0.1389,0.0
300119,瑞普生物,农业综合,16.55,-0.6603,0.0
300118,东方日升,电气设备,8.72,-2.8953,0.0
300115,长盈精密,元器件,22.5,-3.8872,0.0
300113,顺网科技,互联网,15.73,-3.6152,0.0
300112,万讯自控,电器仪表,10.26,-10.8601,0.0
300111,向日葵,化学制药,2.95,-1.0067,0.0
300110,华仁药业,化学制药,3.28,-4.9275,0.0
300109,新开源,化工原料,12.53,-4.1316,0.0
300107,建新股份,化工原料,6.55,-0.7576,0.0
300106,西部牧业,乳制品,10.47,-0.2857,0.0
300105,龙源技术,环境保护,7.03,-2.4965,0.0
300103,达刚控股,专用机械,7.91,-3.7713,0.0
300102,乾照光电,半导体,15.92,-3.9228,0.0
300101,振芯科技,通信设备,13.82,-4.7553,0.0
300100,双林股份,汽车配件,21.96,3.8789,0.0
300099,尤洛卡,电器仪表,6.23,-2.1978,0.0
300098,高新兴,软件服务,4.16,-1.8868,0.0
300097,智云股份,专用机械,10.02,-1.6683,0.0
300096,易联众,软件服务,9.23,2.3282,0.0
300095,华伍股份,专用机械,8.78,-1.5695,0.0
300094,国联水产,渔业,2.87,-1.0345,0.0
300093,金刚光伏,电气设备,19.76,-6.4837,0.0
300092,科新机电,专用机械,11.03,-1.0762,0.0
300091,*ST金灵,机械基件,2.36,-2.4793,0.0
300088,长信科技,元器件,6.95,-2.7972,0.0
300087,ST荃银,种植业,5.5,-1.9608,0.0
300086,康芝药业,化学制药,5.34,-0.5587,0.0
300085,银之杰,软件服务,29.45,-3.4743,0.0
300084,海默科技,专用机械,9.91,-2.8431,0.0
300083,创世纪,机床制造,11.56,-4.7776,0.0
300082,奥克股份,化工原料,0.0,0.0,0.0
300081,ST恒信,文教休闲,3.32,-4.3228,0.0
300080,易成新能,电气设备,3.61,-0.551,0.0
300079,数码视讯,IT设备,4.69,-2.0877,0.0
300078,思创智联,软件服务,2.7,0.0,0.0
300077,国民技术,半导体,21.35,-4.2601,0.0
300076,*ST宁视,IT设备,4.08,-3.3175,0.0
300075,数字政通,软件服务,10.17,0.2959,0.0
300074,华平股份,软件服务,3.8,-0.7833,0.0
300073,当升科技,电气设备,36.31,-2.9144,0.0
300072,海新能科,化工原料,3.4,-0.2933,0.0
300071,福石控股,广告包装,3.97,-2.457,0.0
300070,碧水源,环境保护,3.33,-1.1869,0.0
300069,金利华电,电气设备,23.63,-4.2932,0.0
300068,ST南都,电气设备,4.02,-2.4272,0.0
300067,安诺其,染料涂料,5.15,-2.0913,0.0
300066,三川智慧,电器仪表,4.54,-2.9915,0.0
300065,海兰信,船舶,14.85,-2.3026,0.0
300063,天龙集团,互联网,8.22,-3.2941,0.0
300062,中能电气,电气设备,5.99,-4.0064,0.0
300061,旗天科技,互联网,6.76,0.2967,0.0
300059,东方财富,证券,17.87,-2.2429,0.0
300058,蓝色光标,广告包装,12.68,-3.5741,0.0
300057,万顺新材,铝,6.09,-3.4865,0.0
300056,中创环保,环境保护,7.46,-5.5696,0.0
300055,万邦达,石油加工,5.63,-1.7452,0.0
300054,鼎龙股份,化工原料,67.5,-3.7227,0.0
300053,航宇微,半导体,11.69,-3.6274,0.0
300052,中青宝,互联网,9.99,-1.382,0.0
300051,琏升科技,综合类,7.85,-5.1932,0.0
300050,世纪鼎利,通信设备,7.04,-5.249,0.0
300049,福瑞医科,医疗保健,46.12,-1.9141,0.0
300048,合康新能,建筑工程,4.69,-1.4706,0.0
300047,天源迪科,软件服务,8.95,-1.4317,0.0
300046,台基股份,半导体,24.14,-2.7005,0.0
300045,华力创通,IT设备,11.14,-4.4597,0.0
300044,*ST赛为,软件服务,6.02,-1.9544,0.0
300043,星辉娱乐,互联网,4.27,-1.8391,0.0
300042,朗科科技,IT设备,36.83,-6.6176,0.0
300041,回天新材,化工原料,10.67,-4.0468,0.0
300040,九洲集团,新型电力,5.68,0.8881,0.0
300039,上海凯宝,中成药,5.18,-0.5758,0.0
300037,新宙邦,化工原料,66.67,-5.5398,0.0
300036,超图软件,软件服务,10.0,-0.5964,0.0
300035,中科电气,电气设备,11.84,-3.0303,0.0
300034,钢研高纳,航空,15.43,-1.8448,0.0
300033,同花顺,软件服务,198.05,-2.9642,0.0
300032,金龙机电,元器件,3.73,-1.3228,0.0
300031,宝通科技,互联网,20.0,-5.2133,0.0
300030,阳普医疗,医疗保健,6.86,0.7342,0.0
300027,ST华谊,影视音像,1.64,-2.381,0.0
300026,红日药业,中成药,3.2,0.6289,0.0
300025,华星创业,通信设备,5.75,-1.7094,0.0
300024,机器人,专用机械,12.91,-2.3449,0.0
300022,吉峰科技,农用机械,7.75,-1.5248,0.0
300021,大禹节水,建筑工程,3.73,-2.356,0.0
300020,ST银江,软件服务,3.65,-3.6939,0.0
300019,硅宝科技,化工原料,13.65,-3.7377,0.0
300018,中元股份,电气设备,11.46,-3.0457,0.0
300017,网宿科技,软件服务,14.76,-2.5099,0.0
300016,北陆药业,化学制药,9.49,-3.5569,0.0
300015,爱尔眼科,医疗保健,7.86,-0.6321,0.0
300014,亿纬锂能,电气设备,47.58,-2.7193,0.0
300013,新宁物流,仓储物流,4.22,-2.5404,0.0
300012,华测检测,电器仪表,13.78,-4.1725,0.0
300011,鼎汉技术,运输设备,5.77,-1.1986,0.0
300010,ST豆神,软件服务,4.98,-6.7416,0.0
300009,安科生物,生物制药,8.42,1.6908,0.0
300008,天海防务,船舶,6.2,-2.0537,0.0
300007,汉威科技,电器仪表,30.25,-3.5395,0.0
300006,莱美药业,化学制药,5.34,-2.0183,0.0
300005,探路者,服饰,10.53,-3.0387,0.0
300004,南风股份,电气设备,7.61,-3.1807,0.0
300003,乐普医疗,医疗保健,11.4,-0.0876,0.0
300002,神州泰岳,互联网,7.83,-1.8797,0.0
300001,特锐德,电气设备,34.73,-1.7261,0.0
003816,中国广核,新型电力,4.26,1.6706,0.0
003043,华亚智能,半导体,59.92,-5.0396,0.0
003042,中农联合,农药化肥,14.17,-0.8397,0.0
003041,真爱美家,纺织,38.68,-6.3665,0.0
003040,楚天龙,通信设备,14.05,-3.1034,0.0
003039,顺控发展,水务,12.5,-0.9509,0.0
003038,鑫铂股份,铝,10.63,-0.747,0.0
003037,三和管桩,水泥,5.75,-0.8621,0.0
003036,泰坦股份,纺织机械,50.9,-10.0071,0.0
003035,南网能源,新型电力,5.22,-1.6949,0.0
003033,征和工业,汽车配件,87.4,-4.7308,0.0
003032,传智教育,文教休闲,8.75,-2.7778,0.0
003031,中瓷电子,元器件,116.99,-9.5555,0.0
003030,祖名股份,食品,26.22,-2.4191,0.0
003029,吉大正元,软件服务,17.71,0.6822,0.0
003028,振邦智能,元器件,23.47,-0.593,0.0
003027,同兴科技,环境保护,16.35,-1.1487,0.0
003026,中晶科技,半导体,33.83,-4.8383,0.0
003025,思进智能,机床制造,11.98,-1.8033,0.0
003023,彩虹集团,家用电器,25.7,-0.1166,0.0
003022,联泓新科,化工原料,18.3,-4.5881,0.0
003021,兆威机电,元器件,68.91,-1.374,0.0
003020,立方制药,化学制药,16.94,-0.2943,0.0
003019,宸展光电,元器件,26.1,-4.7793,0.0
003018,金富科技,塑料,44.96,-7.299,0.0
003017,大洋生物,化工原料,22.61,-1.2664,0.0
003016,欣贺股份,服饰,7.53,-2.2078,0.0
003015,日久光电,元器件,12.13,-2.0985,0.0
003013,地铁设计,建筑工程,15.5,-4.908,0.0
003012,东鹏控股,陶瓷,4.55,-1.3015,0.0
003011,海象新材,家居用品,19.9,-0.4004,0.0
003010,若羽臣,互联网,27.99,-1.6169,0.0
003009,中天火箭,航空,45.23,-2.8982,0.0
003008,开普检测,电气设备,19.65,-0.5063,0.0
003007,直真科技,软件服务,39.68,-2.6497,0.0
003006,百亚股份,造纸,22.49,-0.6625,0.0
003005,竞业达,软件服务,14.82,-0.202,0.0
003004,声迅股份,IT设备,57.0,-1.8257,0.0
003003,天元股份,广告包装,11.01,0.2732,0.0
003002,壶化股份,化工原料,15.54,0.9091,0.0
003001,中岩大地,建筑工程,19.83,-6.019,0.0
003000,劲仔食品,食品,9.53,1.5991,0.0
002999,天禾股份,批发业,6.31,-0.6299,0.0
002998,优彩资源,化纤,8.0,-3.1477,0.0
002997,瑞鹄模具,汽车配件,25.46,-2.6014,0.0
002996,顺博合金,铝,5.84,-0.6803,0.0
002995,天地在线,互联网,16.53,-2.879,0.0
002993,奥海科技,元器件,32.49,-5.2217,0.0
002992,宝明科技,元器件,32.51,-3.0421,0.0
002991,甘源食品,食品,37.24,0.3503,0.0
002990,盛视科技,软件服务,51.01,-9.6368,0.0
002989,中天精装,装修装饰,24.4,-5.5362,0.0
002988,豪美新材,铝,30.64,-1.1613,0.0
002987,京北方,软件服务,10.5,-0.4739,0.0
002986,宇新股份,化工原料,12.66,-1.0938,0.0
002985,北摩高科,航空,26.91,-1.8957,0.0
002984,森麒麟,汽车配件,12.72,-1.6241,0.0
002983,芯瑞达,元器件,21.73,-1.9847,0.0
002982,湘佳股份,农业综合,12.72,2.4155,0.0
002981,朝阳科技,元器件,23.2,-4.2904,0.0
002980,华盛昌,电器仪表,100.28,-7.2426,0.0
002979,雷赛智能,专用机械,52.0,-3.6859,0.0
002978,安宁股份,小金属,24.28,-2.0968,0.0
002977,*ST天箭,通信设备,18.79,-4.4252,0.0
002976,瑞玛精密,汽车配件,22.71,-6.4662,0.0
002975,博杰股份,专用机械,100.0,-9.8287,0.0
002973,侨银股份,环境保护,12.2,-1.2146,0.0
002972,科安达,运输设备,13.14,-1.1287,0.0
002971,和远气体,化工原料,39.43,-8.7057,0.0
002970,锐明技术,IT设备,39.9,-5.7851,0.0
002969,嘉美包装,广告包装,10.69,-3.6937,0.0
002968,新大正,房产服务,9.73,-0.2051,0.0
002967,广电计量,电器仪表,18.01,-0.5522,0.0
002966,苏州银行,银行,9.29,0.9783,0.0
002965,祥鑫科技,汽车配件,30.44,-4.2466,0.0
002963,豪尔赛,装修装饰,22.1,-5.9974,0.0
002962,五方光电,元器件,14.76,9.9851,0.0
002961,瑞达期货,多元金融,13.11,-3.3186,0.0
002960,青鸟智控,专用机械,8.44,-3.8724,0.0
002959,小熊电器,家用电器,33.78,6.9664,0.0
002958,青农商行,银行,2.88,-0.346,0.0
002957,科瑞技术,专用机械,37.26,-10.0,0.0
002956,西麦食品,食品,17.85,3.0006,0.0
002955,鸿合科技,IT设备,36.29,-3.1233,0.0
002953,日丰股份,电气设备,9.94,-3.4014,0.0
002952,亚世光电,元器件,19.12,-1.0864,0.0
002951,金时科技,广告包装,15.81,-6.8905,0.0
002950,奥美医疗,医疗保健,8.49,-0.7018,0.0
002949,华阳国际,建筑工程,13.2,0.9174,0.0
002948,青岛银行,银行,6.06,0.3311,0.0
002947,恒铭达,元器件,58.25,-8.1375,0.0
002946,新乳业,乳制品,14.54,1.4655,0.0
002945,华林证券,证券,14.07,-2.8315,0.0
002943,宇晶股份,机床制造,28.98,-6.6667,0.0
002942,新农股份,农药化肥,16.48,-1.7293,0.0
002941,新疆交建,建筑工程,10.34,-0.5769,0.0
002940,昂利康,化学制药,22.46,-1.6637,0.0
002939,长城证券,证券,7.67,-1.1598,0.0
002938,鹏鼎控股,元器件,79.66,-3.9547,0.0
002937,兴瑞科技,元器件,27.23,-9.9835,0.0
002936,郑州银行,银行,1.7,-0.5848,0.0
002935,天奥电子,航空,18.26,0.9956,0.0
002933,新兴装备,航空,27.15,-2.0916,0.0
002932,*ST明德,医疗保健,15.1,-1.0485,0.0
002931,锋龙股份,机械基件,38.86,-4.002,0.0
002930,宏川智慧,仓储物流,9.01,-1.7448,0.0
002929,润建股份,通信设备,47.7,-7.1984,0.0
002928,华夏航空,空运,6.08,-1.9355,0.0
002927,泰永长征,电气设备,19.11,-2.4004,0.0
002926,华西证券,证券,8.08,-1.8226,0.0
002925,盈趣科技,元器件,22.12,-3.9096,0.0
002923,润都股份,化学制药,10.75,-0.9217,0.0
002922,伊戈尔,电气设备,21.35,-6.1538,0.0
002921,联诚精密,汽车配件,19.79,-5.2657,0.0
002920,德赛西威,汽车配件,80.0,-3.4749,0.0
002919,名臣健康,互联网,15.72,-4.6117,0.0
002918,蒙娜丽莎,陶瓷,10.57,0.0947,0.0
002917,金奥博,化工原料,10.04,-0.9862,0.0
002916,深南电路,元器件,370.98,-5.962,0.0
002915,中欣氟材,化工原料,16.2,-3.6861,0.0
002913,奥士康,元器件,82.8,-4.6083,0.0
002912,中新赛克,IT设备,26.47,10.0166,0.0
002911,佛燃能源,供气供热,11.28,0.9848,0.0
002910,庄园牧场,乳制品,9.86,-1.2024,0.0
002909,集泰股份,化工原料,7.46,-10.0121,0.0
002908,德生科技,软件服务,6.98,-0.2857,0.0
002907,华森制药,中成药,14.49,0.4158,0.0
002906,华阳集团,汽车配件,26.67,-3.0182,0.0
002905,金逸影视,影视音像,8.76,-0.2278,0.0
002903,宇环数控,机床制造,29.31,-2.2674,0.0
002902,铭普光磁,通信设备,25.56,-8.2556,0.0
002901,大博医疗,医疗保健,41.3,-0.0968,0.0
002900,哈三联,化学制药,13.06,3.5686,0.0
002899,英派斯,文教休闲,20.61,-2.5071,0.0
002897,意华股份,元器件,59.14,-9.9985,0.0
002896,中大力德,机械基件,63.31,3.4139,0.0
002895,川恒股份,化工原料,30.03,-0.464,0.0
002893,京能热力,供气供热,10.18,0.2956,0.0
002892,科力尔,电气设备,8.56,-0.8111,0.0
002891,中宠股份,饲料,27.81,-0.0719,0.0
002890,弘宇股份,农用机械,15.19,-0.7838,0.0
002889,东方嘉盛,仓储物流,11.96,-0.8292,0.0
002888,惠威科技,元器件,18.44,-3.1004,0.0
002887,绿茵生态,环境保护,9.47,3.6105,0.0
002886,沃特股份,塑料,24.18,-5.2136,0.0
002885,京泉华,元器件,26.28,-6.2767,0.0
002884,凌霄泵业,机械基件,15.25,-0.974,0.0
002883,*ST中设,建筑工程,9.16,-1.0799,0.0
002882,金龙羽,电气设备,22.28,2.6255,0.0
002881,美格智能,元器件,42.6,-6.4353,0.0
002880,卫光生物,生物制药,21.97,2.1385,0.0
002879,长缆科技,电气设备,17.41,-2.846,0.0
002878,元隆雅图,广告包装,12.42,-1.2719,0.0
002877,智能自控,机械基件,7.41,-0.5369,0.0
002876,三利谱,元器件,31.54,-3.0731,0.0
002875,安奈儿,服饰,12.72,-1.9275,0.0
002873,新天药业,中成药,8.44,0.716,0.0
002872,ST天圣,医药商业,6.04,1.6835,0.0
002871,伟隆股份,机械基件,17.6,-3.2967,0.0
002870,香山股份,汽车配件,46.26,-4.0249,0.0
002869,金溢科技,通信设备,16.7,-0.6544,0.0
002868,绿康生化,农业综合,22.19,-1.0259,0.0
002867,周大生,服饰,10.04,-0.2979,0.0
002866,传艺科技,IT设备,13.96,-2.3776,0.0
002865,钧达股份,电气设备,36.14,-3.883,0.0
002864,盘龙药业,中成药,20.94,-0.0477,0.0
002863,今飞凯达,汽车配件,4.75,-0.2101,0.0
002862,实丰文化,文教休闲,14.95,-2.6059,0.0
002861,瀛通通讯,元器件,14.06,-4.5485,0.0
002860,星帅尔,家用电器,0.0,0.0,0.0
002859,洁美科技,元器件,59.98,-8.6089,0.0
002858,力盛体育,文教休闲,11.55,-0.9434,0.0
002857,三晖电气,电器仪表,17.64,-0.2826,0.0
002856,*ST美芝,装修装饰,18.02,1.2929,0.0
002855,捷荣技术,元器件,12.68,-1.7816,0.0
002853,皮阿诺,家居用品,20.57,-3.2455,0.0
002852,道道全,食品,8.9,10.0124,0.0
002851,麦格米特,电气设备,115.4,-5.8804,0.0
002850,科达利,电气设备,163.0,-3.7041,0.0
002849,威星智能,电器仪表,22.28,-9.9798,0.0
002848,高斯贝尔,家用电器,14.82,-4.0155,0.0
002847,盐津铺子,食品,43.41,0.6025,0.0
002846,英联股份,广告包装,10.8,-4.2553,0.0
002845,同兴达,元器件,13.74,-1.9971,0.0
002843,泰嘉股份,钢加工,14.84,-5.5379,0.0
002842,翔鹭钨业,小金属,30.81,-6.2386,0.0
002841,视源股份,元器件,44.1,-1.8692,0.0
002840,华统股份,食品,8.0,3.2258,0.0
002839,张家港行,银行,4.22,-0.7059,0.0
002838,道恩股份,塑料,24.48,-4.5614,0.0
002837,英维克,专用机械,54.36,-4.9983,0.0
002836,新宏泽,广告包装,11.57,-5.705,0.0
002835,同为股份,IT设备,13.03,-0.3823,0.0
002833,弘亚数控,专用机械,18.47,0.8188,0.0
002832,比音勒芬,服饰,24.97,-0.7157,0.0
002831,裕同科技,广告包装,27.63,-4.7241,0.0
002830,名雕股份,装修装饰,14.71,-1.8024,0.0
002829,星网宇达,航空,19.44,-2.6052,0.0
002828,贝肯能源,石油开采,10.73,-1.106,0.0
002827,高争民爆,化工原料,68.93,-10.0013,0.0
002826,易明医药,化学制药,17.54,-0.7919,0.0
002825,纳尔股份,化工原料,9.25,-1.9088,0.0
002824,和胜股份,铝,25.2,-7.421,0.0
002823,凯中精密,机械基件,12.66,-2.0124,0.0
002822,ST中装,装修装饰,2.91,0.0,0.0
002821,凯莱英,生物制药,180.53,1.2507,0.0
002820,桂发祥,食品,9.69,-0.6154,0.0
002819,东方中科,电器仪表,24.97,-6.3391,0.0
002818,富森美,其他商业,11.31,1.435,0.0
002817,黄山胶囊,化学制药,6.75,0.2972,0.0
002816,*ST和科,专用机械,21.2,-0.4227,0.0
002815,崇达技术,元器件,22.22,-6.7562,0.0
002813,路畅科技,汽车配件,23.98,3.8095,0.0
002812,恩捷股份,电气设备,45.09,-2.6134,0.0
002811,郑中设计,装修装饰,15.87,-2.9951,0.0
002810,山东赫达,化工原料,20.38,-4.0038,0.0
002809,红墙股份,化工原料,8.38,-1.2956,0.0
002807,江阴银行,银行,4.15,-0.2404,0.0
002806,华锋股份,汽车配件,14.75,-3.0243,0.0
002805,丰元股份,电气设备,15.43,-4.5173,0.0
002803,吉宏股份,互联网,20.21,4.068,0.0
002802,洪汇新材,化工原料,12.26,-1.2882,0.0
002801,微光股份,电气设备,26.42,-2.5092,0.0
002800,天顺股份,仓储物流,14.59,-0.3415,0.0
002799,环球印务,广告包装,6.86,0.5865,0.0
002798,帝欧水华,家居用品,6.57,-0.4545,0.0
002797,第一创业,证券,6.1,-1.7713,0.0
002796,世嘉科技,通信设备,26.24,-10.0137,0.0
002795,永和智控,机械基件,7.5,-5.5416,0.0
002793,罗欣药业,化学制药,4.75,1.9313,0.0
002792,通宇通讯,通信设备,30.4,-8.0182,0.0
002791,坚朗五金,其他建材,15.11,-2.3902,0.0
002790,瑞尔特,家居用品,6.4,-1.3867,0.0
002789,*ST建艺,装修装饰,13.74,-2.2064,0.0
002788,鹭燕医药,医药商业,10.69,-1.8365,0.0
002787,华源控股,广告包装,25.11,-4.7059,0.0
002786,银宝山新,专用机械,7.59,-1.4286,0.0
002785,万里石,其他建材,36.9,-10.0,0.0
002783,凯龙股份,化工原料,8.02,0.0,0.0
002782,可立克,元器件,14.14,-5.4813,0.0
002780,三夫户外,服饰,14.84,-0.4695,0.0
002779,中坚科技,农用机械,76.46,-7.7239,0.0
002778,中晟高科,环境保护,15.69,-0.8844,0.0
002777,久远银海,软件服务,12.47,-0.3994,0.0
002775,文科股份,建筑工程,3.32,-0.3003,0.0
002774,快意电梯,运输设备,16.64,-4.6964,0.0
002773,康弘药业,化学制药,21.1,3.3301,0.0
002772,众兴菌业,种植业,10.26,-3.5714,0.0
002771,真视通,软件服务,13.3,-1.845,0.0
002769,普路通,仓储物流,6.61,-1.7831,0.0
002768,国恩股份,塑料,70.21,-9.9987,0.0
002767,先锋电子,电器仪表,18.27,-2.3517,0.0
002766,索菱股份,汽车配件,3.99,-0.7463,0.0
002765,蓝黛科技,元器件,6.78,-1.4535,0.0
002763,汇洁股份,服饰,7.33,-0.8119,0.0
002762,金发拉比,服饰,9.75,-4.878,0.0
002761,浙江建投,建筑工程,7.25,0.2766,0.0
002760,凤形股份,机械基件,17.5,-0.8499,0.0
002759,ST天际,电气设备,13.44,-3.2397,0.0
002758,浙农股份,批发业,8.48,-1.6241,0.0
002757,南兴股份,专用机械,18.77,-3.2474,0.0
002756,永兴材料,小金属,37.87,-3.0962,0.0
002755,奥赛康,化学制药,12.5,-0.7937,0.0
002753,永东股份,化工原料,6.71,-1.6129,0.0
002752,昇兴股份,广告包装,6.02,-2.1138,0.0
002749,国光股份,农药化肥,8.44,0.0,0.0
002748,世龙实业,化工原料,11.92,-1.569,0.0
002747,埃斯顿,机械基件,28.45,-3.0664,0.0
002746,仙坛股份,农业综合,6.33,2.2617,0.0
002745,木林森,元器件,11.29,-4.8863,0.0
002743,ST富煌,钢加工,4.49,-5.4737,0.0
002742,冀衡医药,化学制药,4.1,-0.9662,0.0
002741,光华科技,化工原料,25.74,-10.0,0.0
002739,儒意电影,影视音像,8.19,-1.9162,0.0
002738,中矿资源,小金属,40.63,-4.5796,0.0
002737,葵花药业,中成药,11.3,0.5338,0.0
002736,国信证券,证券,9.68,-1.626,0.0
002735,王子新材,塑料,10.73,-5.7118,0.0
002734,利民股份,农药化肥,18.54,-6.6465,0.0
002733,雄韬股份,电气设备,16.91,-4.5711,0.0
002732,燕塘乳业,乳制品,14.07,-0.7057,0.0
002731,*ST萃华,服饰,0.0,0.0,0.0
002730,电光科技,专用机械,20.98,-5.9615,0.0
002729,好利科技,元器件,13.46,-3.6507,0.0
002728,特一药业,中成药,9.67,0.6243,0.0
002727,一心堂,医药商业,10.68,0.7547,0.0
002726,ST龙大,食品,2.43,1.6736,0.0
002725,跃岭股份,汽车配件,10.71,-1.3812,0.0
002724,海洋王,元器件,7.0,-3.0471,0.0
002723,小崧股份,家用电器,7.36,-0.271,0.0
002722,物产金轮,钢加工,13.2,-0.6024,0.0
002721,金一文化,服饰,2.56,-3.7594,0.0
002719,ST麦趣,乳制品,6.03,-3.52,0.0
002718,友邦吊顶,其他建材,80.19,-6.7124,0.0
002717,*ST岭南,环境保护,0.77,-9.4118,0.0
002716,湖南白银,小金属,8.53,-6.1606,0.0
002715,登云股份,汽车配件,13.02,-0.6865,0.0
002714,牧原股份,农业综合,41.71,3.0385,0.0
002713,东易日盛,装修装饰,10.04,-4.107,0.0
002712,思美传媒,广告包装,4.88,-1.6129,0.0
002709,天赐材料,化工原料,30.47,-4.0617,0.0
002708,光洋股份,汽车配件,17.01,3.4043,0.0
002707,众信旅游,旅游服务,5.02,-1.3752,0.0
002706,良信股份,电气设备,8.4,-2.439,0.0
002705,新宝股份,家用电器,11.98,1.7842,0.0
002703,浙江世宝,汽车配件,15.26,0.527,0.0
002702,海欣食品,食品,5.44,-1.982,0.0
002701,奥瑞金,广告包装,4.24,-1.8519,0.0
002700,万憬能源,供气供热,6.31,-0.7862,0.0
002698,博实股份,化工机械,11.12,-1.7668,0.0
002697,红旗连锁,超市连锁,4.61,0.0,0.0
002696,百洋股份,饲料,6.49,-2.406,0.0
002695,煌上煌,食品,10.54,0.095,0.0
002694,*ST顾地,塑料,2.52,0.0,0.0
002693,双成药业,生物制药,9.1,1.3363,0.0
002692,远程股份,电气设备,4.24,-1.1655,0.0
002691,*ST冀凯,专用机械,4.0,-2.2005,0.0
002690,美亚光电,专用机械,15.39,-2.7795,0.0
002689,ST远智,运输设备,2.86,-2.3891,0.0
002688,金河生物,农业综合,5.15,0.0,0.0
002687,乔治白,服饰,5.7,-1.2132,0.0
002686,亿利达,专用机械,6.23,0.3221,0.0
002685,华东重机,机床制造,5.24,-4.3796,0.0
002683,广东宏大,化工原料,27.06,-4.2463,0.0
002682,龙洲股份,仓储物流,4.92,-2.5743,0.0
002681,奋达科技,元器件,4.42,-1.559,0.0
002679,福建金森,林业,11.86,2.418,0.0
002678,珠江钢琴,文教休闲,4.34,-1.139,0.0
002677,浙江美大,家用电器,6.18,-3.4375,0.0
002676,顺威股份,家用电器,5.24,-0.3802,0.0
002675,东诚药业,化学制药,12.65,-0.2366,0.0
002674,兴业科技,纺织,19.5,-4.5054,0.0
002673,西部证券,证券,6.53,-1.2103,0.0
002672,东江环保,环境保护,3.67,-1.0782,0.0
002671,龙泉股份,水泥,4.02,-0.2481,0.0
002670,国盛证券,证券,11.03,-3.9199,0.0
002669,康达新材,化工原料,14.76,-2.5743,0.0
002668,TCL智家,家用电器,8.76,-1.9037,0.0
002667,*ST威领,小金属,22.0,4.6622,0.0
002666,德联集团,化工原料,4.17,-1.6509,0.0
002664,信质集团,汽车配件,14.35,-2.5136,0.0
002663,普邦股份,建筑工程,1.71,0.5882,0.0
002662,峰璟股份,汽车配件,3.1,0.0,0.0
002661,克明食品,食品,7.56,0.1325,0.0
002660,茂硕电源,电气设备,7.76,-0.894,0.0
002659,凯文教育,文教休闲,4.66,-0.6397,0.0
002658,雪迪龙,环境保护,7.27,-0.6831,0.0
002657,中科金财,软件服务,14.49,-2.6864,0.0
002656,摩登大道,服饰,2.76,0.0,0.0
002655,共达电声,元器件,34.52,-7.7745,0.0
002654,万润科技,互联网,12.5,-5.3747,0.0
002653,海思科,化学制药,60.71,-0.9786,0.0
002652,扬子新材,其他建材,4.46,-2.6201,0.0
002651,利君股份,航空,7.94,-2.337,0.0
002650,ST加加,食品,6.32,-3.3639,0.0
002649,博彦科技,软件服务,9.05,-0.9847,0.0
002648,卫星化学,化工原料,26.79,0.5631,0.0
002647,仁东控股,多元金融,11.51,-2.0426,0.0
002646,天佑德酒,白酒,7.08,0.0,0.0
002645,华宏科技,专用机械,17.06,-6.2637,0.0
002644,佛慈制药,中成药,8.26,1.4742,0.0
002643,万润股份,化工原料,12.56,-3.8285,0.0
002642,荣联科技,软件服务,6.88,1.0279,0.0
002641,公元股份,塑料,3.75,-0.7937,0.0
002640,跨境通,互联网,3.96,10.0,0.0
002639,雪人集团,专用机械,14.25,-0.2101,0.0
002638,勤上股份,家用电器,4.87,-1.217,0.0
002637,赞宇科技,日用化工,10.18,-2.7698,0.0
002636,金安国纪,元器件,79.3,-1.9535,0.0
002635,安洁科技,元器件,14.72,-6.8944,0.0
002634,*ST棒杰,服饰,4.04,0.0,0.0
002633,申科股份,机械基件,15.27,-3.7201,0.0
002632,道明光学,塑料,9.12,-4.9009,0.0
002631,德尔未来,家居用品,12.99,-6.748,0.0
002630,*ST华西,专用机械,1.49,-6.2893,0.0
002629,仁智股份,石油开采,4.31,0.4662,0.0
002628,成都路桥,建筑工程,4.86,-2.8,0.0
002627,三峡旅游,旅游景点,6.5,-1.5152,0.0
002626,金达威,医疗保健,16.02,-1.05,0.0
002625,光启技术,航空,22.47,-10.012,0.0
002624,完美世界,互联网,9.37,-3.3024,0.0
002623,亚玛顿,玻璃,18.78,-1.4173,0.0
002622,皓宸医疗,医疗保健,2.55,-6.25,0.0
002620,*ST瑞和,装修装饰,5.2,-9.0909,0.0
002617,露笑科技,电气设备,6.75,1.0479,0.0
002616,长青集团,环境保护,4.77,-0.8316,0.0
002615,哈尔斯,家居用品,6.35,0.0,0.0
002614,奥佳华,家用电器,8.5,2.0408,0.0
002613,北玻股份,专用机械,3.29,-3.5191,0.0
002612,朗姿股份,服饰,16.99,-0.8751,0.0
002611,东方精工,轻工机械,14.71,1.8698,0.0
002609,捷顺科技,软件服务,7.9,1.1524,0.0
002608,江苏国信,火力发电,7.25,0.1381,0.0
002607,中公教育,文教休闲,1.83,-2.6596,0.0
002606,大连电瓷,电气设备,11.84,-2.6316,0.0
002605,姚记科技,互联网,16.27,-0.9738,0.0
002603,以岭药业,中成药,15.15,0.0661,0.0
002602,世纪华通,互联网,13.87,-2.5299,0.0
002601,龙佰集团,化工原料,14.75,-1.6667,0.0
002600,领益智造,元器件,12.01,-1.7989,0.0
002599,盛通股份,广告包装,5.51,-1.2545,0.0
002598,ST章鼓,机械基件,6.79,-1.5942,0.0
002597,金禾实业,食品,21.06,-2.3191,0.0
002596,海南瑞泽,水泥,3.22,0.0,0.0
002595,豪迈科技,专用机械,38.24,-1.7976,0.0
002594,比亚迪,汽车整车,83.35,-1.1738,0.0
002593,日上集团,钢加工,4.59,-0.8639,0.0
002592,ST八菱,汽车配件,6.19,-2.673,0.0
002591,恒大高新,环境保护,6.34,-0.471,0.0
002590,万安科技,汽车配件,9.47,-1.3542,0.0
002589,瑞康医药,医药商业,3.25,-2.1084,0.0
002588,史丹利,农药化肥,7.36,-2.3873,0.0
002587,奥拓电子,元器件,5.19,-1.1429,0.0
002586,围海股份,建筑工程,3.65,-2.4064,0.0
002585,双星新材,塑料,10.46,-6.6071,0.0
002584,西陇科学,化工原料,8.57,-2.5028,0.0
002583,海能达,通信设备,8.46,5.3549,0.0
002582,好想你,食品,9.31,-1.4815,0.0
002581,*ST未名,生物制药,4.76,-4.2254,0.0
002580,圣阳股份,电气设备,18.21,-1.0326,0.0
002579,中京电子,元器件,17.3,-9.9896,0.0
002578,闽发铝业,铝,4.12,0.9804,0.0
002577,雷柏科技,IT设备,21.41,-2.2374,0.0
002576,通达动力,电气设备,14.53,0.2761,0.0
002575,群兴玩具,文教休闲,4.99,-1.3834,0.0
002574,明牌珠宝,服饰,4.94,-0.6036,0.0
002573,清新环境,环境保护,3.08,-0.9646,0.0
002572,索菲亚,家居用品,7.42,-0.4027,0.0
002571,德力股份,家居用品,10.82,-1.3674,0.0
002570,贝因美,乳制品,4.37,-0.2283,0.0
002569,*ST步森,服饰,11.59,1.3998,0.0
002568,百润股份,红黄酒,19.41,0.8312,0.0
002567,唐人神,饲料,3.63,1.3966,0.0
002566,益盛药业,中成药,7.01,0.7184,0.0
002565,顺灏股份,造纸,8.53,-2.8474,0.0
002564,天沃科技,化工机械,5.1,-3.4091,0.0
002563,森马服饰,服饰,5.41,-0.5515,0.0
002562,兄弟科技,化学制药,4.79,-4.2,0.0
002561,徐家汇,百货,7.28,-0.6821,0.0
002560,通达股份,电气设备,6.5,-4.4118,0.0
002559,亚威股份,机床制造,8.68,-3.233,0.0
002558,巨人网络,互联网,22.18,-6.0965,0.0
002557,洽洽食品,食品,18.44,1.3187,0.0
002556,辉隆股份,农药化肥,5.06,-0.3937,0.0
002555,三七互娱,互联网,17.05,-1.8987,0.0
002554,惠博普,石油开采,2.71,-1.8116,0.0
002553,南方精工,汽车配件,17.34,6.5765,0.0
002552,宝鼎科技,元器件,46.42,-6.9366,0.0
002551,尚荣医疗,医疗保健,3.36,0.2985,0.0
002550,千红制药,生物制药,6.35,-0.1572,0.0
002549,凯美特气,环境保护,12.55,-3.8314,0.0
002548,金新农,饲料,3.86,1.0471,0.0
002547,*ST春兴,汽车配件,2.4,-2.0408,0.0
002546,新联电子,电气设备,7.26,-1.4925,0.0
002545,东方铁塔,农药化肥,13.82,-6.5585,0.0
002544,普天科技,通信设备,15.26,-2.7406,0.0
002543,万和电气,家用电器,7.37,3.6568,0.0
002542,*ST中岩,建筑工程,1.53,-6.135,0.0
002541,鸿路钢构,钢加工,18.26,0.0,0.0
002540,亚太科技,铝,4.91,-1.4056,0.0
002539,云图控股,农药化肥,11.77,-2.2425,0.0
002538,ST司特,农药化肥,6.83,3.3283,0.0
002537,海联金汇,汽车配件,5.57,-0.8897,0.0
002536,飞龙股份,汽车配件,46.5,-8.2297,0.0
002535,林州重机,工程机械,2.42,0.0,0.0
002534,西子洁能,专用机械,16.7,-4.0781,0.0
002533,金杯电工,电气设备,10.71,-1.8332,0.0
002532,天山铝业,铝,11.75,-2.9727,0.0
002531,天顺风能,电气设备,7.78,4.5699,0.0
002530,金财互联,专用机械,6.94,-1.2802,0.0
002529,海源复材,专用机械,6.61,0.3035,0.0
002528,*ST英飞,IT设备,5.92,3.3159,0.0
002527,新时达,电器仪表,10.47,-2.6047,0.0
002526,山东矿机,工程机械,2.56,-1.5385,0.0
002524,光正眼科,医疗保健,4.03,0.0,0.0
002523,天桥起重,专用机械,3.4,0.5917,0.0
002522,浙江众成,塑料,5.25,-6.0823,0.0
002521,齐峰新材,造纸,6.13,-2.3885,0.0
002520,日发精机,机床制造,6.41,-0.774,0.0
002519,银河电子,通信设备,5.67,-3.8983,0.0
002518,科士达,电气设备,33.9,-8.6746,0.0
002517,恺英网络,互联网,15.68,-3.0303,0.0
002516,旷达科技,汽车配件,5.59,-2.9514,0.0
002515,金字火腿,食品,7.08,-4.3243,0.0
002514,*ST宝馨,机械基件,2.54,2.008,0.0
002513,蓝丰生化,新型电力,5.32,0.1883,0.0
002512,ST达华,IT设备,3.7,-4.6392,0.0
002511,中顺洁柔,造纸,6.86,-0.7236,0.0
002510,天汽模,汽车配件,5.61,-0.708,0.0
002508,老板电器,家用电器,16.55,-0.1809,0.0
002507,涪陵榨菜,食品,11.09,0.4529,0.0
002506,协鑫集成,电气设备,2.31,-2.1186,0.0
002501,*ST利源,铝,1.27,-2.3077,0.0
002500,山西证券,证券,5.09,-0.9728,0.0
002498,汉缆股份,电气设备,6.1,-3.1746,0.0
002497,雅化集团,小金属,15.44,-3.1368,0.0
002496,辉丰股份,农药化肥,2.09,-1.8779,0.0
002495,佳隆股份,食品,2.42,0.8333,0.0
002494,华斯股份,服饰,4.84,-3.2,0.0
002493,荣盛石化,化纤,13.69,4.4241,0.0
002492,恒基达鑫,仓储物流,6.36,0.6329,0.0
002491,通鼎互联,通信设备,21.42,-10.0,0.0
002490,山东墨龙,化工机械,6.96,-2.6573,0.0
002489,浙江永强,家居用品,2.92,-3.9474,0.0
002488,金固股份,汽车配件,7.19,-2.0436,0.0
002487,大金重工,电气设备,41.38,4.0483,0.0
002486,嘉麟杰,服饰,2.68,-1.8315,0.0
002485,ST雪发,商贸代理,5.76,-2.0408,0.0
002484,江海股份,元器件,52.16,-10.0069,0.0
002483,润邦股份,专用机械,5.86,-2.6578,0.0
002482,广田集团,装修装饰,1.33,0.0,0.0
002481,双塔食品,食品,4.25,2.1635,0.0
002480,新筑股份,运输设备,5.65,9.9222,0.0
002479,富春环保,新型电力,5.8,-0.5146,0.0
002478,常宝股份,钢加工,6.41,-4.6131,0.0
002476,新叶股份,化工原料,4.87,-2.988,0.0
002475,立讯精密,元器件,49.92,-4.0,0.0
002474,榕基软件,软件服务,6.39,0.4717,0.0
002472,双环传动,汽车配件,38.79,-0.3852,0.0
002471,中超控股,电气设备,5.26,-4.7101,0.0
002470,金正大,农药化肥,1.95,-3.4653,0.0
002469,三维化学,化工原料,5.99,-0.6633,0.0
002468,申通快递,仓储物流,14.61,-1.7485,0.0
002467,二六三,互联网,4.99,3.527,0.0
002466,天齐锂业,小金属,39.41,-3.643,0.0
002465,海格通信,通信设备,10.0,-3.0068,0.0
002463,沪电股份,元器件,117.2,-5.522,0.0
002462,嘉事堂,医药商业,12.24,0.0,0.0
002461,珠江啤酒,啤酒,8.29,1.7178,0.0
002460,赣锋锂业,小金属,41.9,-4.0751,0.0
002459,晶澳科技,电气设备,6.56,-2.0896,0.0
002458,益生股份,农业综合,8.12,0.3708,0.0
002457,青龙管业,塑料,10.87,-1.9838,0.0
002456,欧菲光,元器件,6.51,-2.6906,0.0
002455,百川股份,化工原料,6.65,-2.0619,0.0
002454,松芝股份,汽车配件,5.11,-0.5837,0.0
002453,华软科技,化工原料,4.6,-8.3665,0.0
002452,长高电气,电气设备,11.22,-3.1924,0.0
002451,摩恩电气,电气设备,7.46,-2.0997,0.0
002449,国星光电,半导体,6.47,-1.8209,0.0
002448,中原内配,汽车配件,10.74,-1.3774,0.0
002446,盛路通信,通信设备,7.75,-4.908,0.0
002445,中南文化,钢加工,3.08,-0.9646,0.0
002444,巨星科技,轻工机械,26.96,-1.173,0.0
002443,金洲管道,钢加工,12.42,-3.9443,0.0
002442,龙星科技,化工原料,5.23,-3.5055,0.0
002441,众业达,电气设备,8.14,-0.2451,0.0
002440,闰土股份,染料涂料,13.2,3.2056,0.0
002439,启明星辰,软件服务,14.35,0.0,0.0
002438,江苏神通,机械基件,13.94,1.3081,0.0
002437,誉衡药业,化学制药,3.45,-1.4286,0.0
002436,兴森科技,元器件,41.14,-5.0104,0.0
002434,万里扬,汽车配件,6.18,0.1621,0.0
002432,九安医疗,医疗保健,59.18,-4.0532,0.0
002431,ST棕榈,建筑工程,1.29,-1.5267,0.0
002430,杭氧股份,化工机械,24.12,-3.1325,0.0
002429,兆驰股份,家用电器,8.03,-3.253,0.0
002428,云南锗业,小金属,87.77,-4.2126,0.0
002427,尤夫股份,化纤,4.48,-0.885,0.0
002426,胜利精密,元器件,2.67,-4.6429,0.0
002425,凯撒文化,互联网,3.03,-0.3289,0.0
002424,ST百灵,中成药,4.71,2.1692,0.0
002423,中粮资本,多元金融,9.05,0.0,0.0
002422,科伦药业,化学制药,38.6,-0.6691,0.0
002421,达实智能,软件服务,3.13,0.6431,0.0
002420,毅昌科技,家用电器,6.02,-0.9868,0.0
002419,天虹股份,百货,4.56,0.2198,0.0
002418,康盛股份,家用电器,4.28,-4.2506,0.0
002416,爱施德,电器连锁,8.8,-2.8698,0.0
002415,海康威视,IT设备,32.16,-1.4404,0.0
002414,高德红外,电器仪表,11.37,-4.2929,0.0
002413,雷科防务,通信设备,9.18,2.3411,0.0
002412,汉森制药,中成药,8.84,-2.8571,0.0
002410,广联达,软件服务,8.31,-1.0714,0.0
002409,雅克科技,半导体,124.7,-5.9719,0.0
002408,齐翔腾达,化工原料,5.23,-1.6917,0.0
002407,多氟多,化工原料,29.75,-3.784,0.0
002406,远东传动,汽车配件,6.41,-0.6202,0.0
002405,四维图新,软件服务,5.89,-1.0084,0.0
002404,嘉欣丝绸,纺织,5.8,-1.3605,0.0
002403,爱仕达,家用电器,10.47,1.3553,0.0
002402,和而泰,元器件,17.81,-3.0484,0.0
002401,中远海科,软件服务,11.99,-0.5804,0.0
002400,省广集团,广告包装,6.26,-3.096,0.0
002399,海普瑞,化学制药,9.66,0.8351,0.0
002398,垒知集团,其他建材,4.26,-0.2342,0.0
002397,梦洁股份,纺织,3.57,-1.3812,0.0
002396,星网锐捷,通信设备,32.99,-9.9864,0.0
002395,双象股份,塑料,13.98,-0.4982,0.0
002394,联发股份,纺织,10.28,0.4888,0.0
002393,力生制药,化学制药,13.85,0.2171,0.0
002392,北京利尔,其他建材,7.48,-1.5789,0.0
002391,长青股份,农药化肥,5.07,-0.9766,0.0
002390,信邦制药,医药商业,2.94,1.0309,0.0
002389,航天彩虹,航空,18.08,-1.2561,0.0
002388,新亚制程,元器件,7.78,0.2577,0.0
002387,维信诺,元器件,6.7,-2.4745,0.0
002386,天原股份,化工原料,5.75,-3.3613,0.0
002385,大北农,饲料,3.06,-0.9709,0.0
002384,东山精密,元器件,168.28,-9.522,0.0
002383,合众思壮,通信设备,8.1,-2.4096,0.0
002382,蓝帆医疗,医疗保健,6.09,2.3529,0.0
002381,双箭股份,橡胶,5.56,0.1802,0.0
002380,科远智慧,软件服务,26.62,-1.4804,0.0
002379,宏桥控股,铝,15.77,-2.1105,0.0
002378,章源钨业,小金属,21.36,-5.0667,0.0
002377,国创高新,其他建材,2.89,-2.0339,0.0
002376,新北洋,IT设备,6.67,-1.1852,0.0
002375,亚厦股份,装修装饰,3.77,-2.0779,0.0
002374,中锐股份,广告包装,3.27,1.5528,0.0
002373,千方科技,软件服务,7.26,-0.4115,0.0
002372,伟星新材,其他建材,8.09,-0.9792,0.0
002371,北方华创,半导体,633.93,-2.9293,0.0
002370,亚太药业,化学制药,5.09,-0.5859,0.0
002369,卓翼科技,通信设备,5.51,-0.8993,0.0
002368,太极股份,软件服务,12.59,-3.0046,0.0
002367,康力电梯,运输设备,5.75,-3.6851,0.0
002366,融发核电,专用机械,5.48,-1.7921,0.0
002365,永安药业,化学制药,13.18,-2.2255,0.0
002364,中恒电气,电气设备,32.61,-6.6151,0.0
002363,隆基机械,汽车配件,6.88,-0.2899,0.0
002362,汉王科技,软件服务,15.85,0.6349,0.0
002361,神剑股份,化工原料,10.14,0.0,0.0
002360,ST同德,化工原料,5.58,1.4545,0.0
002358,森源电气,电气设备,5.09,-0.7797,0.0
002357,富临运业,公共交通,11.37,-2.9863,0.0
002356,鹏飞绿能,其他商业,2.62,-1.8727,0.0
002355,兴民智通,汽车配件,4.6,-0.8621,0.0
002354,天娱数科,互联网,7.15,-4.4118,0.0
002353,杰瑞股份,化工机械,110.4,-4.844,0.0
002352,顺丰控股,仓储物流,30.44,-0.3274,0.0
002351,漫步者,IT设备,9.87,0.0,0.0
002350,北京科锐,电气设备,13.42,-2.1152,0.0
002349,精华制药,中成药,8.68,2.6005,0.0
002348,高乐股份,文教休闲,10.49,-4.723,0.0
002347,泰尔股份,机械基件,6.42,9.9315,0.0
002346,柘中股份,电气设备,17.97,-2.39,0.0
002345,潮宏基,服饰,8.3,-2.0071,0.0
002344,海宁皮城,商品城,3.95,-1.0025,0.0
002343,慈文传媒,影视音像,5.59,-2.2727,0.0
002342,巨力索具,机械基件,8.68,10.0127,0.0
002340,格林美,小金属,5.99,-2.1242,0.0
002339,积成电子,电气设备,7.03,-6.8874,0.0
002338,奥普光电,电器仪表,43.67,-4.7546,0.0
002337,赛象科技,化工机械,4.7,-1.8789,0.0
002335,科华数据,电气设备,30.4,-4.5526,0.0
002334,英威腾,电气设备,6.36,-2.1538,0.0
002333,罗普斯金,其他建材,5.58,2.011,0.0
002332,仙琚制药,化学制药,8.65,0.4646,0.0
002331,皖通科技,软件服务,6.74,-0.8824,0.0
002330,得利斯,食品,4.1,1.2346,0.0
002329,皇氏集团,乳制品,3.54,-1.6667,0.0
002328,新朋股份,汽车配件,8.26,-5.6,0.0
002327,富安娜,纺织,6.06,-1.3029,0.0
002326,永太科技,化工原料,15.99,-3.5003,0.0
002324,普利特,塑料,8.67,-3.5595,0.0
002323,*ST雅博,建筑工程,1.22,-2.4,0.0
002322,理工能科,软件服务,12.01,0.1668,0.0
002321,华英农业,农业综合,2.12,-6.6079,0.0
002320,海峡股份,水运,6.34,-6.213,0.0
002319,乐通股份,染料涂料,9.98,-2.3483,0.0
002318,久立特材,特种钢,18.08,-1.7391,0.0
002317,众生药业,中成药,23.11,-1.0278,0.0
002316,亚联发展,软件服务,4.36,1.3953,0.0
002315,焦点科技,互联网,24.14,-2.504,0.0
002314,南山控股,区域地产,2.27,0.0,0.0
002313,日海智能,通信设备,8.63,-3.8976,0.0
002312,川发龙蟒,化工原料,8.11,-1.218,0.0
002311,海大集团,饲料,41.38,0.6813,0.0
002310,东方新能,新型电力,2.28,0.885,0.0
002309,中利集团,电气设备,2.76,-3.1579,0.0
002307,北新路桥,建筑工程,2.88,-1.7065,0.0
002306,ST云网,酒店餐饮,2.11,-1.8605,0.0
002305,*ST南置,区域地产,2.02,0.4975,0.0
002304,洋河股份,白酒,37.01,-1.2276,0.0
002303,美盈森,造纸,6.09,-4.0945,0.0
002302,西部建设,水泥,4.61,-1.7058,0.0
002301,齐心集团,文教休闲,8.48,-4.826,0.0
002300,太阳电缆,电气设备,7.83,-4.3956,0.0
002299,圣农发展,农业综合,15.8,0.6369,0.0
002298,中电鑫龙,电气设备,8.61,0.5841,0.0
002297,博云新材,航空,20.38,-9.3013,0.0
002296,辉煌科技,通信设备,9.75,3.3934,0.0
002295,精艺股份,铜,9.65,-2.3279,0.0
002294,信立泰,化学制药,29.86,-1.1913,0.0
002293,罗莱生活,纺织,10.66,-0.8372,0.0
002292,奥飞娱乐,影视音像,8.55,-2.0619,0.0
002291,遥望科技,广告包装,5.36,-1.6514,0.0
002290,禾盛新材,家用电器,69.6,-5.8059,0.0
002289,宇顺电子,元器件,33.88,-2.9504,0.0
002287,奇正藏药,中成药,19.29,-0.4644,0.0
002286,保龄宝,食品,8.31,-1.773,0.0
002285,世联行,房产服务,3.26,0.0,0.0
002284,亚太股份,汽车配件,9.22,-3.0494,0.0
002283,天润工业,汽车配件,7.69,-3.995,0.0
002282,博深股份,机械基件,6.06,0.1653,0.0
002281,光迅科技,通信设备,163.8,-9.9951,0.0
002279,久其软件,软件服务,6.47,-1.5221,0.0
002278,神开股份,化工机械,7.89,-0.8794,0.0
002277,友阿股份,百货,5.07,-3.4286,0.0
002276,万马股份,电气设备,9.73,-0.9165,0.0
002275,桂林三金,中成药,12.07,-0.2479,0.0
002274,华昌化工,农药化肥,5.81,-2.3529,0.0
002273,水晶光电,元器件,23.85,-5.2443,0.0
002272,川润股份,机械基件,14.42,-7.2669,0.0
002271,东方雨虹,其他建材,10.12,-2.6923,0.0
002270,华明装备,电气设备,17.02,-4.1127,0.0
002269,美邦服饰,服饰,1.36,-2.1583,0.0
002268,电科网安,IT设备,14.84,0.6784,0.0
002267,陕天然气,供气供热,7.15,0.4213,0.0
002266,浙富控股,环境保护,4.53,-1.3072,0.0
002265,建设工业,专用机械,18.95,-2.1178,0.0
002264,新华都,互联网,7.64,-6.0271,0.0
002263,大东南,塑料,3.09,-2.2152,0.0
002262,恩华药业,化学制药,21.55,1.8431,0.0
002261,拓维信息,软件服务,24.1,-3.3293,0.0
002259,升达林业,供气供热,4.81,1.4768,0.0
002258,利尔化学,农药化肥,13.93,-2.1082,0.0
002256,兆新股份,新型电力,3.12,-0.6369,0.0
002255,海陆重工,专用机械,7.23,-3.8564,0.0
002254,泰和新材,化纤,11.63,-6.134,0.0
002253,川大智胜,软件服务,8.48,-2.5287,0.0
002252,上海莱士,生物制药,5.08,1.1952,0.0
002251,步步高,超市连锁,3.35,-2.6163,0.0
002250,联化科技,化工原料,14.14,-2.55,0.0
002249,大洋电机,电气设备,6.41,-0.6202,0.0
002248,华东数控,机床制造,9.29,-2.0042,0.0
002247,聚力文化,其他建材,2.47,0.8163,0.0
002246,北化股份,化工原料,24.93,-4.1154,0.0
002245,蔚蓝锂芯,电气设备,16.24,-3.1026,0.0
002244,滨江集团,区域地产,8.6,3.3654,0.0
002243,力合科创,广告包装,6.81,-1.8732,0.0
002242,九阳股份,家用电器,10.33,10.0106,0.0
002241,歌尔股份,元器件,23.15,-3.2999,0.0
002240,盛新锂能,小金属,24.44,-4.8657,0.0
002239,奥特佳,汽车配件,2.42,-2.0243,0.0
002238,天威视讯,影视音像,7.59,-9.9644,0.0
002237,恒邦股份,黄金,12.24,-4.6729,0.0
002236,大华股份,IT设备,15.22,-2.0592,0.0
002235,安妮股份,造纸,7.67,-1.287,0.0
002234,民和股份,农业综合,7.81,0.7742,0.0
002233,塔牌集团,水泥,6.67,-0.8915,0.0
002232,启明信息,软件服务,16.28,10.0,0.0
002230,科大讯飞,软件服务,37.25,-2.7923,0.0
002229,鸿博股份,广告包装,10.26,-2.4715,0.0
002228,合兴包装,广告包装,3.23,-1.2232,0.0
002227,*ST特迅,电气设备,6.43,1.2598,0.0
002226,江南化工,化工原料,4.86,-2.6052,0.0
002225,濮耐股份,其他建材,3.37,-2.0349,0.0
002224,三力士,橡胶,3.69,-1.3369,0.0
002223,鱼跃医疗,医疗保健,26.33,-0.1895,0.0
002222,福晶科技,元器件,61.72,-9.3286,0.0
002221,东华能源,石油加工,5.59,-2.1016,0.0
002219,新里程,医疗保健,2.07,0.4854,0.0
002218,拓日新能,新型电力,3.68,-2.3873,0.0
002217,ST合力泰,元器件,1.51,-3.2051,0.0
002216,三全食品,食品,11.48,-0.087,0.0
002215,诺普信,农药化肥,9.33,-3.0146,0.0
002214,大立科技,电器仪表,17.55,-3.6773,0.0
002213,大为股份,半导体,27.75,-4.9658,0.0
002212,天融信,软件服务,7.28,5.0505,0.0
002211,ST宏达,橡胶,3.69,-2.8947,0.0
002210,飞马国际,环境保护,2.07,-1.8957,0.0
002209,达意隆,轻工机械,13.23,-0.8246,0.0
002208,合肥城建,区域地产,9.69,-3.869,0.0
002207,*ST准油,石油开采,5.64,4.8327,0.0
002206,海利得,化纤,4.84,-0.616,0.0
002205,国统股份,水泥,11.6,-9.2332,0.0
002204,大连重工,专用机械,5.21,-3.6969,0.0
002203,海亮股份,铜,17.09,-3.8808,0.0
002202,金风科技,电气设备,17.23,-3.743,0.0
002201,九鼎新材,玻璃,9.33,-5.4711,0.0
002200,交投生态,建筑工程,6.68,-2.1962,0.0
002199,东晶电子,元器件,11.46,-5.2893,0.0
002198,ST嘉应,中成药,3.57,-1.108,0.0
002197,证通电子,IT设备,6.38,-1.8462,0.0
002196,方正电机,纺织机械,10.26,1.2833,0.0
002195,岩山科技,软件服务,5.88,-2.1631,0.0
002194,武汉凡谷,通信设备,10.0,-5.838,0.0
002193,ST如意,纺织,4.54,-2.3656,0.0
002192,融捷股份,小金属,56.09,-4.5277,0.0
002191,劲嘉股份,广告包装,3.49,-2.514,0.0
002190,成飞集成,汽车配件,23.04,-1.7903,0.0
002189,中光学,元器件,18.92,-0.7345,0.0
002188,中天服务,房产服务,5.57,-0.3578,0.0
002187,广百股份,百货,5.4,-0.7353,0.0
002186,全聚德,酒店餐饮,9.32,-0.7455,0.0
002185,华天科技,半导体,16.99,-3.3561,0.0
002184,海得控制,机械基件,9.81,-1.2085,0.0
002183,怡亚通,仓储物流,4.08,-2.8571,0.0
002182,宝武镁业,小金属,10.97,-3.6874,0.0
002181,粤传媒,出版业,8.69,-9.2902,0.0
002180,奔图科技,IT设备,16.07,-3.5414,0.0
002179,中航光电,元器件,33.27,-2.8329,0.0
002178,延华智能,软件服务,4.9,-3.3531,0.0
002177,御银股份,其他商业,5.39,-0.7366,0.0
002176,江特电机,小金属,8.08,-2.5332,0.0
002175,*ST东智,电器仪表,2.44,-2.4,0.0
002174,游族网络,互联网,13.24,-5.4961,0.0
002173,创新医疗,医疗保健,17.16,-2.8313,0.0
002172,澳洋健康,医疗保健,5.07,-6.4576,0.0
002171,楚江新材,铜,9.67,-5.6585,0.0
002170,芭田股份,农药化肥,10.49,-1.9626,0.0
002169,智光电气,电气设备,12.26,-8.7798,0.0
002168,ST惠程,电气设备,3.55,-1.1142,0.0
002167,东方锆业,小金属,15.2,-6.1149,0.0
002166,莱茵生物,中成药,6.71,0.4491,0.0
002165,红宝丽,化工原料,6.76,-1.8868,0.0
002164,宁波东力,机械基件,12.31,-5.7427,0.0
002163,海南发展,装修装饰,7.32,-3.1746,0.0
002162,悦心健康,陶瓷,4.13,0.4866,0.0
002161,远望谷,通信设备,6.28,-3.9755,0.0
002160,常铝股份,铝,3.8,-1.2987,0.0
002159,三特索道,旅游服务,13.25,-1.5602,0.0
002158,汉钟精机,工程机械,24.66,-10.0,0.0
002157,正邦科技,农业综合,2.91,-0.3425,0.0
002156,通富微电,半导体,58.9,-3.4743,0.0
002155,湖南黄金,黄金,22.67,-4.3056,0.0
002154,报喜鸟,服饰,3.81,-0.7813,0.0
002153,石基信息,软件服务,7.29,-2.2788,0.0
002152,广电运通,IT设备,8.88,-1.6611,0.0
002151,北斗星通,通信设备,28.45,-2.3008,0.0
002150,正泰电源,机械基件,20.06,-5.1537,0.0
002149,西部材料,小金属,31.55,-4.1907,0.0
002148,北纬科技,互联网,6.15,-1.9139,0.0
002146,荣盛发展,全国地产,1.21,0.8333,0.0
002145,钛能化学,化工原料,4.64,-3.9337,0.0
002144,宏达高科,纺织,10.82,-0.7339,0.0
002142,宁波银行,银行,34.55,-1.0312,0.0
002141,贤丰控股,元器件,6.29,-6.9527,0.0
002140,东华科技,建筑工程,9.0,-2.3861,0.0
002139,拓邦股份,元器件,9.6,0.0,0.0
002138,顺络电子,元器件,47.89,-6.6472,0.0
002137,实益达,元器件,7.74,-3.0075,0.0
002136,安纳达,化工原料,11.62,-0.8532,0.0
002135,东南网架,钢加工,5.87,-2.1667,0.0
002134,天津普林,元器件,24.3,-7.6397,0.0
002133,广宇集团,全国地产,2.83,0.0,0.0
002132,恒星科技,钢加工,3.99,-2.445,0.0
002131,利欧股份,互联网,4.2,-2.5522,0.0
002130,沃尔核材,电气设备,15.68,-2.5482,0.0
002129,TCL中环,电气设备,9.12,-2.4599,0.0
002128,电投能源,煤炭开采,27.74,-0.2876,0.0
002127,南极电商,互联网,2.95,1.0274,0.0
002126,银轮股份,汽车配件,34.37,-4.8186,0.0
002125,湘潭电化,化工原料,11.65,-3.0782,0.0
002124,天邦食品,农业综合,2.0,-3.3816,0.0
002123,梦网科技,互联网,7.53,-2.7132,0.0
002122,ST汇洲,机床制造,2.7,-1.0989,0.0
002121,科陆电子,电器仪表,4.13,-1.432,0.0
002120,韵达股份,仓储物流,6.77,-0.8785,0.0
002119,康强电子,半导体,29.71,0.3377,0.0
002117,东港股份,广告包装,7.81,-1.6373,0.0
002116,中国海诚,建筑工程,7.07,-0.5626,0.0
002115,三维通信,互联网,9.54,-6.1024,0.0
002114,罗平锌电,铅锌,7.12,-0.9736,0.0
002112,三变科技,电气设备,13.89,-1.4894,0.0
002111,威海广泰,航空,9.32,-0.3209,0.0
002110,三钢闽光,普钢,2.84,-1.0453,0.0
002109,ST兴化,化工原料,2.79,0.722,0.0
002108,沧州明珠,塑料,4.24,-2.7523,0.0
002107,沃华医药,中成药,7.11,-0.8368,0.0
002106,莱宝高科,元器件,12.16,-2.7978,0.0
002105,信隆健康,摩托车,5.98,-1.3201,0.0
002104,恒宝股份,通信设备,10.21,-3.1309,0.0
002103,广博股份,文教休闲,6.59,-1.4948,0.0
002102,ST能特,化学制药,2.56,-3.3962,0.0
002101,广东鸿图,汽车配件,8.44,-1.171,0.0
002100,天康生物,饲料,7.86,3.6939,0.0
002099,海翔药业,化学制药,6.0,3.0928,0.0
002098,浔兴股份,服饰,8.32,-1.0702,0.0
002097,山河智能,工程机械,6.73,-2.3222,0.0
002096,易普力,化工原料,8.96,-0.7752,0.0
002095,生意宝,互联网,15.82,-1.31,0.0
002094,青岛金王,日用化工,5.06,-0.1972,0.0
002093,国脉科技,文教休闲,8.16,5.0193,0.0
002092,中泰化学,化工原料,4.3,-1.1494,0.0
002091,江苏国泰,商贸代理,7.49,-0.2663,0.0
002090,金智科技,电气设备,8.85,-1.8847,0.0
002088,鲁阳节能,矿物制品,7.96,-1.118,0.0
002086,东方海洋,渔业,2.02,-0.9804,0.0
002085,万丰奥威,汽车配件,9.28,-1.6949,0.0
002084,海鸥住工,家居用品,5.8,-9.9379,0.0
002083,孚日股份,纺织,9.21,-2.8481,0.0
002082,ST万邦,中成药,13.2,10.0,0.0
002081,金螳螂,装修装饰,4.76,-4.2254,0.0
002080,中材科技,玻璃,52.74,-7.7972,0.0
002079,苏州固锝,电气设备,8.55,-4.3624,0.0
002078,太阳纸业,造纸,13.54,0.0,0.0
002077,大港股份,半导体,14.79,0.818,0.0
002076,星光股份,家用电器,2.09,-0.9479,0.0
002075,沙钢股份,特种钢,3.46,-0.2882,0.0
002074,国轩高科,电气设备,26.07,-2.5785,0.0
002073,软控股份,专用机械,5.58,-1.5873,0.0
002072,凯瑞德,商贸代理,7.09,-3.6685,0.0
002069,獐子岛,渔业,3.67,0.0,0.0
002068,黑猫股份,化工原料,9.12,-7.3171,0.0
002067,景兴纸业,造纸,3.95,-1.25,0.0
002066,瑞泰科技,其他建材,19.65,-1.4049,0.0
002065,东华软件,软件服务,6.46,-1.5244,0.0
002064,华峰化学,化纤,9.53,-0.8325,0.0
002063,远光软件,软件服务,5.2,-0.3831,0.0
002062,宏润建设,建筑工程,8.8,-8.4287,0.0
002061,浙江交科,建筑工程,3.26,-1.2121,0.0
002060,广东建工,建筑工程,3.0,-0.6623,0.0
002059,云南旅游,旅游景点,4.21,-4.1002,0.0
002058,紫竹高科,电气设备,16.69,-3.0778,0.0
002057,中钢天源,矿物制品,8.64,-3.2475,0.0
002056,横店东磁,电气设备,19.37,-3.3433,0.0
002055,ST得润,元器件,6.5,-5.5233,0.0
002054,德美化工,染料涂料,6.99,-0.8511,0.0
002053,云南能投,新型电力,9.41,-0.3178,0.0
002052,同洲电子,家用电器,8.02,-3.3735,0.0
002051,中工国际,建筑工程,8.51,-4.0586,0.0
002050,三花智控,家用电器,35.44,-1.7738,0.0
002049,紫光国微,半导体,58.63,-3.2508,0.0
002048,宁波华翔,汽车配件,17.86,-2.7233,0.0
002047,宝鹰股份,装修装饰,3.11,-2.5078,0.0
002046,国机精工,机械基件,61.48,-3.7872,0.0
002045,国光电器,元器件,8.63,-2.9246,0.0
002044,美年健康,医疗保健,4.41,-1.5625,0.0
002043,兔宝宝,其他建材,11.35,-0.4386,0.0
002042,华孚时尚,纺织,3.67,-5.168,0.0
002041,登海种业,种植业,9.4,-5.4326,0.0
002040,南京港,港口,8.93,-1.652,0.0
002039,黔源电力,水力发电,19.48,2.8511,0.0
002038,双鹭药业,生物制药,5.6,-0.885,0.0
002037,保利联合,化工原料,6.71,-1.757,0.0
002036,联创电子,元器件,5.97,-3.0844,0.0
002035,华帝股份,家用电器,4.8,-0.6211,0.0
002034,旺能环境,环境保护,13.84,-2.1908,0.0
002033,丽江股份,旅游景点,8.19,-1.087,0.0
002032,苏泊尔,家用电器,39.66,1.0961,0.0
002031,巨轮智能,汽车配件,5.56,3.9252,0.0
002030,达安基因,医疗保健,5.62,-0.8818,0.0
002029,七匹狼,服饰,8.86,-4.3197,0.0
002028,思源电气,电气设备,121.07,-3.3142,0.0
002027,分众传媒,广告包装,4.68,0.4292,0.0
002026,山东威达,机械基件,10.89,-4.3058,0.0
002025,航天电器,元器件,68.56,-3.9103,0.0
002024,ST易购,电器连锁,1.14,-0.8696,0.0
002023,海特高新,航空,9.38,-3.9918,0.0
002022,科华生物,医疗保健,6.04,-1.3072,0.0
002021,中捷资源,纺织机械,2.56,-0.3891,0.0
002020,京新药业,化学制药,11.35,0.8889,0.0
002019,亿帆医药,化学制药,9.38,0.2137,0.0
002017,东信和平,通信设备,13.75,-3.169,0.0
002016,世荣兆业,区域地产,4.61,-1.2848,0.0
002015,协鑫能科,新型电力,14.52,-2.9412,0.0
002014,永新股份,塑料,10.98,0.1825,0.0
002012,凯恩股份,造纸,6.93,-1.7021,0.0
002011,盾安环境,家用电器,12.83,-8.8778,0.0
002010,传化智联,仓储物流,4.47,-0.4454,0.0
002009,天奇股份,工程机械,15.36,-0.8393,0.0
002008,大族激光,专用机械,82.0,-7.9582,0.0
002007,华兰生物,生物制药,13.19,0.6102,0.0
002006,精工科技,专用机械,13.11,-3.3186,0.0
002005,德豪润达,家用电器,2.77,-1.0714,0.0
002004,华邦健康,农药化肥,4.3,0.0,0.0
002003,伟星股份,服饰,11.35,-1.9862,0.0
002001,新和成,化学制药,25.54,-0.6226,0.0
001979,招商蛇口,全国地产,7.19,0.1393,0.0
001965,招商公路,路桥,9.85,-0.3036,0.0
001914,招商积余,房产服务,9.06,2.1421,0.0
001896,豫能控股,火力发电,10.54,-2.317,0.0
001872,招商港口,港口,24.12,3.6973,0.0
001696,宗申动力,摩托车,15.85,1.3427,0.0
001400,江顺科技,专用机械,82.86,3.3038,0.0
001396,誉帆科技,建筑工程,31.58,-1.834,0.0
001395,亚联机械,专用机械,30.23,-1.0475,0.0
001391,国货航,仓储物流,3.81,-0.5222,0.0
001390,古麒绒材,纺织,17.42,-2.0247,0.0
001389,广合科技,元器件,177.59,-1.9706,0.0
001388,信通电子,电气设备,19.79,1.0209,0.0
001387,雪祺电气,家用电器,12.36,1.4778,0.0
001386,马可波罗,家居用品,15.78,-1.9876,0.0
001382,新亚电缆,电气设备,16.38,-0.1828,0.0
001380,华纬科技,汽车配件,18.69,-2.3001,0.0
001379,腾达科技,机械基件,15.69,-0.4442,0.0
001378,德冠新材,塑料,22.35,-3.5391,0.0
001376,百通能源,供气供热,12.6,-3.9634,0.0
001373,翔腾新材,元器件,31.46,-2.6006,0.0
001369,双欣材料,化纤,11.95,-2.8455,0.0
001368,通达创智,文教休闲,41.8,10.0,0.0
001367,海森药业,化学制药,21.46,-0.186,0.0
001366,播恩集团,饲料,13.1,0.3831,0.0
001360,南矿集团,工程机械,19.57,-1.1117,0.0
001359,平安电工,矿物制品,81.0,-7.8393,0.0
001358,兴欣新材,化工原料,24.68,-3.1397,0.0
001356,富岭股份,塑料,9.36,-1.4737,0.0
001339,智微智能,IT设备,69.33,-8.9919,0.0
001338,永顺泰,啤酒,9.27,1.8681,0.0
001337,四川黄金,黄金,43.7,-6.444,0.0
001336,楚环科技,专用机械,19.04,-0.7817,0.0
001335,信凯科技,化工原料,33.2,-1.2786,0.0
001333,光华股份,化工原料,19.94,-1.4335,0.0
001332,锡装股份,专用机械,26.46,-2.6848,0.0
001331,胜通能源,供气供热,40.74,-0.3668,0.0
001330,博纳影业,影视音像,6.36,10.0346,0.0
001328,登康口腔,日用化工,30.52,0.6596,0.0
001326,联域股份,电气设备,103.56,-5.9828,0.0
001325,元创股份,橡胶,36.22,-0.9571,0.0
001324,长青科技,运输设备,20.05,-2.9995,0.0
001323,慕思股份,家居用品,18.21,3.1144,0.0
001322,箭牌家居,家居用品,6.35,-2.4578,0.0
001319,铭科精技,汽车配件,20.99,-1.594,0.0
001318,阳光乳业,乳制品,11.81,1.5477,0.0
001317,三羊马,铁路,64.3,-1.5314,0.0
001316,润贝航科,批发业,27.6,-0.397,0.0
001314,亿道信息,元器件,50.96,-6.7862,0.0
001313,粤海饲料,饲料,7.18,-1.7784,0.0
001311,多利科技,汽车配件,16.79,-2.042,0.0
001309,德明利,半导体,371.28,-5.8692,0.0
001308,康冠科技,元器件,18.01,-0.7166,0.0
001306,夏厦精密,机械基件,57.06,-0.2273,0.0
001301,尚太科技,电气设备,46.79,-1.8048,0.0
001300,三柏硕,文教休闲,12.27,-0.9685,0.0
001299,美能能源,供气供热,10.03,-1.2795,0.0
001298,好上好,元器件,16.25,-4.0732,0.0
001296,长江材料,其他建材,19.72,-1.3507,0.0
001289,龙源电力,新型电力,14.89,-0.4013,0.0
001288,运机集团,专用机械,33.6,-3.5591,0.0
001287,中电港,元器件,23.06,-5.5692,0.0
001286,陕西能源,火力发电,9.49,0.6363,0.0
001285,瑞立科密,汽车配件,42.0,-1.3853,0.0
001283,豪鹏科技,电气设备,46.23,-0.1512,0.0
001282,三联锻造,汽车配件,16.71,-0.1792,0.0
001280,中国铀业,小金属,60.26,-1.7927,0.0
001279,强邦新材,广告包装,26.05,-1.3258,0.0
001278,一彬科技,汽车配件,16.71,-0.2983,0.0
001277,速达股份,专用机械,30.2,-1.1457,0.0
001270,铖昌科技,半导体,96.0,-3.2843,0.0
001269,欧晶科技,矿物制品,19.45,0.5168,0.0
001268,联合精密,机械基件,25.5,-1.8853,0.0
001267,汇绿生态,通信设备,33.21,-9.6327,0.0
001266,宏英智能,电器仪表,36.07,1.3202,0.0
001260,坤泰股份,汽车配件,19.19,-0.2599,0.0
001259,利仁科技,家用电器,43.79,-4.5554,0.0
001258,立新能源,新型电力,10.24,-1.9157,0.0
001256,炜冈科技,轻工机械,21.33,-2.5582,0.0
001255,博菲电气,电气设备,27.33,0.4779,0.0
001239,永达股份,工程机械,12.22,-1.6895,0.0
001238,浙江正特,家居用品,26.49,1.2615,0.0
001236,弘业期货,多元金融,7.66,-1.4157,0.0
001234,泰慕士,服饰,31.86,-10.0,0.0
001233,海安集团,汽车配件,43.51,-4.0573,0.0
001231,农心科技,农药化肥,22.72,-0.1319,0.0
001230,劲旅环境,环境保护,19.35,-4.7267,0.0
001229,魅视科技,IT设备,37.4,-3.3092,0.0
001228,永泰运,仓储物流,36.63,-2.1112,0.0
001227,兰州银行,银行,2.06,-0.4831,0.0
001226,拓山重工,工程机械,46.0,-1.4778,0.0
001225,和泰机电,专用机械,33.45,-3.3237,0.0
001223,欧克科技,专用机械,42.32,-1.6957,0.0
001222,源飞宠物,文教休闲,15.7,0.5122,0.0
001221,悍高集团,家居用品,32.92,-5.5651,0.0
001219,青岛食品,食品,12.93,1.6509,0.0
001218,丽臣实业,化工原料,23.49,-1.3025,0.0
001217,华尔泰,化工原料,11.08,0.4533,0.0
001216,华瓷股份,家居用品,28.04,-1.2676,0.0
001215,千味央厨,食品,32.62,-2.2182,0.0
001213,中铁特货,铁路,3.46,-0.8596,0.0
001212,中旗新材,其他建材,37.0,-3.3185,0.0
001211,双枪科技,家居用品,27.29,6.2695,0.0
001210,金房能源,供气供热,26.75,-7.0212,0.0
001209,洪兴股份,服饰,18.79,-1.1053,0.0
001208,华菱线缆,电气设备,13.23,-2.8634,0.0
001207,联科科技,化工原料,18.7,0.8086,0.0
001206,依依股份,造纸,17.05,0.2941,0.0
001205,盛航股份,水运,14.4,-1.4374,0.0
001203,大中矿业,普钢,21.8,-5.6685,0.0
001202,炬申股份,仓储物流,14.86,-1.4589,0.0
001201,东瑞股份,农业综合,16.13,10.0273,0.0
000999,华润三九,中成药,23.49,0.4275,0.0
000998,隆平高科,种植业,8.43,-2.8802,0.0
000997,新大陆,IT设备,19.19,-1.7409,0.0
000995,皇台酒业,白酒,11.33,-0.9615,0.0
000993,闽东电力,水力发电,17.39,-9.9896,0.0
000990,诚志股份,化工原料,6.15,-2.9968,0.0
000989,九芝堂,中成药,8.56,0.4695,0.0
000988,华工科技,专用机械,92.61,-10.0,0.0
000987,越秀资本,多元金融,7.13,-1.7906,0.0
000985,大庆华科,化工原料,17.35,0.6965,0.0
000983,山西焦煤,煤炭开采,6.48,-0.7657,0.0
000981,山子高科,汽车配件,2.69,-1.8248,0.0
000980,众泰汽车,汽车配件,2.24,9.8039,0.0
000978,桂林旅游,旅游景点,7.12,-9.9874,0.0
000977,浪潮信息,IT设备,67.05,-4.0773,0.0
000975,山金国际,黄金,22.13,-4.4886,0.0
000973,佛塑科技,塑料,11.16,-3.7931,0.0
000972,中基健康,食品,3.85,-2.7778,0.0
000970,中科三环,矿物制品,10.93,-3.9543,0.0
000969,安泰科技,小金属,16.12,-4.3891,0.0
000968,蓝焰控股,石油开采,6.88,0.438,0.0
000967,盈峰环境,环境保护,7.59,-6.8712,0.0
000966,长源电力,火力发电,3.95,1.2821,0.0
000965,天保基建,区域地产,3.3,-0.3021,0.0
000963,华东医药,化学制药,27.02,3.6838,0.0
000962,东方钽业,小金属,55.52,-5.1265,0.0
000960,锡业股份,小金属,30.34,-4.0177,0.0
000959,首钢股份,普钢,3.38,-1.1696,0.0
000958,电投产融,新型电力,4.97,-1.1928,0.0
000957,中通客车,汽车整车,9.72,0.4132,0.0
000955,欣龙控股,纺织,4.01,-0.4963,0.0
000953,中哲精化,化学制药,5.99,-0.4983,0.0
000952,广济药业,化学制药,6.55,1.0802,0.0
000951,中国重汽,汽车整车,19.92,0.1005,0.0
000950,重药控股,医药商业,5.21,0.3854,0.0
000949,新乡化纤,化纤,6.58,-4.0816,0.0
000948,南天信息,软件服务,13.09,-0.1526,0.0
000938,紫光股份,IT设备,31.46,-5.8084,0.0
000937,冀中能源,煤炭开采,4.38,-0.905,0.0
000936,华西股份,化纤,5.3,-2.7523,0.0
000935,四川双马,水泥,19.26,-3.6518,0.0
000933,神火股份,铝,25.15,-2.2162,0.0
000932,华菱钢铁,普钢,3.4,-1.4493,0.0
000931,中关村,化学制药,4.52,0.0,0.0
000930,中粮科技,农业综合,5.09,-3.2319,0.0
000929,兰州黄河,啤酒,9.21,0.4362,0.0
000928,中钢国际,建筑工程,5.25,-0.7561,0.0
000927,中国铁物,仓储物流,2.42,-0.4115,0.0
000926,福星股份,区域地产,2.11,-0.4717,0.0
000925,众合科技,运输设备,7.76,-2.1438,0.0
000923,河钢资源,普钢,15.04,-4.5079,0.0
000922,佳电股份,电气设备,11.84,-2.7116,0.0
000921,海信家电,家用电器,26.5,0.5311,0.0
000920,沃顿科技,塑料,12.24,-3.6979,0.0
000919,金陵药业,化学制药,6.46,0.6231,0.0
000917,电广传媒,广告包装,6.66,-2.6316,0.0
000915,华特达因,化学制药,23.57,-1.6688,0.0
000913,钱江摩托,摩托车,10.53,-0.0949,0.0
000912,泸天化,农药化肥,3.84,-2.2901,0.0
000911,*ST广糖,食品,4.98,-2.544,0.0
000910,大亚圣象,家居用品,6.84,-10.0,0.0
000909,*ST数源,区域地产,5.19,-2.4436,0.0
000908,石药景峰,化学制药,5.97,-1.3223,0.0
000906,浙商中拓,仓储物流,6.19,0.1618,0.0
000905,厦门港务,港口,9.42,-3.9755,0.0
000903,ST云动,汽车配件,1.92,-2.0408,0.0
000902,新洋丰,农药化肥,13.6,-0.8023,0.0
000901,航天科技,汽车配件,13.87,-1.3514,0.0
000900,现代投资,路桥,3.52,-0.8451,0.0
000899,赣能股份,火力发电,8.99,0.1114,0.0
000898,鞍钢股份,普钢,1.97,-1.005,0.0
000897,津滨发展,区域地产,1.88,0.0,0.0
000895,双汇发展,食品,23.57,1.6825,0.0
000893,亚钾国际,农药化肥,36.29,-2.3938,0.0
000892,欢瑞世纪,影视音像,4.33,-3.9911,0.0
000890,法尔胜,环境保护,7.02,-4.4898,0.0
000889,中嘉博创,通信设备,3.63,-1.8919,0.0
000888,峨眉山A,旅游景点,9.14,-0.8677,0.0
000887,中鼎股份,汽车配件,18.55,-4.2828,0.0
000886,海南高速,区域地产,4.56,-1.0846,0.0
000885,城发环境,环境保护,11.54,-0.7739,0.0
000883,湖北能源,水力发电,4.34,0.0,0.0
000882,华联股份,其他商业,1.5,0.0,0.0
000881,中广核技,化工原料,6.32,-2.4691,0.0
000880,潍柴重机,专用机械,23.72,-5.8356,0.0
000878,云南铜业,铜,15.61,-4.5844,0.0
000877,天山股份,水泥,3.6,-4.5093,0.0
000876,新希望,饲料,6.82,-1.4451,0.0
000875,电投绿能,火力发电,4.56,-1.2987,0.0
000869,张裕A,红黄酒,17.05,0.6494,0.0
000868,安凯客车,汽车整车,4.18,4.7619,0.0
000863,三湘印象,区域地产,4.39,-2.8761,0.0
000862,银星能源,新型电力,5.24,0.1912,0.0
000860,顺鑫农业,白酒,10.11,0.1982,0.0
000859,国风新材,塑料,8.68,-3.7694,0.0
000858,五粮液,白酒,68.91,-1.0909,0.0
000856,冀东装备,专用机械,8.82,0.1135,0.0
000852,石化机械,化工机械,5.21,-2.0677,0.0
000850,华茂股份,纺织,5.14,0.3906,0.0
000848,承德露露,软饮料,8.02,-0.4963,0.0
000839,国安股份,综合类,2.83,0.0,0.0
000838,*ST发展,区域地产,2.16,-6.4935,0.0
000837,秦川机床,机床制造,9.47,-1.4568,0.0
000833,粤桂股份,综合类,18.45,-3.1496,0.0
000831,中国稀土,小金属,52.29,-2.987,0.0
000830,鲁西化工,化工原料,11.32,-2.1608,0.0
000829,天音控股,其他商业,8.66,-7.0815,0.0
000828,东莞控股,路桥,9.93,-1.0956,0.0
000826,*ST启环,环境保护,1.76,-1.1236,0.0
000825,太钢不锈,特种钢,3.3,-1.1976,0.0
000823,超声电子,元器件,22.18,-9.3954,0.0
000822,山东海化,化工原料,4.19,-0.7109,0.0
000821,ST京机,电气设备,7.25,-2.6846,0.0
000820,神雾节能,综合类,3.51,-1.9553,0.0
000819,岳阳兴长,石油加工,11.83,-1.8257,0.0
000818,航锦科技,化工原料,11.31,-4.6374,0.0
000816,智慧农业,农用机械,2.78,-2.7972,0.0
000815,美利云,通信设备,14.58,-4.5187,0.0
000813,德展健康,化学制药,3.2,0.0,0.0
000812,陕西金叶,广告包装,3.68,-1.3405,0.0
000811,冰轮环境,工程机械,37.9,-3.929,0.0
000810,创维数字,家用电器,9.02,-3.5294,0.0
000809,和展能源,电气设备,3.41,-1.4451,0.0
000807,云铝股份,铝,25.37,-2.5355,0.0
000803,山高环能,环境保护,6.88,-4.0446,0.0
000802,北京文化,影视音像,3.79,-3.0691,0.0
000801,四川九洲,家用电器,11.54,-2.616,0.0
000800,一汽解放,汽车整车,5.84,-0.3413,0.0
000799,酒鬼酒,白酒,36.02,-1.7458,0.0
000798,中水渔业,渔业,9.75,-2.3046,0.0
000797,中国武夷,全国地产,2.61,-6.1151,0.0
000796,凯撒旅业,旅游服务,3.5,-2.507,0.0
000795,英洛华,矿物制品,8.24,-3.2864,0.0
000793,ST华闻,出版业,2.01,-0.9852,0.0
000792,盐湖股份,农药化肥,23.13,-2.4051,0.0
000791,甘肃能源,水力发电,7.09,0.5674,0.0
000790,华神科技,中成药,4.42,-5.5556,0.0
000789,万年青,水泥,4.09,-0.4866,0.0
000788,北大医药,化学制药,5.4,0.3717,0.0
000786,北新建材,其他建材,15.85,-0.3771,0.0
000785,居然智家,百货,2.22,-3.4783,0.0
000783,长江证券,证券,7.92,-4.3478,0.0
000782,恒申新材,化纤,8.06,-1.827,0.0
000779,甘咨询,建筑工程,8.36,-2.5641,0.0
000778,新兴铸管,钢加工,3.5,-1.9608,0.0
000777,中核科技,机械基件,16.04,-2.0159,0.0
000776,广发证券,证券,19.81,-2.7491,0.0
000768,中航西飞,航空,22.92,3.7104,0.0
000767,晋控电力,火力发电,3.26,-0.9119,0.0
000766,通化金马,化学制药,15.18,-0.0658,0.0
000762,西藏矿业,小金属,20.15,-3.8186,0.0
000761,本钢板材,普钢,2.2,-0.4525,0.0
000759,中百集团,超市连锁,6.18,-3.2864,0.0
000758,中色股份,铅锌,5.63,-2.931,0.0
000757,浩物股份,汽车服务,4.26,-0.9302,0.0
000756,新华制药,化学制药,14.33,2.9454,0.0
000755,山西高速,路桥,4.68,0.4292,0.0
000753,漳州发展,综合类,5.52,3.1776,0.0
000752,*ST西发,啤酒,9.01,0.558,0.0
000751,锌业股份,铅锌,4.35,-2.2472,0.0
000750,国海证券,证券,3.55,-1.662,0.0
000739,普洛药业,化学制药,26.81,5.9684,0.0
000738,航发控制,航空,18.82,0.0532,0.0
000737,北方铜业,铜,13.05,-6.5186,0.0
000736,中交发展,全国地产,4.6,0.0,0.0
000735,罗牛山,农业综合,5.67,0.5319,0.0
000733,振华科技,元器件,39.13,-4.3276,0.0
000731,四川美丰,农药化肥,8.07,1.6373,0.0
000729,燕京啤酒,啤酒,10.85,0.6494,0.0
000728,国元证券,证券,7.18,-1.5089,0.0
000727,冠捷科技,元器件,2.15,-0.9217,0.0
000726,鲁泰A,纺织,5.96,-1.8122,0.0
000725,京东方A,元器件,5.8,-0.8547,0.0
000723,美锦能源,焦炭加工,3.44,-2.2727,0.0
000722,湖南发展,水力发电,13.0,-2.1821,0.0
000721,西安饮食,酒店餐饮,6.06,-1.1419,0.0
000720,新能泰山,电气设备,3.53,-2.4862,0.0
000719,中原传媒,出版业,11.86,-1.9024,0.0
000718,苏宁环球,区域地产,2.04,0.0,0.0
000717,中南股份,普钢,2.13,0.0,0.0
000716,黑芝麻,食品,4.96,-0.2012,0.0
000715,中兴商业,百货,5.27,-0.566,0.0
000713,国投丰乐,种植业,6.11,-3.7795,0.0
000712,锦龙股份,证券,9.75,-2.3046,0.0
000711,京蓝科技,环境保护,4.7,-2.4896,0.0
000710,贝瑞基因,医疗保健,10.28,-6.6303,0.0
000709,河钢股份,普钢,1.99,-0.995,0.0
000708,中信特钢,特种钢,12.79,-1.0062,0.0
000707,双环科技,化工原料,4.51,-1.3129,0.0
000705,浙江震元,医药商业,7.05,0.4274,0.0
000703,恒逸石化,化纤,17.26,0.116,0.0
000702,正虹科技,饲料,5.78,1.5817,0.0
000701,厦门信达,商贸代理,5.17,-5.3114,0.0
000700,模塑科技,汽车配件,12.1,-2.9671,0.0
000698,ST沈化,石油加工,3.59,-1.9126,0.0
000697,炼石航空,航空,8.98,0.7856,0.0
000695,滨海能源,化工原料,12.6,-0.8655,0.0
000692,惠天热电,供气供热,4.12,0.0,0.0
000691,亚太实业,化工原料,8.97,-1.2115,0.0
000690,宝新能源,火力发电,5.2,2.7668,0.0
000688,国城矿业,铅锌,23.91,-4.1299,0.0
000686,东北证券,证券,7.5,-1.8325,0.0
000685,中山公用,水务,10.63,-1.6651,0.0
000683,博源化工,化工原料,5.49,-0.9025,0.0
000682,东方电子,电气设备,10.27,-1.25,0.0
000681,视觉中国,互联网,15.6,-2.2556,0.0
000680,山推股份,工程机械,8.92,-1.3274,0.0
000679,大连友谊,百货,6.33,-2.3148,0.0
000678,襄阳轴承,汽车配件,10.65,10.0207,0.0
000677,ST海龙,化纤,1.74,-3.3333,0.0
000676,智度股份,互联网,6.37,-6.3235,0.0
000672,上峰材料,水泥,14.71,-5.4627,0.0
000670,盈方微,元器件,7.67,-3.2787,0.0
000669,ST金鸿,供气供热,4.1,-2.381,0.0
000668,荣丰控股,房产服务,17.18,-6.376,0.0
000665,湖北广电,影视音像,3.94,-3.4314,0.0
000663,永安林业,林业,6.08,0.0,0.0
000661,长春高新,生物制药,70.5,-0.494,0.0
000659,珠海中富,广告包装,2.74,1.4815,0.0
000657,中钨高新,小金属,53.25,-6.873,0.0
000656,金科股份,全国地产,1.21,-1.626,0.0
000655,金岭矿业,普钢,7.05,-0.7042,0.0
000652,泰达股份,批发业,3.27,-1.2085,0.0
000651,格力电器,家用电器,38.4,-0.2597,0.0
000650,仁和药业,中成药,5.14,0.1949,0.0
000639,ST西王,食品,1.49,-2.6144,0.0
000637,茂化实华,石油加工,4.2,-0.4739,0.0
000636,风华高科,元器件,50.42,-9.9964,0.0
000635,英力特,化工原料,7.35,-1.8692,0.0
000633,合金投资,小金属,5.26,0.1905,0.0
000632,ST三木,综合类,3.62,-3.4667,0.0
000631,顺发恒能,综合类,2.96,-1.3333,0.0
000630,铜陵有色,铜,5.69,-3.3956,0.0
000629,钒钛股份,小金属,2.77,-2.1201,0.0
000628,高新发展,建筑工程,54.75,-5.244,0.0
000626,远大控股,商贸代理,8.7,-2.9018,0.0
000625,长安汽车,汽车整车,7.05,0.2845,0.0
000623,吉林敖东,中成药,17.2,-1.6018,0.0
000620,盈新发展,全国地产,3.04,-2.8754,0.0
000619,海螺新材,其他建材,5.22,-0.1912,0.0
000617,中油资本,多元金融,6.54,-1.949,0.0
000615,*ST美谷,医疗保健,3.16,-1.25,0.0
000612,焦作万方,铝,10.19,-4.8553,0.0
000610,*ST西旅,旅游服务,7.2,-2.7027,0.0
000609,*ST中迪,区域地产,9.24,-7.0423,0.0
000608,阳光股份,区域地产,7.0,-2.6426,0.0
000607,华媒控股,广告包装,3.75,-6.9479,0.0
000605,渤海股份,水务,5.96,0.1681,0.0
000603,盛达资源,铅锌,30.06,-6.4134,0.0
000601,韶能股份,水力发电,5.96,-0.6667,0.0
000600,建投能源,火力发电,7.05,-0.4237,0.0
000599,青岛双星,汽车配件,4.41,-0.8989,0.0
000598,兴蓉环境,水务,6.99,-0.8511,0.0
000597,东北制药,化学制药,4.73,0.4246,0.0
000596,古井贡酒,白酒,87.9,-4.1021,0.0
000595,新能股份,新型电力,5.44,-0.9107,0.0
000593,德龙汇能,供气供热,21.42,-1.6077,0.0
000592,平潭发展,林业,9.09,3.5308,0.0
000591,太阳能,新型电力,4.14,-0.4808,0.0
000590,古汉医药,中成药,8.92,-0.5574,0.0
000589,贵州轮胎,汽车配件,4.16,-0.9524,0.0
000586,汇源通信,通信设备,12.72,-5.1454,0.0
000582,北部湾港,港口,9.15,0.4391,0.0
000581,威孚高科,汽车配件,17.94,-0.884,0.0
000576,甘化科工,电气设备,8.17,-1.2092,0.0
000573,粤宏远A,区域地产,3.8,0.5291,0.0
000572,海马汽车,汽车整车,3.96,2.0619,0.0
000571,新大洲A,煤炭开采,6.34,-5.2317,0.0
000570,苏常柴A,农用机械,5.22,-1.1364,0.0
000568,泸州老窖,白酒,69.96,-0.9766,0.0
000567,海德股份,多元金融,5.82,-1.3559,0.0
000566,海南海药,化学制药,4.64,-1.0661,0.0
000565,渝三峡A,染料涂料,6.35,-1.2442,0.0
000564,供销大集,百货,1.44,-2.7027,0.0
000563,陕国投A,多元金融,2.88,0.0,0.0
000561,烽火电子,通信设备,7.54,-1.8229,0.0
000560,我爱我家,房产服务,3.71,1.3661,0.0
000559,万向钱潮,汽车配件,10.91,-1.7117,0.0
000558,天府文旅,旅游景点,3.52,-1.4006,0.0
000557,西部创业,铁路,3.57,-1.3812,0.0
000555,神州信息,软件服务,9.77,-2.2022,0.0
000554,泰山石油,石油贸易,6.24,-0.3195,0.0
000553,安道麦A,农药化肥,5.38,-1.4652,0.0
000552,甘肃能化,煤炭开采,2.44,-1.2146,0.0
000551,创元科技,专用机械,11.63,-4.201,0.0
000550,江铃汽车,汽车整车,16.12,0.813,0.0
000548,湖南投资,路桥,4.58,0.0,0.0
000547,航天发展,通信设备,14.06,-3.4341,0.0
000546,金圆股份,环境保护,4.26,-2.069,0.0
000545,金浦钛业,化工原料,2.16,-0.4608,0.0
000544,中原环保,环境保护,7.15,-0.1397,0.0
000543,皖能电力,火力发电,7.17,0.2797,0.0
000541,佛山照明,家用电器,4.85,-1.0204,0.0
000539,粤电力A,火力发电,4.93,-0.404,0.0
000538,云南白药,中成药,50.33,0.9224,0.0
000537,绿发电力,新型电力,7.28,-0.274,0.0
000536,华映科技,元器件,3.39,-2.8653,0.0
000534,万泽股份,生物制药,21.8,-3.7102,0.0
000533,顺钠股份,电气设备,10.04,-2.9014,0.0
000532,华金资本,多元金融,12.45,-3.2634,0.0
000531,穗恒运A,火力发电,5.47,-1.2635,0.0
000530,冰山冷热,机械基件,5.17,-0.5769,0.0
000529,广弘控股,食品,5.01,0.8048,0.0
000528,柳工,工程机械,7.43,-0.9333,0.0
000526,学大教育,文教休闲,35.38,-2.4269,0.0
000525,红太阳,农药化肥,4.39,-1.7897,0.0
000524,岭南控股,旅游服务,8.76,-1.9037,0.0
000523,红棉股份,食品,3.18,-3.3435,0.0
000521,长虹美菱,家用电器,4.28,-1.1547,0.0
000520,凤凰航运,水运,4.05,-0.4914,0.0
000519,中兵红箭,专用机械,14.46,-2.2312,0.0
000518,四环生物,生物制药,3.72,1.3624,0.0
000517,荣安地产,区域地产,2.01,0.5,0.0
000516,国际医学,医疗保健,4.26,-0.9302,0.0
000514,渝开发,区域地产,4.34,-0.2299,0.0
000513,丽珠集团,化学制药,30.34,10.0073,0.0
000510,新金路,化工原料,17.11,-7.7628,0.0
000509,华塑控股,元器件,3.49,-5.4201,0.0
000507,珠海港,新型电力,4.9,-0.6085,0.0
000506,招金黄金,黄金,16.38,-6.2929,0.0
000505,京粮控股,食品,6.13,-3.6164,0.0
000504,南华生物,医疗保健,12.36,-9.9782,0.0
000503,国新健康,软件服务,7.44,10.0592,0.0
000501,武商集团,百货,6.97,-1.6925,0.0
000498,山东路桥,建筑工程,5.76,1.9469,0.0
000488,ST晨鸣,造纸,2.12,0.4739,0.0
000430,张家界,旅游景点,6.72,-1.7544,0.0
000429,粤高速A,路桥,12.38,-0.96,0.0
000428,华天酒店,酒店餐饮,3.87,-3.7313,0.0
000426,兴业银锡,铅锌,31.17,-4.8825,0.0
000425,徐工机械,工程机械,7.06,-1.5342,0.0
000423,东阿阿胶,中成药,45.28,0.2879,0.0
000422,湖北宜化,农药化肥,11.54,-2.1204,0.0
000421,南京公用,供气供热,5.63,-1.0545,0.0
000420,吉林化纤,化纤,3.47,-2.8011,0.0
000419,通程控股,百货,5.01,0.4008,0.0
000417,合百集团,百货,5.7,-2.5641,0.0
000415,渤海租赁,多元金融,4.06,-1.2165,0.0
000411,英特集团,医药商业,10.1,-3.071,0.0
000410,沈阳机床,机床制造,5.12,-2.1033,0.0
000409,云鼎科技,软件服务,8.73,-1.2443,0.0
000408,藏格矿业,农药化肥,69.9,-2.183,0.0
000407,胜利股份,供气供热,4.17,0.0,0.0
000404,长虹华意,家用电器,6.75,-1.6035,0.0
000403,派林生物,生物制药,9.8,-1.2097,0.0
000402,金融街,全国地产,2.61,-0.7605,0.0
000401,金隅冀东,水泥,3.51,-1.1268,0.0
000400,许继电气,电气设备,20.59,2.7958,0.0
000338,潍柴动力,汽车配件,24.62,-2.6877,0.0
000333,美的集团,家用电器,82.0,-0.7864,0.0
000301,东方盛虹,化纤,13.23,-0.9731,0.0
000166,申万宏源,证券,4.34,-1.139,0.0
000159,国际实业,石油贸易,5.49,0.5495,0.0
000158,常山北明,软件服务,12.2,-2.7888,0.0
000157,中联重科,工程机械,5.9,-2.3179,0.0
000156,华数传媒,影视音像,6.88,-1.9943,0.0
000155,川能动力,新型电力,10.89,-1.3587,0.0
000153,丰原药业,化学制药,6.1,0.1642,0.0
000151,中成股份,商贸代理,10.14,1.2987,0.0
000100,TCL科技,元器件,4.8,-1.4374,0.0
000099,中信海直,空运,12.74,-1.1637,0.0
000096,广聚能源,石油贸易,7.91,0.2535,0.0
000090,天健集团,建筑工程,3.56,1.7143,0.0
000089,深圳机场,机场,6.56,0.9231,0.0
000088,盐田港,港口,4.57,1.5556,0.0
000078,ST海王,医药商业,1.5,-3.2258,0.0
000070,特发信息,通信设备,16.15,-9.9777,0.0
000069,华侨城A,全国地产,1.86,1.087,0.0
000068,华控赛格,环境保护,3.22,-1.227,0.0
000066,中国长城,IT设备,14.16,-4.3243,0.0
000065,北方国际,建筑工程,9.58,-2.7411,0.0
000063,中兴通讯,通信设备,30.79,-3.5401,0.0
000062,深圳华强,元器件,21.84,-3.9578,0.0
000061,农产品,农业综合,5.87,-1.3445,0.0
000060,中金岭南,铅锌,5.74,-3.5294,0.0
000059,华锦股份,石油加工,5.62,0.3571,0.0
000058,深赛格,商品城,7.12,1.1364,0.0
000056,*ST皇庭,其他商业,2.73,-1.087,0.0
000055,方大集团,其他建材,3.85,1.5831,0.0
000050,深天马A,元器件,6.26,-1.5723,0.0
000049,德赛电池,电气设备,21.65,-2.3455,0.0
000048,京基智农,农业综合,17.96,-3.7513,0.0
000045,深纺织A,元器件,11.25,1.4427,0.0
000042,中洲控股,全国地产,8.16,-1.0909,0.0
000039,中集集团,运输设备,8.57,-1.0393,0.0
000037,深南电A,火力发电,8.96,0.2237,0.0
000036,华联控股,全国地产,3.83,-1.7949,0.0
000035,中国天楹,环境保护,4.7,-1.8789,0.0
000034,神州数码,软件服务,22.7,-6.0041,0.0
000032,深桑达A,建筑工程,13.41,-5.3634,0.0
000031,大悦城,全国地产,2.27,-0.4386,0.0
000030,富奥股份,汽车配件,3.86,-1.5306,0.0
000029,深深房A,区域地产,21.57,-2.6185,0.0
000028,国药一致,医药商业,19.46,-0.2051,0.0
000027,深圳能源,火力发电,6.18,0.1621,0.0
000026,飞亚达,服饰,18.76,-5.0127,0.0
000025,特力A,综合类,14.96,0.2681,0.0
000021,深科技,元器件,33.68,-5.2069,0.0
000020,深华发A,元器件,14.64,9.9925,0.0
000019,深粮控股,农业综合,6.66,-1.7699,0.0
000017,深中华A,服饰,7.36,-2.2576,0.0
000016,*ST康佳A,家用电器,0.0,0.0,0.0
000014,沙河股份,全国地产,11.2,5.2632,0.0
000012,南玻A,玻璃,3.67,-0.8108,0.0
000011,深物业A,房产服务,10.12,10.0,0.0
000010,*ST美丽,建筑工程,1.47,-2.0,0.0
000009,中国宝安,电气设备,6.76,-0.5882,0.0
000008,神州高铁,运输设备,2.35,-1.2605,0.0
000007,全新好,其他商业,10.91,-6.2715,0.0
000006,深振业A,区域地产,7.32,1.5257,0.0
000002,万科A,全国地产,3.71,-1.3298,0.0
000001,平安银行,银行,11.3,0.0,0.0
