ts_code,trade_date,open,high,low,close,pre_close,change,pct_change,volume,amount,code,name,industry
000001.SZ,20260928,11.28,11.41,11.27,11.3,11.3,0.0,0.0,715341.43,810575.7964,000001,平安银行,银行
000002.SZ,20260928,3.78,3.87,3.65,3.71,3.76,-0.05,-1.3298,4476338.81,1678600.24058,000002,万科A,全国地产
000006.SZ,20260928,7.21,7.47,7.06,7.32,7.21,0.11,1.5257,310979.72,227983.68114,000006,深振业A,区域地产
000007.SZ,20260928,11.65,11.65,10.85,10.91,11.64,-0.73,-6.2715,74521.0,82459.6105,000007,全新好,其他商业
000008.SZ,20260928,2.38,2.39,2.34,2.35,2.38,-0.03,-1.2605,179249.9,42191.7475,000008,神州高铁,运输设备
000009.SZ,20260928,6.8,6.89,6.67,6.76,6.8,-0.04,-0.5882,145039.12,97682.13227,000009,中国宝安,电气设备
000010.SZ,20260928,1.5,1.51,1.45,1.47,1.5,-0.03,-2.0,92698.0,13671.876,000010,*ST美丽,建筑工程
000011.SZ,20260928,9.4,10.12,9.28,10.12,9.2,0.92,10.0,188412.24,185505.266,000011,深物业A,房产服务
000012.SZ,20260928,3.7,3.74,3.64,3.67,3.7,-0.03,-0.8108,174623.29,64221.11297,000012,南玻A,玻璃
000014.SZ,20260928,10.66,11.58,10.49,11.2,10.64,0.56,5.2632,220358.44,245705.88878,000014,沙河股份,全国地产
000017.SZ,20260928,7.56,7.66,7.28,7.36,7.53,-0.17,-2.2576,326792.67,241856.9763,000017,深中华A,服饰
000019.SZ,20260928,6.87,6.87,6.51,6.66,6.78,-0.12,-1.7699,150613.19,99810.69796,000019,深粮控股,农业综合
000020.SZ,20260928,13.59,14.64,13.13,14.64,13.31,1.33,9.9925,143023.0,201884.847,000020,深华发A,元器件
000021.SZ,20260928,35.38,35.4,33.56,33.68,35.53,-1.85,-5.2069,541700.97,1849502.89585,000021,深科技,元器件
000025.SZ,20260928,14.9,15.17,14.77,14.96,14.92,0.04,0.2681,54618.62,82042.84155,000025,特力A,综合类
000026.SZ,20260928,19.89,19.89,18.55,18.76,19.75,-0.99,-5.0127,61783.6,116210.03776,000026,飞亚达,服饰
000027.SZ,20260928,6.17,6.21,6.14,6.18,6.17,0.01,0.1621,178090.51,109890.65293,000027,深圳能源,火力发电
000028.SZ,20260928,19.55,19.74,19.35,19.46,19.5,-0.04,-0.2051,20485.37,39988.44922,000028,国药一致,医药商业
000029.SZ,20260928,22.1,22.18,21.33,21.57,22.15,-0.58,-2.6185,51711.81,112221.17144,000029,深深房A,区域地产
000030.SZ,20260928,3.9,3.92,3.84,3.86,3.92,-0.06,-1.5306,80625.78,31191.13488,000030,富奥股份,汽车配件
000031.SZ,20260928,2.28,2.3,2.23,2.27,2.28,-0.01,-0.4386,461668.8,104451.15,000031,大悦城,全国地产
000032.SZ,20260928,14.13,14.13,13.22,13.41,14.17,-0.76,-5.3634,277220.46,375232.83632,000032,深桑达A,建筑工程
000034.SZ,20260928,24.14,24.48,22.7,22.7,24.15,-1.45,-6.0041,305791.7,710724.20391,000034,神州数码,软件服务
000035.SZ,20260928,4.84,4.85,4.66,4.7,4.79,-0.09,-1.8789,279705.0,132911.54571,000035,中国天楹,环境保护
000036.SZ,20260928,3.92,3.96,3.8,3.83,3.9,-0.07,-1.7949,290214.1,111946.51089,000036,华联控股,全国地产
000037.SZ,20260928,8.94,9.11,8.85,8.96,8.94,0.02,0.2237,95830.0,85896.6186,000037,深南电A,火力发电
000039.SZ,20260928,8.66,8.68,8.5,8.57,8.66,-0.09,-1.0393,191752.99,164356.26338,000039,中集集团,运输设备
000042.SZ,20260928,8.22,8.28,8.06,8.16,8.25,-0.09,-1.0909,56124.64,45734.26544,000042,中洲控股,全国地产
001914.SZ,20260928,8.87,9.1,8.82,9.06,8.87,0.19,2.1421,109333.9,98154.76186,001914,招商积余,房产服务
000045.SZ,20260928,11.08,11.31,11.03,11.25,11.09,0.16,1.4427,62391.0,69928.336,000045,深纺织A,元器件
000048.SZ,20260928,18.66,18.7,17.94,17.96,18.66,-0.7,-3.7513,100011.97,181803.42869,000048,京基智农,农业综合
000049.SZ,20260928,22.16,22.26,21.47,21.65,22.17,-0.52,-2.3455,37968.92,82559.81201,000049,德赛电池,电气设备
000050.SZ,20260928,6.39,6.47,6.2,6.26,6.36,-0.1,-1.5723,205990.96,129477.38843,000050,深天马A,元器件
000055.SZ,20260928,3.8,3.87,3.77,3.85,3.79,0.06,1.5831,204913.0,78563.49,000055,方大集团,其他建材
000056.SZ,20260928,2.74,2.78,2.65,2.73,2.76,-0.03,-1.087,261524.02,71239.82444,000056,*ST皇庭,其他商业
000058.SZ,20260928,7.0,7.31,7.0,7.12,7.04,0.08,1.1364,156634.01,112091.22293,000058,深赛格,商品城
000059.SZ,20260928,5.6,5.67,5.52,5.62,5.6,0.02,0.3571,353372.57,197691.00477,000059,华锦股份,石油加工
000060.SZ,20260928,5.9,5.91,5.71,5.74,5.95,-0.21,-3.5294,783943.38,453322.94488,000060,中金岭南,铅锌
000061.SZ,20260928,5.95,5.98,5.82,5.87,5.95,-0.08,-1.3445,123970.21,72630.48155,000061,农产品,农业综合
000062.SZ,20260928,22.74,22.74,21.75,21.84,22.74,-0.9,-3.9578,133655.06,294398.84346,000062,深圳华强,元器件
000063.SZ,20260928,31.7,31.74,30.63,30.79,31.92,-1.13,-3.5401,695510.39,2156499.58191,000063,中兴通讯,通信设备
000065.SZ,20260928,9.81,9.82,9.51,9.58,9.85,-0.27,-2.7411,144624.09,139277.05429,000065,北方国际,建筑工程
000066.SZ,20260928,14.84,14.9,14.12,14.16,14.8,-0.64,-4.3243,1116793.63,1600368.53131,000066,中国长城,IT设备
000068.SZ,20260928,3.33,3.33,3.2,3.22,3.26,-0.04,-1.227,122348.99,39562.82717,000068,华控赛格,环境保护
000069.SZ,20260928,1.85,1.92,1.81,1.86,1.84,0.02,1.087,976721.0,182173.979,000069,华侨城A,全国地产
000070.SZ,20260928,17.65,17.79,16.15,16.15,17.94,-1.79,-9.9777,649297.09,1069095.50116,000070,特发信息,通信设备
000078.SZ,20260928,1.54,1.55,1.49,1.5,1.55,-0.05,-3.2258,508161.0,76671.015,000078,ST海王,医药商业
000088.SZ,20260928,4.5,4.57,4.49,4.57,4.5,0.07,1.5556,284132.71,128911.0483,000088,盐田港,港口
000089.SZ,20260928,6.5,6.58,6.46,6.56,6.5,0.06,0.9231,141537.27,92521.38464,000089,深圳机场,机场
000090.SZ,20260928,3.5,3.61,3.46,3.56,3.5,0.06,1.7143,208396.8,73848.0025,000090,天健集团,建筑工程
000096.SZ,20260928,7.88,7.96,7.84,7.91,7.89,0.02,0.2535,36478.98,28800.4792,000096,广聚能源,石油贸易
000099.SZ,20260928,12.94,12.94,12.6,12.74,12.89,-0.15,-1.1637,54170.3,69066.44188,000099,中信海直,空运
000100.SZ,20260928,4.9,4.94,4.76,4.8,4.87,-0.07,-1.4374,3055074.18,1472739.48024,000100,TCL科技,元器件
000151.SZ,20260928,10.27,10.47,9.98,10.14,10.01,0.13,1.2987,130562.85,133224.54345,000151,中成股份,商贸代理
000153.SZ,20260928,6.12,6.16,6.03,6.1,6.09,0.01,0.1642,83315.16,50727.80356,000153,丰原药业,化学制药
000155.SZ,20260928,10.99,11.0,10.81,10.89,11.04,-0.15,-1.3587,146354.18,159294.167,000155,川能动力,新型电力
000156.SZ,20260928,6.98,7.04,6.85,6.88,7.02,-0.14,-1.9943,109389.21,75676.81969,000156,华数传媒,影视音像
000157.SZ,20260928,6.02,6.03,5.89,5.9,6.04,-0.14,-2.3179,478517.28,283891.99176,000157,中联重科,工程机械
000158.SZ,20260928,12.6,12.67,12.15,12.2,12.55,-0.35,-2.7888,190693.28,234536.97025,000158,常山北明,软件服务
000159.SZ,20260928,5.46,5.54,5.38,5.49,5.46,0.03,0.5495,103572.3,56509.46619,000159,国际实业,石油贸易
000166.SZ,20260928,4.38,4.39,4.31,4.34,4.39,-0.05,-1.139,593717.51,257665.96678,000166,申万宏源,证券
000301.SZ,20260928,13.36,13.43,13.15,13.23,13.36,-0.13,-0.9731,152041.23,201666.30291,000301,东方盛虹,化纤
000333.SZ,20260928,82.18,82.97,81.27,82.0,82.65,-0.65,-0.7864,256572.98,2101953.50857,000333,美的集团,家用电器
000338.SZ,20260928,25.0,25.13,24.33,24.62,25.3,-0.68,-2.6877,749392.2,1841024.9961,000338,潍柴动力,汽车配件
000400.SZ,20260928,20.01,20.64,19.75,20.59,20.03,0.56,2.7958,197106.58,398771.25367,000400,许继电气,电气设备
000401.SZ,20260928,3.55,3.56,3.5,3.51,3.55,-0.04,-1.1268,77129.0,27168.236,000401,金隅冀东,水泥
000402.SZ,20260928,2.63,2.65,2.58,2.61,2.63,-0.02,-0.7605,519099.51,135503.3234,000402,金融街,全国地产
000403.SZ,20260928,9.91,10.04,9.69,9.8,9.92,-0.12,-1.2097,61444.25,60276.64538,000403,派林生物,生物制药
000404.SZ,20260928,6.85,6.89,6.73,6.75,6.86,-0.11,-1.6035,60319.5,40897.22525,000404,长虹华意,家用电器
000407.SZ,20260928,4.13,4.19,4.12,4.17,4.17,0.0,0.0,128640.48,53380.1332,000407,胜利股份,供气供热
000408.SZ,20260928,70.39,70.93,69.76,69.9,71.46,-1.56,-2.183,77800.39,546769.63305,000408,藏格矿业,农药化肥
000409.SZ,20260928,8.85,8.9,8.67,8.73,8.84,-0.11,-1.2443,36313.59,31779.86594,000409,云鼎科技,软件服务
000410.SZ,20260928,5.24,5.25,5.07,5.12,5.23,-0.11,-2.1033,170363.56,87435.55532,000410,沈阳机床,机床制造
000411.SZ,20260928,10.36,10.48,9.99,10.1,10.42,-0.32,-3.071,78810.03,80089.35009,000411,英特集团,医药商业
000415.SZ,20260928,4.09,4.1,3.97,4.06,4.11,-0.05,-1.2165,576081.0,232146.457,000415,渤海租赁,多元金融
000417.SZ,20260928,5.82,5.89,5.63,5.7,5.85,-0.15,-2.5641,215954.81,123551.47743,000417,合百集团,百货
000419.SZ,20260928,4.96,5.04,4.95,5.01,4.99,0.02,0.4008,43058.42,21469.27734,000419,通程控股,百货
000420.SZ,20260928,3.54,3.54,3.45,3.47,3.57,-0.1,-2.8011,364655.81,127097.26607,000420,吉林化纤,化纤
000421.SZ,20260928,5.66,5.69,5.62,5.63,5.69,-0.06,-1.0545,37788.94,21351.7371,000421,南京公用,供气供热
000422.SZ,20260928,11.79,11.84,11.42,11.54,11.79,-0.25,-2.1204,129694.1,149800.26156,000422,湖北宜化,农药化肥
000423.SZ,20260928,45.15,45.38,45.05,45.28,45.15,0.13,0.2879,36498.69,164999.7735,000423,东阿阿胶,中成药
000425.SZ,20260928,7.16,7.16,7.03,7.06,7.17,-0.11,-1.5342,729148.01,515118.20863,000425,徐工机械,工程机械
000426.SZ,20260928,32.04,32.2,30.78,31.17,32.77,-1.6,-4.8825,501264.0,1570554.14414,000426,兴业银锡,铅锌
000428.SZ,20260928,4.05,4.05,3.82,3.87,4.02,-0.15,-3.7313,359252.93,139906.46465,000428,华天酒店,酒店餐饮
000429.SZ,20260928,12.5,12.51,12.35,12.38,12.5,-0.12,-0.96,46778.65,58142.15186,000429,粤高速A,路桥
000430.SZ,20260928,6.87,6.92,6.66,6.72,6.84,-0.12,-1.7544,89275.51,60327.50868,000430,张家界,旅游景点
000488.SZ,20260928,2.14,2.15,2.11,2.12,2.11,0.01,0.4739,69809.5,14842.3005,000488,ST晨鸣,造纸
000498.SZ,20260928,5.62,5.88,5.57,5.76,5.65,0.11,1.9469,952877.7,544354.53389,000498,山东路桥,建筑工程
000501.SZ,20260928,7.1,7.12,6.92,6.97,7.09,-0.12,-1.6925,57352.67,40064.57184,000501,武商集团,百货
000503.SZ,20260928,7.22,7.44,7.09,7.44,6.76,0.68,10.0592,491398.66,362431.75197,000503,国新健康,软件服务
000504.SZ,20260928,13.05,13.49,12.36,12.36,13.73,-1.37,-9.9782,140329.0,179968.459,000504,南华生物,医疗保健
000505.SZ,20260928,6.37,6.43,5.94,6.13,6.36,-0.23,-3.6164,280640.85,171240.09804,000505,京粮控股,食品
000506.SZ,20260928,17.2,17.25,16.28,16.38,17.48,-1.1,-6.2929,350781.77,583869.12708,000506,招金黄金,黄金
000507.SZ,20260928,4.93,4.94,4.88,4.9,4.93,-0.03,-0.6085,62092.3,30496.38855,000507,珠海港,新型电力
000509.SZ,20260928,3.68,3.69,3.44,3.49,3.69,-0.2,-5.4201,479883.49,168967.04003,000509,华塑控股,元器件
000510.SZ,20260928,18.49,18.49,17.0,17.11,18.55,-1.44,-7.7628,399928.24,693455.81694,000510,新金路,化工原料
000513.SZ,20260928,29.44,30.34,29.03,30.34,27.58,2.76,10.0073,279428.36,842849.4214,000513,丽珠集团,化学制药
000514.SZ,20260928,4.34,4.38,4.31,4.34,4.35,-0.01,-0.2299,81366.99,35288.94465,000514,渝开发,区域地产
000516.SZ,20260928,4.3,4.34,4.24,4.26,4.3,-0.04,-0.9302,137304.76,58607.97376,000516,国际医学,医疗保健
000517.SZ,20260928,2.0,2.03,1.98,2.01,2.0,0.01,0.5,332354.0,66681.72729,000517,荣安地产,区域地产
000518.SZ,20260928,3.66,3.89,3.66,3.72,3.67,0.05,1.3624,259571.06,97514.35426,000518,四环生物,生物制药
000519.SZ,20260928,14.78,14.79,14.33,14.46,14.79,-0.33,-2.2312,288085.01,418039.77658,000519,中兵红箭,专用机械
000520.SZ,20260928,4.16,4.19,4.02,4.05,4.07,-0.02,-0.4914,166132.84,67591.82088,000520,凤凰航运,水运
000521.SZ,20260928,4.34,4.35,4.26,4.28,4.33,-0.05,-1.1547,65717.98,28232.607,000521,长虹美菱,家用电器
000523.SZ,20260928,3.35,3.41,3.14,3.18,3.29,-0.11,-3.3435,1101620.72,356066.92222,000523,红棉股份,食品
000524.SZ,20260928,8.95,8.95,8.74,8.76,8.93,-0.17,-1.9037,49456.77,43530.3366,000524,岭南控股,旅游服务
000525.SZ,20260928,4.47,4.47,4.35,4.39,4.47,-0.08,-1.7897,107284.3,47113.29055,000525,红太阳,农药化肥
000526.SZ,20260928,36.0,36.23,34.9,35.38,36.26,-0.88,-2.4269,27711.65,98048.58488,000526,学大教育,文教休闲
000528.SZ,20260928,7.48,7.49,7.38,7.43,7.5,-0.07,-0.9333,147658.82,109629.66764,000528,柳工,工程机械
000529.SZ,20260928,4.96,5.02,4.92,5.01,4.97,0.04,0.8048,31449.02,15619.1359,000529,广弘控股,食品
000530.SZ,20260928,5.2,5.23,5.14,5.17,5.2,-0.03,-0.5769,104584.99,54241.4935,000530,冰山冷热,机械基件
000531.SZ,20260928,5.53,5.54,5.45,5.47,5.54,-0.07,-1.2635,54390.03,29858.69592,000531,穗恒运A,火力发电
000532.SZ,20260928,12.89,12.93,12.31,12.45,12.87,-0.42,-3.2634,234202.04,292289.15403,000532,华金资本,多元金融
000533.SZ,20260928,10.3,10.33,9.97,10.04,10.34,-0.3,-2.9014,207743.06,209048.6217,000533,顺钠股份,电气设备
000534.SZ,20260928,22.71,22.84,21.65,21.8,22.64,-0.84,-3.7102,150657.21,333513.68445,000534,万泽股份,生物制药
000536.SZ,20260928,3.61,3.67,3.36,3.39,3.49,-0.1,-2.8653,832318.15,288348.7597,000536,华映科技,元器件
000537.SZ,20260928,7.29,7.32,7.22,7.28,7.3,-0.02,-0.274,101243.32,73592.14916,000537,绿发电力,新型电力
000538.SZ,20260928,49.87,50.47,49.76,50.33,49.87,0.46,0.9224,69877.38,351113.1421,000538,云南白药,中成药
000539.SZ,20260928,4.94,4.97,4.88,4.93,4.95,-0.02,-0.404,291638.39,143395.18413,000539,粤电力A,火力发电
000541.SZ,20260928,4.91,4.92,4.83,4.85,4.9,-0.05,-1.0204,49701.15,24138.94732,000541,佛山照明,家用电器
000543.SZ,20260928,7.13,7.23,7.12,7.17,7.15,0.02,0.2797,194030.89,139190.71993,000543,皖能电力,火力发电
000544.SZ,20260928,7.18,7.23,7.11,7.15,7.16,-0.01,-0.1397,24202.02,17357.54678,000544,中原环保,环境保护
000545.SZ,20260928,2.18,2.19,2.14,2.16,2.17,-0.01,-0.4608,239633.27,51767.99022,000545,金浦钛业,化工原料
000546.SZ,20260928,4.34,4.36,4.22,4.26,4.35,-0.09,-2.069,84375.7,35977.90534,000546,金圆股份,环境保护
000547.SZ,20260928,14.42,14.88,13.98,14.06,14.56,-0.5,-3.4341,817915.33,1166131.49868,000547,航天发展,通信设备
000548.SZ,20260928,4.59,4.6,4.5,4.58,4.58,0.0,0.0,39036.99,17814.54643,000548,湖南投资,路桥
000550.SZ,20260928,16.05,16.14,15.88,16.12,15.99,0.13,0.813,53244.41,85404.46755,000550,江铃汽车,汽车整车
000551.SZ,20260928,12.13,12.13,11.55,11.63,12.14,-0.51,-4.201,120556.49,141665.31579,000551,创元科技,专用机械
000552.SZ,20260928,2.45,2.46,2.42,2.44,2.47,-0.03,-1.2146,485453.52,118178.31688,000552,甘肃能化,煤炭开采
000553.SZ,20260928,5.46,5.46,5.31,5.38,5.46,-0.08,-1.4652,50933.0,27341.311,000553,安道麦A,农药化肥
000554.SZ,20260928,6.25,6.27,6.15,6.24,6.26,-0.02,-0.3195,78252.94,48557.38147,000554,泰山石油,石油贸易
000555.SZ,20260928,9.9,9.96,9.59,9.77,9.99,-0.22,-2.2022,241895.36,235622.67519,000555,神州信息,软件服务
000557.SZ,20260928,3.63,3.65,3.55,3.57,3.62,-0.05,-1.3812,64294.93,23114.32994,000557,西部创业,铁路
000558.SZ,20260928,3.57,3.57,3.47,3.52,3.57,-0.05,-1.4006,168624.97,59112.80453,000558,天府文旅,旅游景点
000559.SZ,20260928,11.0,11.23,10.81,10.91,11.1,-0.19,-1.7117,478691.71,523853.96662,000559,万向钱潮,汽车配件
000560.SZ,20260928,3.71,3.83,3.47,3.71,3.66,0.05,1.3661,6352073.75,2310346.99778,000560,我爱我家,房产服务
000561.SZ,20260928,7.66,7.7,7.47,7.54,7.68,-0.14,-1.8229,90273.92,68223.4116,000561,烽火电子,通信设备
000563.SZ,20260928,2.88,2.89,2.84,2.88,2.88,0.0,0.0,298970.9,85693.1792,000563,陕国投A,多元金融
000564.SZ,20260928,1.48,1.49,1.43,1.44,1.48,-0.04,-2.7027,1773730.77,256567.66914,000564,供销大集,百货
000565.SZ,20260928,6.44,6.47,6.3,6.35,6.43,-0.08,-1.2442,114000.24,72503.16939,000565,渝三峡A,染料涂料
000566.SZ,20260928,4.7,4.74,4.58,4.64,4.69,-0.05,-1.0661,445389.27,206352.53069,000566,海南海药,化学制药
000567.SZ,20260928,5.92,5.95,5.77,5.82,5.9,-0.08,-1.3559,156010.0,90881.69,000567,海德股份,多元金融
000568.SZ,20260928,70.65,70.95,69.7,69.96,70.65,-0.69,-0.9766,56822.19,398408.51426,000568,泸州老窖,白酒
000570.SZ,20260928,5.26,5.3,5.18,5.22,5.28,-0.06,-1.1364,90017.03,47130.12672,000570,苏常柴A,农用机械
000571.SZ,20260928,6.6,6.62,6.26,6.34,6.69,-0.35,-5.2317,217931.27,139111.26253,000571,新大洲A,煤炭开采
000572.SZ,20260928,3.84,4.1,3.77,3.96,3.88,0.08,2.0619,1235258.83,487357.35619,000572,海马汽车,汽车整车
000573.SZ,20260928,3.79,3.84,3.74,3.8,3.78,0.02,0.5291,122110.0,46285.519,000573,粤宏远A,区域地产
000576.SZ,20260928,8.3,8.36,8.15,8.17,8.27,-0.1,-1.2092,67346.98,55302.76945,000576,甘化科工,电气设备
000581.SZ,20260928,18.1,18.22,17.88,17.94,18.1,-0.16,-0.884,49392.0,88960.37721,000581,威孚高科,汽车配件
000582.SZ,20260928,9.1,9.19,8.88,9.15,9.11,0.04,0.4391,463885.26,419412.25899,000582,北部湾港,港口
000586.SZ,20260928,13.37,13.39,12.41,12.72,13.41,-0.69,-5.1454,85021.0,107793.729,000586,汇源通信,通信设备
000589.SZ,20260928,4.2,4.21,4.13,4.16,4.2,-0.04,-0.9524,150063.55,62487.6732,000589,贵州轮胎,汽车配件
000590.SZ,20260928,9.01,9.1,8.86,8.92,8.97,-0.05,-0.5574,34725.65,31100.1924,000590,古汉医药,中成药
000591.SZ,20260928,4.15,4.17,4.11,4.14,4.16,-0.02,-0.4808,272818.44,112704.55928,000591,太阳能,新型电力
000592.SZ,20260928,8.78,9.45,8.61,9.09,8.78,0.31,3.5308,5571319.42,5083871.83857,000592,平潭发展,林业
000593.SZ,20260928,20.76,22.0,20.76,21.42,21.77,-0.35,-1.6077,145715.41,311588.35593,000593,德龙汇能,供气供热
000595.SZ,20260928,5.59,5.59,5.36,5.44,5.49,-0.05,-0.9107,195101.08,106142.52332,000595,新能股份,新型电力
000596.SZ,20260928,91.0,91.06,87.5,87.9,91.66,-3.76,-4.1021,29609.74,262992.68469,000596,古井贡酒,白酒
000597.SZ,20260928,4.7,4.77,4.68,4.73,4.71,0.02,0.4246,86564.35,40902.86599,000597,东北制药,化学制药
000598.SZ,20260928,7.04,7.06,6.96,6.99,7.05,-0.06,-0.8511,124246.4,86851.9612,000598,兴蓉环境,水务
000599.SZ,20260928,4.45,4.48,4.39,4.41,4.45,-0.04,-0.8989,95030.23,42017.25028,000599,青岛双星,汽车配件
000600.SZ,20260928,7.12,7.12,6.99,7.05,7.08,-0.03,-0.4237,115951.56,81658.45544,000600,建投能源,火力发电
000601.SZ,20260928,5.95,6.01,5.88,5.96,6.0,-0.04,-0.6667,194236.94,115559.77456,000601,韶能股份,水力发电
000603.SZ,20260928,31.01,31.35,29.8,30.06,32.12,-2.06,-6.4134,280286.21,851754.55995,000603,盛达资源,铅锌
000605.SZ,20260928,5.96,6.02,5.88,5.96,5.95,0.01,0.1681,30508.74,18152.64889,000605,渤海股份,水务
000607.SZ,20260928,3.95,3.99,3.66,3.75,4.03,-0.28,-6.9479,804271.06,302267.98345,000607,华媒控股,广告包装
000608.SZ,20260928,7.1,7.21,6.92,7.0,7.19,-0.19,-2.6426,173683.0,122417.2348,000608,阳光股份,区域地产
000609.SZ,20260928,9.8,9.82,9.22,9.24,9.94,-0.7,-7.0423,50398.1,47740.94598,000609,*ST中迪,区域地产
000610.SZ,20260928,7.46,7.54,7.18,7.2,7.4,-0.2,-2.7027,58801.0,43184.66,000610,*ST西旅,旅游服务
000612.SZ,20260928,10.54,10.66,10.09,10.19,10.71,-0.52,-4.8553,442547.1,454042.60496,000612,焦作万方,铝
000615.SZ,20260928,3.2,3.23,3.16,3.16,3.2,-0.04,-1.25,35043.3,11161.9928,000615,*ST美谷,医疗保健
000617.SZ,20260928,6.68,6.68,6.53,6.54,6.67,-0.13,-1.949,481917.24,317042.24272,000617,中油资本,多元金融
000619.SZ,20260928,5.23,5.3,5.17,5.22,5.23,-0.01,-0.1912,45925.0,23987.564,000619,海螺新材,其他建材
000620.SZ,20260928,3.1,3.12,3.03,3.04,3.13,-0.09,-2.8754,1782581.01,546284.64107,000620,盈新发展,全国地产
000623.SZ,20260928,17.45,17.49,17.1,17.2,17.48,-0.28,-1.6018,78862.88,135934.68027,000623,吉林敖东,中成药
000625.SZ,20260928,7.03,7.13,7.01,7.05,7.03,0.02,0.2845,461455.31,325338.55566,000625,长安汽车,汽车整车
000626.SZ,20260928,8.96,9.18,8.62,8.7,8.96,-0.26,-2.9018,122422.1,107101.0602,000626,远大控股,商贸代理
000628.SZ,20260928,57.62,57.95,54.28,54.75,57.78,-3.03,-5.244,85047.56,466921.12987,000628,高新发展,建筑工程
000629.SZ,20260928,2.82,2.83,2.74,2.77,2.83,-0.06,-2.1201,665154.6,183902.92722,000629,钒钛股份,小金属
000630.SZ,20260928,5.84,5.84,5.68,5.69,5.89,-0.2,-3.3956,1751119.45,1004364.41957,000630,铜陵有色,铜
000631.SZ,20260928,3.01,3.04,2.95,2.96,3.0,-0.04,-1.3333,94362.31,28153.16967,000631,顺发恒能,综合类
000632.SZ,20260928,3.77,3.77,3.58,3.62,3.75,-0.13,-3.4667,114877.59,41679.96517,000632,ST三木,综合类
000633.SZ,20260928,5.26,5.32,5.18,5.26,5.25,0.01,0.1905,91297.5,47952.58051,000633,合金投资,小金属
000635.SZ,20260928,7.52,7.56,7.25,7.35,7.49,-0.14,-1.8692,108058.63,79641.20079,000635,英力特,化工原料
000636.SZ,20260928,55.43,55.51,50.42,50.42,56.02,-5.6,-9.9964,924985.73,4798901.18947,000636,风华高科,元器件
000637.SZ,20260928,4.24,4.26,4.12,4.2,4.22,-0.02,-0.4739,114911.39,48043.47688,000637,茂化实华,石油加工
000639.SZ,20260928,1.53,1.54,1.46,1.49,1.53,-0.04,-2.6144,291205.0,43217.276,000639,ST西王,食品
000650.SZ,20260928,5.16,5.18,5.1,5.14,5.13,0.01,0.1949,99694.94,51131.7942,000650,仁和药业,中成药
000651.SZ,20260928,38.5,38.68,38.21,38.4,38.5,-0.1,-0.2597,241449.14,926076.63839,000651,格力电器,家用电器
000652.SZ,20260928,3.31,3.33,3.25,3.27,3.31,-0.04,-1.2085,79561.01,26088.44729,000652,泰达股份,批发业
000655.SZ,20260928,7.1,7.11,6.98,7.05,7.1,-0.05,-0.7042,41098.05,28923.26984,000655,金岭矿业,普钢
000656.SZ,20260928,1.23,1.24,1.2,1.21,1.23,-0.02,-1.626,1397546.54,169478.73313,000656,金科股份,全国地产
000657.SZ,20260928,57.0,57.0,53.0,53.25,57.18,-3.93,-6.873,469254.02,2540931.63453,000657,中钨高新,小金属
000659.SZ,20260928,2.71,2.79,2.7,2.74,2.7,0.04,1.4815,287726.43,78710.58199,000659,珠海中富,广告包装
000661.SZ,20260928,70.6,71.5,70.08,70.5,70.85,-0.35,-0.494,31161.99,220161.81427,000661,长春高新,生物制药
000663.SZ,20260928,5.99,6.28,5.91,6.08,6.08,0.0,0.0,182298.55,110502.0499,000663,永安林业,林业
000665.SZ,20260928,4.09,4.12,3.9,3.94,4.08,-0.14,-3.4314,231381.93,91677.74821,000665,湖北广电,影视音像
000668.SZ,20260928,18.35,18.5,17.18,17.18,18.35,-1.17,-6.376,62153.6,109043.031,000668,荣丰控股,房产服务
000669.SZ,20260928,4.2,4.23,4.08,4.1,4.2,-0.1,-2.381,36053.0,14845.825,000669,ST金鸿,供气供热
000670.SZ,20260928,7.85,7.88,7.63,7.67,7.93,-0.26,-3.2787,507571.08,393300.74834,000670,盈方微,元器件
000672.SZ,20260928,15.65,15.74,14.64,14.71,15.56,-0.85,-5.4627,191377.02,287883.71814,000672,上峰材料,水泥
000676.SZ,20260928,6.69,6.75,6.35,6.37,6.8,-0.43,-6.3235,909934.29,589161.07053,000676,智度股份,互联网
000677.SZ,20260928,1.8,1.81,1.73,1.74,1.8,-0.06,-3.3333,169905.75,29815.612,000677,ST海龙,化纤
000678.SZ,20260928,10.45,10.65,10.18,10.65,9.68,0.97,10.0207,349856.7,369427.22698,000678,襄阳轴承,汽车配件
000679.SZ,20260928,6.46,6.5,6.3,6.33,6.48,-0.15,-2.3148,51664.02,32902.97276,000679,大连友谊,百货
000680.SZ,20260928,9.04,9.09,8.86,8.92,9.04,-0.12,-1.3274,120664.68,107775.4171,000680,山推股份,工程机械
000681.SZ,20260928,15.96,15.99,15.48,15.6,15.96,-0.36,-2.2556,135430.04,211831.04421,000681,视觉中国,互联网
000682.SZ,20260928,10.4,10.44,10.2,10.27,10.4,-0.13,-1.25,82542.51,84755.7068,000682,东方电子,电气设备
000683.SZ,20260928,5.54,5.55,5.42,5.49,5.54,-0.05,-0.9025,353159.0,193504.67,000683,博源化工,化工原料
000685.SZ,20260928,10.8,10.82,10.56,10.63,10.81,-0.18,-1.6651,86715.8,92478.7404,000685,中山公用,水务
000686.SZ,20260928,7.62,7.65,7.48,7.5,7.64,-0.14,-1.8325,119929.8,90279.5932,000686,东北证券,证券
000688.SZ,20260928,24.65,24.72,23.76,23.91,24.94,-1.03,-4.1299,116306.75,280186.69073,000688,国城矿业,铅锌
000690.SZ,20260928,5.06,5.24,5.04,5.2,5.06,0.14,2.7668,794310.0,410626.726,000690,宝新能源,火力发电
000691.SZ,20260928,9.0,9.06,8.78,8.97,9.08,-0.11,-1.2115,49998.0,44618.269,000691,亚太实业,化工原料
000692.SZ,20260928,4.12,4.16,4.08,4.12,4.12,0.0,0.0,86627.4,35635.74716,000692,惠天热电,供气供热
000695.SZ,20260928,12.79,12.83,12.54,12.6,12.71,-0.11,-0.8655,28648.0,36188.823,000695,滨海能源,化工原料
000697.SZ,20260928,8.9,9.17,8.89,8.98,8.91,0.07,0.7856,72911.0,65753.92,000697,炼石航空,航空
000698.SZ,20260928,3.67,3.68,3.59,3.59,3.66,-0.07,-1.9126,47002.0,16993.853,000698,ST沈化,石油加工
000700.SZ,20260928,12.48,12.5,11.94,12.1,12.47,-0.37,-2.9671,528845.72,644580.03991,000700,模塑科技,汽车配件
000701.SZ,20260928,5.23,5.25,5.09,5.17,5.46,-0.29,-5.3114,356850.71,183825.54598,000701,厦门信达,商贸代理
000702.SZ,20260928,5.66,5.81,5.63,5.78,5.69,0.09,1.5817,76540.19,43746.20073,000702,正虹科技,饲料
000703.SZ,20260928,17.16,17.49,16.78,17.26,17.24,0.02,0.116,674261.74,1158069.08427,000703,恒逸石化,化纤
000705.SZ,20260928,7.02,7.1,6.98,7.05,7.02,0.03,0.4274,43788.33,30840.76911,000705,浙江震元,医药商业
000707.SZ,20260928,4.58,4.58,4.44,4.51,4.57,-0.06,-1.3129,60983.65,27406.01167,000707,双环科技,化工原料
000708.SZ,20260928,12.89,12.98,12.77,12.79,12.92,-0.13,-1.0062,82299.68,105730.72734,000708,中信特钢,特种钢
000709.SZ,20260928,2.01,2.02,1.98,1.99,2.01,-0.02,-0.995,572672.09,113975.79642,000709,河钢股份,普钢
000710.SZ,20260928,10.9,11.0,10.07,10.28,11.01,-0.73,-6.6303,683673.67,712439.66282,000710,贝瑞基因,医疗保健
000711.SZ,20260928,4.9,4.92,4.68,4.7,4.82,-0.12,-2.4896,510705.6,242306.6552,000711,京蓝科技,环境保护
000712.SZ,20260928,9.9,10.0,9.69,9.75,9.98,-0.23,-2.3046,331482.91,325741.82787,000712,锦龙股份,证券
000713.SZ,20260928,6.35,6.47,6.07,6.11,6.35,-0.24,-3.7795,176944.37,108857.82244,000713,国投丰乐,种植业
000715.SZ,20260928,5.35,5.35,5.24,5.27,5.3,-0.03,-0.566,55966.91,29590.2401,000715,中兴商业,百货
000716.SZ,20260928,5.02,5.04,4.9,4.96,4.97,-0.01,-0.2012,179402.04,88815.77748,000716,黑芝麻,食品
000717.SZ,20260928,2.13,2.15,2.11,2.13,2.13,0.0,0.0,165509.51,35213.04061,000717,中南股份,普钢
000718.SZ,20260928,2.04,2.05,2.0,2.04,2.04,0.0,0.0,259233.56,52439.97656,000718,苏宁环球,区域地产
000719.SZ,20260928,12.11,12.17,11.78,11.86,12.09,-0.23,-1.9024,56669.94,67546.11458,000719,中原传媒,出版业
000720.SZ,20260928,3.62,3.62,3.49,3.53,3.62,-0.09,-2.4862,264199.0,93084.418,000720,新能泰山,电气设备
000721.SZ,20260928,6.1,6.14,6.01,6.06,6.13,-0.07,-1.1419,86861.04,52633.0442,000721,西安饮食,酒店餐饮
000722.SZ,20260928,13.21,13.27,12.92,13.0,13.29,-0.29,-2.1821,138235.49,180390.46673,000722,湖南发展,水力发电
000723.SZ,20260928,3.49,3.5,3.41,3.44,3.52,-0.08,-2.2727,493085.83,169587.67586,000723,美锦能源,焦炭加工
000725.SZ,20260928,6.02,6.09,5.76,5.8,5.85,-0.05,-0.8547,14003023.08,8247027.88946,000725,京东方A,元器件
000726.SZ,20260928,6.08,6.15,5.93,5.96,6.07,-0.11,-1.8122,81385.83,49015.3922,000726,鲁泰A,纺织
000727.SZ,20260928,2.17,2.2,2.13,2.15,2.17,-0.02,-0.9217,639225.08,137499.05312,000727,冠捷科技,元器件
000728.SZ,20260928,7.29,7.32,7.14,7.18,7.29,-0.11,-1.5089,185037.84,133101.25978,000728,国元证券,证券
000729.SZ,20260928,10.81,11.02,10.73,10.85,10.78,0.07,0.6494,184425.0,200730.34422,000729,燕京啤酒,啤酒
000731.SZ,20260928,7.94,8.19,7.9,8.07,7.94,0.13,1.6373,132131.28,106189.5617,000731,四川美丰,农药化肥
000733.SZ,20260928,40.7,40.73,38.8,39.13,40.9,-1.77,-4.3276,126149.28,496445.59703,000733,振华科技,元器件
000735.SZ,20260928,5.63,5.77,5.53,5.67,5.64,0.03,0.5319,625740.23,354011.00845,000735,罗牛山,农业综合
000736.SZ,20260928,4.68,4.68,4.53,4.6,4.6,0.0,0.0,134164.99,61510.48146,000736,中交发展,全国地产
000737.SZ,20260928,13.51,13.54,13.05,13.05,13.96,-0.91,-6.5186,748892.54,990943.34026,000737,北方铜业,铜
000738.SZ,20260928,18.9,19.25,18.73,18.82,18.81,0.01,0.0532,109177.5,207155.98652,000738,航发控制,航空
000739.SZ,20260928,25.3,27.0,24.96,26.81,25.3,1.51,5.9684,221782.54,585329.08898,000739,普洛药业,化学制药
000750.SZ,20260928,3.6,3.61,3.53,3.55,3.61,-0.06,-1.662,326534.18,116018.3117,000750,国海证券,证券
000751.SZ,20260928,4.45,4.45,4.33,4.35,4.45,-0.1,-2.2472,175177.35,76340.45065,000751,锌业股份,铅锌
000752.SZ,20260928,8.96,9.13,8.88,9.01,8.96,0.05,0.558,28918.0,26042.397,000752,*ST西发,啤酒
000753.SZ,20260928,5.32,5.61,5.21,5.52,5.35,0.17,3.1776,1267735.34,692169.20962,000753,漳州发展,综合类
000755.SZ,20260928,4.67,4.7,4.63,4.68,4.66,0.02,0.4292,29961.43,13971.85993,000755,山西高速,路桥
000756.SZ,20260928,14.09,14.94,13.71,14.33,13.92,0.41,2.9454,618924.37,885396.1027,000756,新华制药,化学制药
000757.SZ,20260928,4.28,4.32,4.22,4.26,4.3,-0.04,-0.9302,80069.0,34147.08322,000757,浩物股份,汽车服务
000758.SZ,20260928,5.75,5.75,5.58,5.63,5.8,-0.17,-2.931,229190.39,129214.96138,000758,中色股份,铅锌
000759.SZ,20260928,6.37,6.4,6.11,6.18,6.39,-0.21,-3.2864,497462.16,308651.79919,000759,中百集团,超市连锁
000761.SZ,20260928,2.21,2.23,2.18,2.2,2.21,-0.01,-0.4525,133388.96,29334.76623,000761,本钢板材,普钢
000762.SZ,20260928,20.8,20.8,20.03,20.15,20.95,-0.8,-3.8186,78869.47,159802.28043,000762,西藏矿业,小金属
000766.SZ,20260928,15.18,15.29,14.97,15.18,15.19,-0.01,-0.0658,83736.12,126662.43427,000766,通化金马,化学制药
000767.SZ,20260928,3.3,3.31,3.23,3.26,3.29,-0.03,-0.9119,493800.31,160992.23437,000767,晋控电力,火力发电
000768.SZ,20260928,22.2,23.05,22.02,22.92,22.1,0.82,3.7104,421774.1,958546.43493,000768,中航西飞,航空
000776.SZ,20260928,20.3,20.36,19.8,19.81,20.37,-0.56,-2.7491,414335.84,828220.12271,000776,广发证券,证券
000777.SZ,20260928,16.37,16.37,15.99,16.04,16.37,-0.33,-2.0159,32122.34,51783.54266,000777,中核科技,机械基件
000778.SZ,20260928,3.56,3.57,3.47,3.5,3.57,-0.07,-1.9608,564187.81,198237.03839,000778,新兴铸管,钢加工
000779.SZ,20260928,8.6,8.61,8.22,8.36,8.58,-0.22,-2.5641,203786.9,169916.9619,000779,甘咨询,建筑工程
000782.SZ,20260928,8.18,8.25,7.99,8.06,8.21,-0.15,-1.827,122606.33,99453.36002,000782,恒申新材,化纤
000783.SZ,20260928,8.25,8.26,7.9,7.92,8.28,-0.36,-4.3478,905774.53,725684.46732,000783,长江证券,证券
000785.SZ,20260928,2.26,2.27,2.18,2.22,2.3,-0.08,-3.4783,831248.12,183890.15152,000785,居然智家,百货
000786.SZ,20260928,15.88,15.94,15.54,15.85,15.91,-0.06,-0.3771,191689.7,301868.62543,000786,北新建材,其他建材
000788.SZ,20260928,5.39,5.43,5.32,5.4,5.38,0.02,0.3717,106871.74,57372.57548,000788,北大医药,化学制药
000789.SZ,20260928,4.09,4.13,4.05,4.09,4.11,-0.02,-0.4866,41025.76,16757.16381,000789,万年青,水泥
000790.SZ,20260928,5.15,5.15,4.38,4.42,4.68,-0.26,-5.5556,1267928.16,598560.82663,000790,华神科技,中成药
000791.SZ,20260928,7.01,7.11,7.0,7.09,7.05,0.04,0.5674,121565.66,85758.3276,000791,甘肃能源,水力发电
000792.SZ,20260928,23.33,23.59,22.92,23.13,23.7,-0.57,-2.4051,499820.94,1158676.94611,000792,盐湖股份,农药化肥
000793.SZ,20260928,2.04,2.04,2.0,2.01,2.03,-0.02,-0.9852,119971.6,24151.03,000793,ST华闻,出版业
000795.SZ,20260928,8.3,8.42,8.16,8.24,8.52,-0.28,-3.2864,149853.0,123794.11746,000795,英洛华,矿物制品
000796.SZ,20260928,3.62,3.62,3.46,3.5,3.59,-0.09,-2.507,356026.79,124742.81729,000796,凯撒旅业,旅游服务
000797.SZ,20260928,2.64,2.66,2.57,2.61,2.78,-0.17,-6.1151,787351.72,205509.82378,000797,中国武夷,全国地产
000798.SZ,20260928,9.99,10.1,9.72,9.75,9.98,-0.23,-2.3046,135208.39,132543.93952,000798,中水渔业,渔业
000799.SZ,20260928,36.66,36.98,36.01,36.02,36.66,-0.64,-1.7458,35078.05,127543.3387,000799,酒鬼酒,白酒
000800.SZ,20260928,5.85,5.92,5.81,5.84,5.86,-0.02,-0.3413,102727.12,60169.82153,000800,一汽解放,汽车整车
000801.SZ,20260928,11.88,11.93,11.43,11.54,11.85,-0.31,-2.616,79177.66,91846.27988,000801,四川九洲,家用电器
000802.SZ,20260928,3.91,3.96,3.74,3.79,3.91,-0.12,-3.0691,622585.36,236803.08596,000802,北京文化,影视音像
000803.SZ,20260928,7.17,7.17,6.85,6.88,7.17,-0.29,-4.0446,84947.06,59237.51468,000803,山高环能,环境保护
000807.SZ,20260928,25.5,25.72,25.15,25.37,26.03,-0.66,-2.5355,524698.33,1331170.56969,000807,云铝股份,铝
000809.SZ,20260928,3.45,3.46,3.3,3.41,3.46,-0.05,-1.4451,304885.49,102980.31238,000809,和展能源,电气设备
000810.SZ,20260928,9.34,9.4,8.95,9.02,9.35,-0.33,-3.5294,184546.5,167731.146,000810,创维数字,家用电器
000811.SZ,20260928,39.01,39.8,37.5,37.9,39.45,-1.55,-3.929,329732.77,1268001.8979,000811,冰轮环境,工程机械
000812.SZ,20260928,3.74,3.78,3.66,3.68,3.73,-0.05,-1.3405,157517.39,58200.80948,000812,陕西金叶,广告包装
000813.SZ,20260928,3.2,3.24,3.16,3.2,3.2,0.0,0.0,195778.41,62347.04197,000813,德展健康,化学制药
000815.SZ,20260928,15.27,15.32,14.5,14.58,15.27,-0.69,-4.5187,265246.74,390376.66264,000815,美利云,通信设备
000816.SZ,20260928,2.84,2.84,2.74,2.78,2.86,-0.08,-2.7972,265565.24,73651.17981,000816,智慧农业,农用机械
000818.SZ,20260928,11.93,11.96,11.24,11.31,11.86,-0.55,-4.6374,152777.56,174234.6248,000818,航锦科技,化工原料
000819.SZ,20260928,12.05,12.14,11.74,11.83,12.05,-0.22,-1.8257,35809.1,42532.09112,000819,岳阳兴长,石油加工
000820.SZ,20260928,3.6,3.61,3.45,3.51,3.58,-0.07,-1.9553,99676.0,35059.634,000820,神雾节能,综合类
000821.SZ,20260928,7.41,7.45,7.23,7.25,7.45,-0.2,-2.6846,51778.01,37738.75328,000821,ST京机,电气设备
000822.SZ,20260928,4.22,4.23,4.16,4.19,4.22,-0.03,-0.7109,60353.65,25307.3337,000822,山东海化,化工原料
000823.SZ,20260928,24.0,24.39,22.03,22.18,24.48,-2.3,-9.3954,1601544.83,3659096.15218,000823,超声电子,元器件
000825.SZ,20260928,3.35,3.36,3.29,3.3,3.34,-0.04,-1.1976,326687.34,108246.5412,000825,太钢不锈,特种钢
000826.SZ,20260928,1.78,1.8,1.74,1.76,1.78,-0.02,-1.1236,142614.0,25055.372,000826,*ST启环,环境保护
000828.SZ,20260928,10.01,10.05,9.87,9.93,10.04,-0.11,-1.0956,41158.45,40890.05435,000828,东莞控股,路桥
000829.SZ,20260928,9.35,9.38,8.59,8.66,9.32,-0.66,-7.0815,401217.41,353299.2229,000829,天音控股,其他商业
000830.SZ,20260928,11.57,11.59,11.25,11.32,11.57,-0.25,-2.1608,172079.94,195503.34654,000830,鲁西化工,化工原料
000831.SZ,20260928,52.77,53.2,51.29,52.29,53.9,-1.61,-2.987,202790.2,1056576.67839,000831,中国稀土,小金属
000833.SZ,20260928,18.96,19.02,18.31,18.45,19.05,-0.6,-3.1496,146059.98,270697.12033,000833,粤桂股份,综合类
000837.SZ,20260928,9.61,9.66,9.37,9.47,9.61,-0.14,-1.4568,77718.21,73604.04167,000837,秦川机床,机床制造
000838.SZ,20260928,2.3,2.3,2.13,2.16,2.31,-0.15,-6.4935,311161.5,68241.4255,000838,*ST发展,区域地产
000839.SZ,20260928,2.86,2.88,2.77,2.83,2.83,0.0,0.0,761648.75,215218.25925,000839,国安股份,综合类
000848.SZ,20260928,8.05,8.12,7.97,8.02,8.06,-0.04,-0.4963,114560.39,91910.4143,000848,承德露露,软饮料
000850.SZ,20260928,5.62,5.63,4.99,5.14,5.12,0.02,0.3906,2062073.21,1130074.77413,000850,华茂股份,纺织
000852.SZ,20260928,5.32,5.32,5.16,5.21,5.32,-0.11,-2.0677,140692.93,73470.40495,000852,石化机械,化工机械
000856.SZ,20260928,8.9,8.92,8.67,8.82,8.81,0.01,0.1135,45361.87,39908.83877,000856,冀东装备,专用机械
000858.SZ,20260928,69.5,69.66,68.72,68.91,69.67,-0.76,-1.0909,153621.98,1060222.91598,000858,五粮液,白酒
000859.SZ,20260928,9.13,9.13,8.63,8.68,9.02,-0.34,-3.7694,264347.76,231977.52756,000859,国风新材,塑料
000860.SZ,20260928,10.09,10.22,9.99,10.11,10.09,0.02,0.1982,80784.82,81495.4935,000860,顺鑫农业,白酒
000862.SZ,20260928,5.23,5.28,5.19,5.24,5.23,0.01,0.1912,146039.71,76425.31033,000862,银星能源,新型电力
000863.SZ,20260928,4.53,4.57,4.35,4.39,4.52,-0.13,-2.8761,184566.19,81572.13022,000863,三湘印象,区域地产
000868.SZ,20260928,3.9,4.39,3.9,4.18,3.99,0.19,4.7619,928740.03,385738.63332,000868,安凯客车,汽车整车
000869.SZ,20260928,16.94,17.5,16.94,17.05,16.94,0.11,0.6494,26613.88,45674.02247,000869,张裕A,红黄酒
000875.SZ,20260928,4.62,4.63,4.5,4.56,4.62,-0.06,-1.2987,310787.29,141796.17806,000875,电投绿能,火力发电
000876.SZ,20260928,6.86,6.9,6.72,6.82,6.92,-0.1,-1.4451,371487.73,252507.23337,000876,新希望,饲料
000877.SZ,20260928,3.75,3.76,3.59,3.6,3.77,-0.17,-4.5093,352196.79,128118.95367,000877,天山股份,水泥
000878.SZ,20260928,16.0,16.0,15.57,15.61,16.36,-0.75,-4.5844,379817.01,597450.90991,000878,云南铜业,铜
000880.SZ,20260928,25.18,25.21,23.6,23.72,25.19,-1.47,-5.8356,105824.8,255182.55897,000880,潍柴重机,专用机械
000881.SZ,20260928,6.45,6.48,6.3,6.32,6.48,-0.16,-2.4691,67586.0,42855.54,000881,中广核技,化工原料
000882.SZ,20260928,1.5,1.51,1.47,1.5,1.5,0.0,0.0,419482.96,62525.76376,000882,华联股份,其他商业
000883.SZ,20260928,4.34,4.35,4.3,4.34,4.34,0.0,0.0,174174.0,75335.749,000883,湖北能源,水力发电
000885.SZ,20260928,11.69,11.69,11.49,11.54,11.63,-0.09,-0.7739,24140.66,27885.81912,000885,城发环境,环境保护
000886.SZ,20260928,4.64,4.64,4.53,4.56,4.61,-0.05,-1.0846,114092.65,52125.64327,000886,海南高速,区域地产
000887.SZ,20260928,19.29,19.29,18.34,18.55,19.38,-0.83,-4.2828,253052.56,471432.745,000887,中鼎股份,汽车配件
000888.SZ,20260928,9.23,9.4,9.08,9.14,9.22,-0.08,-0.8677,53790.19,49316.90801,000888,峨眉山A,旅游景点
000889.SZ,20260928,3.7,3.71,3.57,3.63,3.7,-0.07,-1.8919,267571.95,96718.6461,000889,中嘉博创,通信设备
000890.SZ,20260928,7.35,7.41,6.87,7.02,7.35,-0.33,-4.4898,186246.0,131017.925,000890,法尔胜,环境保护
000892.SZ,20260928,4.72,4.86,4.26,4.33,4.51,-0.18,-3.9911,1198080.39,537596.67583,000892,欢瑞世纪,影视音像
000893.SZ,20260928,37.09,37.38,36.03,36.29,37.18,-0.89,-2.3938,109487.7,399453.32206,000893,亚钾国际,农药化肥
000895.SZ,20260928,23.19,23.78,23.13,23.57,23.18,0.39,1.6825,159788.57,375559.15161,000895,双汇发展,食品
000897.SZ,20260928,1.87,1.9,1.85,1.88,1.88,0.0,0.0,273653.8,51328.2024,000897,津滨发展,区域地产
000898.SZ,20260928,1.99,2.0,1.96,1.97,1.99,-0.02,-1.005,309751.3,61177.8601,000898,鞍钢股份,普钢
000899.SZ,20260928,8.93,9.14,8.93,8.99,8.98,0.01,0.1114,86304.39,77944.16917,000899,赣能股份,火力发电
000900.SZ,20260928,3.54,3.56,3.5,3.52,3.55,-0.03,-0.8451,89178.0,31425.287,000900,现代投资,路桥
000901.SZ,20260928,14.02,14.19,13.72,13.87,14.06,-0.19,-1.3514,110868.11,153991.7731,000901,航天科技,汽车配件
000902.SZ,20260928,13.65,13.75,13.46,13.6,13.71,-0.11,-0.8023,70193.72,95378.25069,000902,新洋丰,农药化肥
000903.SZ,20260928,1.96,1.97,1.88,1.92,1.96,-0.04,-2.0408,185732.0,35425.994,000903,ST云动,汽车配件
000905.SZ,20260928,9.56,9.68,9.26,9.42,9.81,-0.39,-3.9755,510713.96,481451.16904,000905,厦门港务,港口
000906.SZ,20260928,6.15,6.22,6.02,6.19,6.18,0.01,0.1618,103508.48,63200.05518,000906,浙商中拓,仓储物流
000908.SZ,20260928,6.08,6.09,5.93,5.97,6.05,-0.08,-1.3223,112764.6,67504.3442,000908,石药景峰,化学制药
000909.SZ,20260928,5.37,5.43,5.19,5.19,5.32,-0.13,-2.4436,45309.0,23872.709,000909,*ST数源,区域地产
000910.SZ,20260928,7.35,7.57,6.84,6.84,7.6,-0.76,-10.0,309423.69,220787.71383,000910,大亚圣象,家居用品
000911.SZ,20260928,5.07,5.19,4.95,4.98,5.11,-0.13,-2.544,56899.01,28417.35609,000911,*ST广糖,食品
000912.SZ,20260928,3.91,3.92,3.81,3.84,3.93,-0.09,-2.2901,305832.05,117834.24916,000912,泸天化,农药化肥
000913.SZ,20260928,10.54,10.75,10.46,10.53,10.54,-0.01,-0.0949,38044.48,40255.14615,000913,钱江摩托,摩托车
000915.SZ,20260928,23.97,24.08,23.54,23.57,23.97,-0.4,-1.6688,17879.6,42439.66207,000915,华特达因,化学制药
000917.SZ,20260928,6.86,6.88,6.61,6.66,6.84,-0.18,-2.6316,168219.34,112515.67909,000917,电广传媒,广告包装
000919.SZ,20260928,6.45,6.49,6.39,6.46,6.42,0.04,0.6231,71612.41,46045.38638,000919,金陵药业,化学制药
000920.SZ,20260928,12.56,12.87,12.12,12.24,12.71,-0.47,-3.6979,172234.69,212710.70441,000920,沃顿科技,塑料
000921.SZ,20260928,26.45,26.85,26.2,26.5,26.36,0.14,0.5311,59414.64,157585.60885,000921,海信家电,家用电器
000922.SZ,20260928,12.18,12.18,11.72,11.84,12.17,-0.33,-2.7116,65251.82,77521.43482,000922,佳电股份,电气设备
000923.SZ,20260928,15.6,15.65,15.0,15.04,15.75,-0.71,-4.5079,110084.33,167235.86841,000923,河钢资源,普钢
000925.SZ,20260928,8.02,8.05,7.68,7.76,7.93,-0.17,-2.1438,171563.61,133564.18008,000925,众合科技,运输设备
000926.SZ,20260928,2.11,2.13,2.07,2.11,2.12,-0.01,-0.4717,304832.2,64132.8248,000926,福星股份,区域地产
000927.SZ,20260928,2.43,2.44,2.39,2.42,2.43,-0.01,-0.4115,308429.36,74390.7424,000927,中国铁物,仓储物流
000928.SZ,20260928,5.29,5.31,5.23,5.25,5.29,-0.04,-0.7561,111117.8,58422.7446,000928,中钢国际,建筑工程
000929.SZ,20260928,9.25,9.52,9.1,9.21,9.17,0.04,0.4362,51968.01,48194.93219,000929,兰州黄河,啤酒
000930.SZ,20260928,5.27,5.27,5.02,5.09,5.26,-0.17,-3.2319,350597.01,178080.2715,000930,中粮科技,农业综合
000931.SZ,20260928,4.52,4.56,4.47,4.52,4.52,0.0,0.0,140116.17,63227.92212,000931,中关村,化学制药
000932.SZ,20260928,3.45,3.45,3.37,3.4,3.45,-0.05,-1.4493,559551.1,190456.5131,000932,华菱钢铁,普钢
000933.SZ,20260928,25.43,25.44,25.0,25.15,25.72,-0.57,-2.2162,328224.0,825925.03574,000933,神火股份,铝
000935.SZ,20260928,19.99,19.99,19.13,19.26,19.99,-0.73,-3.6518,52973.3,102783.4754,000935,四川双马,水泥
000936.SZ,20260928,5.45,5.48,5.25,5.3,5.45,-0.15,-2.7523,138094.0,73568.829,000936,华西股份,化纤
000937.SZ,20260928,4.4,4.41,4.3,4.38,4.42,-0.04,-0.905,313012.64,136085.31614,000937,冀中能源,煤炭开采
000938.SZ,20260928,32.9,33.0,31.29,31.46,33.4,-1.94,-5.8084,1159171.74,3685585.14261,000938,紫光股份,IT设备
000948.SZ,20260928,13.11,13.23,12.9,13.09,13.11,-0.02,-0.1526,42609.65,55645.29227,000948,南天信息,软件服务
000949.SZ,20260928,6.85,6.89,6.48,6.58,6.86,-0.28,-4.0816,329267.42,217548.76681,000949,新乡化纤,化纤
000950.SZ,20260928,5.2,5.24,5.15,5.21,5.19,0.02,0.3854,125928.37,65362.65235,000950,重药控股,医药商业
000951.SZ,20260928,20.0,20.04,19.58,19.92,19.9,0.02,0.1005,76860.6,152309.75757,000951,中国重汽,汽车整车
000952.SZ,20260928,6.5,6.81,6.45,6.55,6.48,0.07,1.0802,68672.82,44847.43366,000952,广济药业,化学制药
000953.SZ,20260928,6.0,6.1,5.92,5.99,6.02,-0.03,-0.4983,52135.0,31201.649,000953,中哲精化,化学制药
000955.SZ,20260928,4.04,4.12,3.97,4.01,4.03,-0.02,-0.4963,90263.86,36325.58868,000955,欣龙控股,纺织
000957.SZ,20260928,9.65,9.79,9.64,9.72,9.68,0.04,0.4132,63486.9,61715.86328,000957,中通客车,汽车整车
000958.SZ,20260928,5.05,5.06,4.97,4.97,5.03,-0.06,-1.1928,137134.93,68503.36121,000958,电投产融,新型电力
000959.SZ,20260928,3.41,3.41,3.35,3.38,3.42,-0.04,-1.1696,205667.22,69422.79014,000959,首钢股份,普钢
000960.SZ,20260928,31.2,31.25,30.18,30.34,31.61,-1.27,-4.0177,242095.61,740550.65766,000960,锡业股份,小金属
000962.SZ,20260928,58.5,58.73,54.6,55.52,58.52,-3.0,-5.1265,178060.28,991578.79835,000962,东方钽业,小金属
000963.SZ,20260928,26.8,27.17,26.6,27.02,26.06,0.96,3.6838,279092.45,750578.72046,000963,华东医药,化学制药
000965.SZ,20260928,3.31,3.33,3.25,3.3,3.31,-0.01,-0.3021,163282.22,53814.62626,000965,天保基建,区域地产
000966.SZ,20260928,3.9,3.97,3.89,3.95,3.9,0.05,1.2821,329362.87,129554.04625,000966,长源电力,火力发电
000967.SZ,20260928,8.05,8.13,7.58,7.59,8.15,-0.56,-6.8712,689353.64,534305.5753,000967,盈峰环境,环境保护
000968.SZ,20260928,6.85,6.9,6.7,6.88,6.85,0.03,0.438,142097.48,96804.18055,000968,蓝焰控股,石油开采
000969.SZ,20260928,16.86,16.86,15.98,16.12,16.86,-0.74,-4.3891,174061.45,282278.89487,000969,安泰科技,小金属
000970.SZ,20260928,11.38,11.38,10.85,10.93,11.38,-0.45,-3.9543,222574.13,244690.35898,000970,中科三环,矿物制品
000972.SZ,20260928,4.0,4.01,3.82,3.85,3.96,-0.11,-2.7778,149023.0,58185.509,000972,中基健康,食品
000973.SZ,20260928,11.6,11.62,11.16,11.16,11.6,-0.44,-3.7931,200989.04,227002.58633,000973,佛塑科技,塑料
000975.SZ,20260928,22.53,22.72,21.91,22.13,23.17,-1.04,-4.4886,410757.7,913369.401,000975,山金国际,黄金
000977.SZ,20260928,69.49,69.5,66.8,67.05,69.9,-2.85,-4.0773,436181.94,2953550.62306,000977,浪潮信息,IT设备
000978.SZ,20260928,7.61,7.7,7.12,7.12,7.91,-0.79,-9.9874,665841.02,479777.71124,000978,桂林旅游,旅游景点
000980.SZ,20260928,2.0,2.24,1.97,2.24,2.04,0.2,9.8039,4833620.57,1051055.42498,000980,众泰汽车,汽车配件
000981.SZ,20260928,2.72,2.8,2.65,2.69,2.74,-0.05,-1.8248,4742703.76,1294767.7349,000981,山子高科,汽车配件
000983.SZ,20260928,6.5,6.5,6.38,6.48,6.53,-0.05,-0.7657,436887.4,281481.71566,000983,山西焦煤,煤炭开采
000985.SZ,20260928,17.25,18.13,17.0,17.35,17.23,0.12,0.6965,26155.0,45503.798,000985,大庆华科,化工原料
000987.SZ,20260928,7.26,7.27,7.09,7.13,7.26,-0.13,-1.7906,206995.53,147842.68737,000987,越秀资本,多元金融
000988.SZ,20260928,102.03,102.3,92.61,92.61,102.9,-10.29,-10.0,596344.22,5687972.20619,000988,华工科技,专用机械
000989.SZ,20260928,8.5,8.62,8.48,8.56,8.52,0.04,0.4695,100834.05,86071.08775,000989,九芝堂,中成药
000990.SZ,20260928,6.34,6.35,6.08,6.15,6.34,-0.19,-2.9968,313915.41,193705.0198,000990,诚志股份,化工原料
000993.SZ,20260928,18.35,18.95,17.39,17.39,19.32,-1.93,-9.9896,677356.08,1211670.66213,000993,闽东电力,水力发电
000995.SZ,20260928,11.51,12.09,11.16,11.33,11.44,-0.11,-0.9615,152370.0,175783.114,000995,皇台酒业,白酒
000997.SZ,20260928,19.5,19.65,19.03,19.19,19.53,-0.34,-1.7409,93136.4,179374.734,000997,新大陆,IT设备
000998.SZ,20260928,8.69,8.74,8.31,8.43,8.68,-0.25,-2.8802,278532.39,233932.5174,000998,隆平高科,种植业
000999.SZ,20260928,23.39,23.58,23.36,23.49,23.39,0.1,0.4275,55480.91,130159.49468,000999,华润三九,中成药
001201.SZ,20260928,14.95,16.13,14.6,16.13,14.66,1.47,10.0273,138170.63,212005.78251,001201,东瑞股份,农业综合
001202.SZ,20260928,15.28,15.28,14.82,14.86,15.08,-0.22,-1.4589,14199.24,21244.66996,001202,炬申股份,仓储物流
001203.SZ,20260928,22.88,22.95,21.69,21.8,23.11,-1.31,-5.6685,158875.16,350093.45722,001203,大中矿业,普钢
001205.SZ,20260928,14.6,14.7,14.31,14.4,14.61,-0.21,-1.4374,28760.58,41528.85612,001205,盛航股份,水运
001206.SZ,20260928,17.0,17.17,16.88,17.05,17.0,0.05,0.2941,24475.27,41676.52265,001206,依依股份,造纸
001207.SZ,20260928,18.48,18.7,18.13,18.7,18.55,0.15,0.8086,38244.78,70373.26752,001207,联科科技,化工原料
001208.SZ,20260928,13.57,13.78,13.13,13.23,13.62,-0.39,-2.8634,81211.0,108105.88497,001208,华菱线缆,电气设备
001209.SZ,20260928,19.1,19.21,18.66,18.79,19.0,-0.21,-1.1053,34279.4,64529.2336,001209,洪兴股份,服饰
001210.SZ,20260928,28.61,28.61,26.61,26.75,28.77,-2.02,-7.0212,51743.0,140682.56344,001210,金房能源,供气供热
001211.SZ,20260928,25.66,28.19,25.62,27.29,25.68,1.61,6.2695,89322.2,240594.44458,001211,双枪科技,家居用品
001212.SZ,20260928,38.26,38.27,36.16,37.0,38.27,-1.27,-3.3185,61897.73,229794.66461,001212,中旗新材,其他建材
001213.SZ,20260928,3.48,3.49,3.44,3.46,3.49,-0.03,-0.8596,51088.0,17685.261,001213,中铁特货,铁路
001215.SZ,20260928,33.5,33.51,32.0,32.62,33.36,-0.74,-2.2182,17367.2,56599.53471,001215,千味央厨,食品
001216.SZ,20260928,28.4,28.46,25.84,28.04,28.4,-0.36,-1.2676,360404.06,982277.59239,001216,华瓷股份,家居用品
001217.SZ,20260928,11.08,11.1,10.8,11.08,11.03,0.05,0.4533,40547.0,44481.095,001217,华尔泰,化工原料
001218.SZ,20260928,23.82,24.1,23.4,23.49,23.8,-0.31,-1.3025,13965.0,32964.3366,001218,丽臣实业,化工原料
001219.SZ,20260928,12.68,13.03,12.61,12.93,12.72,0.21,1.6509,22545.45,28936.81248,001219,青岛食品,食品
001220.SZ,20260928,31.7,31.94,31.31,31.62,31.78,-0.16,-0.5035,6317.43,19930.89971,001220,世盟股份,仓储物流
001221.SZ,20260928,34.88,34.99,32.91,32.92,34.86,-1.94,-5.5651,24715.22,83011.0759,001221,悍高集团,家居用品
001222.SZ,20260928,15.75,16.1,15.64,15.7,15.62,0.08,0.5122,37920.39,59818.49814,001222,源飞宠物,文教休闲
001223.SZ,20260928,43.5,43.5,40.99,42.32,43.05,-0.73,-1.6957,17686.4,74293.44266,001223,欧克科技,专用机械
001225.SZ,20260928,35.64,36.31,33.3,33.45,34.6,-1.15,-3.3237,17034.68,58278.77984,001225,和泰机电,专用机械
001226.SZ,20260928,46.71,48.43,45.5,46.0,46.69,-0.69,-1.4778,12476.0,58568.517,001226,拓山重工,工程机械
001227.SZ,20260928,2.07,2.08,2.04,2.06,2.07,-0.01,-0.4831,619238.45,127575.47233,001227,兰州银行,银行
001228.SZ,20260928,37.45,38.27,36.18,36.63,37.42,-0.79,-2.1112,40992.05,152033.78915,001228,永泰运,仓储物流
001229.SZ,20260928,38.58,38.84,35.6,37.4,38.68,-1.28,-3.3092,55646.11,207753.78586,001229,魅视科技,IT设备
001230.SZ,20260928,20.32,20.39,19.13,19.35,20.31,-0.96,-4.7267,59459.17,115758.55586,001230,劲旅环境,环境保护
001231.SZ,20260928,22.75,23.0,22.38,22.72,22.75,-0.03,-0.1319,15119.98,34354.82884,001231,农心科技,农药化肥
001232.SZ,20260928,199.02,200.5,188.6,191.2,198.98,-7.78,-3.9099,42276.18,817617.406,001232,嘉立创,元器件
001233.SZ,20260928,45.36,45.6,42.82,43.51,45.35,-1.84,-4.0573,24238.22,106363.25708,001233,海安集团,汽车配件
001234.SZ,20260928,31.86,31.86,31.86,31.86,35.4,-3.54,-10.0,106585.0,339579.81,001234,泰慕士,服饰
001236.SZ,20260928,7.73,7.76,7.62,7.66,7.77,-0.11,-1.4157,72678.0,55780.243,001236,弘业期货,多元金融
001237.SZ,20260928,50.5,50.52,48.88,49.16,50.56,-1.4,-2.769,9813.95,48416.94127,001237,惠康科技,电气设备
001238.SZ,20260928,26.27,27.15,26.07,26.49,26.16,0.33,1.2615,14369.4,38261.3063,001238,浙江正特,家居用品
001239.SZ,20260928,12.46,12.53,12.16,12.22,12.43,-0.21,-1.6895,44840.99,55116.41881,001239,永达股份,工程机械
001248.SZ,20260928,11.68,11.76,11.5,11.51,11.69,-0.18,-1.5398,322668.22,373989.30939,001248,华润新能源,新型电力
001255.SZ,20260928,27.28,28.0,26.74,27.33,27.2,0.13,0.4779,21505.93,58736.61747,001255,博菲电气,电气设备
001256.SZ,20260928,21.8,21.98,21.18,21.33,21.89,-0.56,-2.5582,16654.0,35695.248,001256,炜冈科技,轻工机械
001257.SZ,20260928,22.08,22.08,21.16,21.3,22.24,-0.94,-4.2266,67519.68,145009.24114,001257,盛龙股份,小金属
001258.SZ,20260928,10.38,10.54,10.17,10.24,10.44,-0.2,-1.9157,328214.4,337869.2174,001258,立新能源,新型电力
001259.SZ,20260928,46.12,46.29,43.2,43.79,45.88,-2.09,-4.5554,11657.0,51418.597,001259,利仁科技,家用电器
001260.SZ,20260928,19.26,19.52,18.81,19.19,19.24,-0.05,-0.2599,38015.87,72664.37683,001260,坤泰股份,汽车配件
001266.SZ,20260928,35.65,37.88,35.65,36.07,35.6,0.47,1.3202,63166.89,231262.78414,001266,宏英智能,电器仪表
001267.SZ,20260928,37.75,38.32,33.08,33.21,36.75,-3.54,-9.6327,462618.38,1585731.52802,001267,汇绿生态,通信设备
001268.SZ,20260928,26.58,26.58,24.12,25.5,25.99,-0.49,-1.8853,63715.55,160477.14201,001268,联合精密,机械基件
001269.SZ,20260928,19.44,19.76,19.31,19.45,19.35,0.1,0.5168,23914.24,46664.86868,001269,欧晶科技,矿物制品
001270.SZ,20260928,99.34,101.51,95.27,96.0,99.26,-3.26,-3.2843,51040.42,496892.99233,001270,铖昌科技,半导体
001277.SZ,20260928,30.59,30.66,29.98,30.2,30.55,-0.35,-1.1457,10877.96,32864.10429,001277,速达股份,专用机械
001278.SZ,20260928,16.61,17.1,16.59,16.71,16.76,-0.05,-0.2983,31758.09,53213.3443,001278,一彬科技,汽车配件
001279.SZ,20260928,26.22,26.47,26.0,26.05,26.4,-0.35,-1.3258,5707.52,14916.3568,001279,强邦新材,广告包装
001280.SZ,20260928,61.61,61.61,59.98,60.26,61.36,-1.1,-1.7927,23235.34,140649.87826,001280,中国铀业,小金属
001282.SZ,20260928,16.83,16.92,16.3,16.71,16.74,-0.03,-0.1792,43093.17,71362.13612,001282,三联锻造,汽车配件
001283.SZ,20260928,47.48,48.98,45.79,46.23,46.3,-0.07,-0.1512,36628.15,172884.13864,001283,豪鹏科技,电气设备
001285.SZ,20260928,42.29,42.89,41.88,42.0,42.59,-0.59,-1.3853,8381.26,35381.50972,001285,瑞立科密,汽车配件
001286.SZ,20260928,9.42,9.52,9.38,9.49,9.43,0.06,0.6363,125519.0,118717.59455,001286,陕西能源,火力发电
001287.SZ,20260928,24.4,24.5,22.91,23.06,24.42,-1.36,-5.5692,136414.37,318810.93943,001287,中电港,元器件
001288.SZ,20260928,34.93,34.97,33.33,33.6,34.84,-1.24,-3.5591,52385.11,177255.71456,001288,运机集团,专用机械
001289.SZ,20260928,14.96,14.99,14.81,14.89,14.95,-0.06,-0.4013,24064.41,35788.49008,001289,龙源电力,新型电力
001296.SZ,20260928,19.96,20.09,19.7,19.72,19.99,-0.27,-1.3507,20951.89,41538.55545,001296,长江材料,其他建材
001298.SZ,20260928,16.82,16.9,16.24,16.25,16.94,-0.69,-4.0732,54785.79,90126.6824,001298,好上好,元器件
001299.SZ,20260928,10.19,10.22,9.97,10.03,10.16,-0.13,-1.2795,46330.1,46610.47998,001299,美能能源,供气供热
001300.SZ,20260928,12.38,12.47,12.01,12.27,12.39,-0.12,-0.9685,31900.74,38870.94932,001300,三柏硕,文教休闲
001301.SZ,20260928,47.59,47.59,46.4,46.79,47.65,-0.86,-1.8048,45099.75,211284.54844,001301,尚太科技,电气设备
001306.SZ,20260928,56.9,57.69,56.0,57.06,57.19,-0.13,-0.2273,10541.03,59992.38303,001306,夏厦精密,机械基件
001308.SZ,20260928,18.19,18.31,17.96,18.01,18.14,-0.13,-0.7166,17628.7,31850.93757,001308,康冠科技,元器件
001309.SZ,20260928,394.58,396.98,367.67,371.28,394.43,-23.15,-5.8692,96798.59,3649107.31537,001309,德明利,半导体
001311.SZ,20260928,17.09,17.35,16.66,16.79,17.14,-0.35,-2.042,36716.19,62118.80066,001311,多利科技,汽车配件
001312.SZ,20260928,18.35,18.36,17.81,17.83,18.35,-0.52,-2.8338,31226.98,56089.36512,001312,福恩股份,纺织
001313.SZ,20260928,7.3,7.35,7.11,7.18,7.31,-0.13,-1.7784,71655.0,51451.464,001313,粤海饲料,饲料
001314.SZ,20260928,54.8,54.86,50.11,50.96,54.67,-3.71,-6.7862,34129.99,176564.10479,001314,亿道信息,元器件
001316.SZ,20260928,27.68,28.4,27.19,27.6,27.71,-0.11,-0.397,34344.16,95410.6502,001316,润贝航科,批发业
001317.SZ,20260928,65.32,71.7,62.9,64.3,65.3,-1.0,-1.5314,190541.65,1264676.57951,001317,三羊马,铁路
001318.SZ,20260928,11.61,11.93,11.61,11.81,11.63,0.18,1.5477,40663.19,47983.11247,001318,阳光乳业,乳制品
001319.SZ,20260928,21.32,21.41,20.9,20.99,21.33,-0.34,-1.594,18748.77,39577.57917,001319,铭科精技,汽车配件
001322.SZ,20260928,6.54,6.6,6.33,6.35,6.51,-0.16,-2.4578,79700.0,51102.322,001322,箭牌家居,家居用品
001323.SZ,20260928,17.56,18.58,17.24,18.21,17.66,0.55,3.1144,26612.06,47591.25756,001323,慕思股份,家居用品
001324.SZ,20260928,20.5,21.18,19.94,20.05,20.67,-0.62,-2.9995,35236.36,71695.43188,001324,长青科技,运输设备
001325.SZ,20260928,36.36,36.82,35.65,36.22,36.57,-0.35,-0.9571,6526.75,23594.94125,001325,元创股份,橡胶
001326.SZ,20260928,109.05,109.37,100.15,103.56,110.15,-6.59,-5.9828,42974.6,447248.5114,001326,联域股份,电气设备
001328.SZ,20260928,30.47,30.89,30.08,30.52,30.32,0.2,0.6596,10347.23,31526.59309,001328,登康口腔,日用化工
001330.SZ,20260928,6.36,6.36,6.36,6.36,5.78,0.58,10.0346,410456.0,261050.016,001330,博纳影业,影视音像
001331.SZ,20260928,40.58,40.8,37.15,40.74,40.89,-0.15,-0.3668,98714.53,381997.30285,001331,胜通能源,供气供热
001332.SZ,20260928,27.11,27.11,26.03,26.46,27.19,-0.73,-2.6848,25706.26,67910.4076,001332,锡装股份,专用机械
001333.SZ,20260928,20.45,20.45,19.8,19.94,20.23,-0.29,-1.4335,13929.0,27810.617,001333,光华股份,化工原料
001335.SZ,20260928,33.9,34.33,33.16,33.2,33.63,-0.43,-1.2786,8576.97,28751.51129,001335,信凯科技,化工原料
001336.SZ,20260928,19.2,19.48,18.85,19.04,19.19,-0.15,-0.7817,21029.2,40205.6368,001336,楚环科技,专用机械
001337.SZ,20260928,45.57,45.78,43.55,43.7,46.71,-3.01,-6.444,80443.94,357579.00533,001337,四川黄金,黄金
001338.SZ,20260928,9.15,9.32,9.05,9.27,9.1,0.17,1.8681,93880.0,86353.394,001338,永顺泰,啤酒
001339.SZ,20260928,75.93,76.17,69.05,69.33,76.18,-6.85,-8.9919,58057.18,411983.27976,001339,智微智能,IT设备
001356.SZ,20260928,9.49,9.54,9.29,9.36,9.5,-0.14,-1.4737,36136.09,33834.12003,001356,富岭股份,塑料
001358.SZ,20260928,25.73,25.73,24.08,24.68,25.48,-0.8,-3.1397,29208.06,72179.38068,001358,兴欣新材,化工原料
001359.SZ,20260928,87.45,87.87,80.0,81.0,87.89,-6.89,-7.8393,23809.01,195572.85268,001359,平安电工,矿物制品
001360.SZ,20260928,19.7,20.42,18.88,19.57,19.79,-0.22,-1.1117,65201.28,127582.44488,001360,南矿集团,工程机械
001365.SZ,20260928,35.95,36.66,35.48,36.66,36.1,0.56,1.5512,68337.61,246711.02673,001365,天海电子,汽车配件
001366.SZ,20260928,13.01,13.19,12.85,13.1,13.05,0.05,0.3831,41694.0,54266.374,001366,播恩集团,饲料
001367.SZ,20260928,21.55,21.76,21.27,21.46,21.5,-0.04,-0.186,17226.47,37018.63646,001367,海森药业,化学制药
001368.SZ,20260928,38.15,41.8,38.15,41.8,38.0,3.8,10.0,114890.17,459326.89305,001368,通达创智,文教休闲
001369.SZ,20260928,12.33,12.37,11.9,11.95,12.3,-0.35,-2.8455,54420.66,65371.97606,001369,双欣材料,化纤
001373.SZ,20260928,32.14,33.3,31.12,31.46,32.3,-0.84,-2.6006,29474.73,93474.01159,001373,翔腾新材,元器件
001376.SZ,20260928,12.99,13.07,12.48,12.6,13.12,-0.52,-3.9634,243660.88,309052.72919,001376,百通能源,供气供热
001378.SZ,20260928,23.16,23.36,22.04,22.35,23.17,-0.82,-3.5391,52216.57,117182.00206,001378,德冠新材,塑料
001379.SZ,20260928,15.81,16.05,15.61,15.69,15.76,-0.07,-0.4442,14604.69,23038.03199,001379,腾达科技,机械基件
001380.SZ,20260928,19.3,19.3,18.58,18.69,19.13,-0.44,-2.3001,30472.47,57109.86474,001380,华纬科技,汽车配件
001382.SZ,20260928,16.43,16.5,16.14,16.38,16.41,-0.03,-0.1828,12459.21,20289.28328,001382,新亚电缆,电气设备
001386.SZ,20260928,16.05,16.12,15.78,15.78,16.1,-0.32,-1.9876,23132.04,36793.06766,001386,马可波罗,家居用品
001387.SZ,20260928,12.5,12.69,12.12,12.36,12.18,0.18,1.4778,58051.98,71728.94092,001387,雪祺电气,家用电器
001388.SZ,20260928,19.5,20.24,19.5,19.79,19.59,0.2,1.0209,35476.91,70421.53823,001388,信通电子,电气设备
001389.SZ,20260928,181.34,186.45,172.58,177.59,181.16,-3.57,-1.9706,129121.8,2296423.11666,001389,广合科技,元器件
001390.SZ,20260928,17.79,17.98,17.4,17.42,17.78,-0.36,-2.0247,21782.85,38202.17514,001390,古麒绒材,纺织
001391.SZ,20260928,3.83,3.85,3.76,3.81,3.83,-0.02,-0.5222,200739.0,76277.737,001391,国货航,仓储物流
001393.SZ,20260928,42.0,42.0,39.88,39.93,42.04,-2.11,-5.019,24745.16,100064.26097,001393,维通利,电气设备
001395.SZ,20260928,30.55,30.66,30.01,30.23,30.55,-0.32,-1.0475,11193.31,33898.43466,001395,亚联机械,专用机械
001396.SZ,20260928,32.2,32.36,31.15,31.58,32.17,-0.59,-1.834,5523.61,17389.69295,001396,誉帆科技,建筑工程
001399.SZ,20260928,23.3,23.69,22.3,22.75,22.98,-0.23,-1.0009,276002.99,630067.63267,001399,惠科股份,元器件
001400.SZ,20260928,81.0,84.35,77.4,82.86,80.21,2.65,3.3038,44352.73,361879.33104,001400,江顺科技,专用机械
001696.SZ,20260928,15.65,15.91,15.26,15.85,15.64,0.21,1.3427,396823.04,620789.31721,001696,宗申动力,摩托车
001872.SZ,20260928,23.05,24.29,22.94,24.12,23.26,0.86,3.6973,68343.85,163518.36929,001872,招商港口,港口
001896.SZ,20260928,10.85,10.88,10.43,10.54,10.79,-0.25,-2.317,381021.39,403255.2001,001896,豫能控股,火力发电
001965.SZ,20260928,9.82,9.91,9.78,9.85,9.88,-0.03,-0.3036,78334.29,77044.8803,001965,招商公路,路桥
001979.SZ,20260928,7.17,7.22,7.04,7.19,7.18,0.01,0.1393,1002237.99,716076.98993,001979,招商蛇口,全国地产
002001.SZ,20260928,25.6,25.85,25.41,25.54,25.7,-0.16,-0.6226,134619.04,344344.639,002001,新和成,化学制药
002003.SZ,20260928,11.57,11.65,11.29,11.35,11.58,-0.23,-1.9862,155061.59,177042.87399,002003,伟星股份,服饰
002004.SZ,20260928,4.3,4.33,4.26,4.3,4.3,0.0,0.0,157671.07,67685.19889,002004,华邦健康,农药化肥
002005.SZ,20260928,2.8,2.81,2.71,2.77,2.8,-0.03,-1.0714,326978.03,90034.12219,002005,德豪润达,家用电器
002006.SZ,20260928,13.5,13.55,13.02,13.11,13.56,-0.45,-3.3186,61394.0,81016.544,002006,精工科技,专用机械
002007.SZ,20260928,13.17,13.25,13.03,13.19,13.11,0.08,0.6102,87889.41,115408.40809,002007,华兰生物,生物制药
002008.SZ,20260928,88.52,88.56,81.6,82.0,89.09,-7.09,-7.9582,447832.8,3747156.298,002008,大族激光,专用机械
002009.SZ,20260928,15.49,15.83,15.29,15.36,15.49,-0.13,-0.8393,112603.9,174999.26972,002009,天奇股份,工程机械
002010.SZ,20260928,4.49,4.53,4.43,4.47,4.49,-0.02,-0.4454,104115.0,46456.437,002010,传化智联,仓储物流
002011.SZ,20260928,14.0,14.1,12.71,12.83,14.08,-1.25,-8.8778,619799.74,813753.56052,002011,盾安环境,家用电器
002012.SZ,20260928,7.02,7.1,6.86,6.93,7.05,-0.12,-1.7021,87140.0,60437.971,002012,凯恩股份,造纸
002014.SZ,20260928,10.96,11.0,10.82,10.98,10.96,0.02,0.1825,17356.4,18954.714,002014,永新股份,塑料
002015.SZ,20260928,14.95,14.95,14.46,14.52,14.96,-0.44,-2.9412,366021.88,534613.37594,002015,协鑫能科,新型电力
002016.SZ,20260928,4.68,4.71,4.58,4.61,4.67,-0.06,-1.2848,100690.0,46619.693,002016,世荣兆业,区域地产
002017.SZ,20260928,14.22,14.22,13.65,13.75,14.2,-0.45,-3.169,112014.52,154632.83292,002017,东信和平,通信设备
002019.SZ,20260928,9.38,9.47,9.33,9.38,9.36,0.02,0.2137,51786.31,48568.1184,002019,亿帆医药,化学制药
002020.SZ,20260928,11.25,11.36,11.11,11.35,11.25,0.1,0.8889,121524.05,136740.0162,002020,京新药业,化学制药
002021.SZ,20260928,2.58,2.6,2.52,2.56,2.57,-0.01,-0.3891,205357.5,52469.0876,002021,中捷资源,纺织机械
002022.SZ,20260928,6.18,6.27,6.0,6.04,6.12,-0.08,-1.3072,227068.94,138603.62177,002022,科华生物,医疗保健
002023.SZ,20260928,9.73,9.73,9.28,9.38,9.77,-0.39,-3.9918,185048.4,174866.8933,002023,海特高新,航空
002024.SZ,20260928,1.16,1.16,1.14,1.14,1.15,-0.01,-0.8696,137294.83,15736.49162,002024,ST易购,电器连锁
002025.SZ,20260928,71.34,71.34,67.51,68.56,71.35,-2.79,-3.9103,82301.45,565219.03345,002025,航天电器,元器件
002026.SZ,20260928,11.39,11.58,10.63,10.89,11.38,-0.49,-4.3058,136639.83,149315.39483,002026,山东威达,机械基件
002027.SZ,20260928,4.66,4.74,4.66,4.68,4.66,0.02,0.4292,1182736.37,556653.59317,002027,分众传媒,广告包装
002028.SZ,20260928,125.79,125.79,120.04,121.07,125.22,-4.15,-3.3142,131025.47,1588619.11362,002028,思源电气,电气设备
002029.SZ,20260928,9.3,9.33,8.79,8.86,9.26,-0.4,-4.3197,571032.71,514051.92029,002029,七匹狼,服饰
002030.SZ,20260928,5.77,5.82,5.57,5.62,5.67,-0.05,-0.8818,209220.55,118228.3665,002030,达安基因,医疗保健
002031.SZ,20260928,5.3,5.69,5.2,5.56,5.35,0.21,3.9252,1825427.85,994807.41691,002031,巨轮智能,汽车配件
002032.SZ,20260928,39.4,39.89,39.22,39.66,39.23,0.43,1.0961,23058.0,91549.873,002032,苏泊尔,家用电器
002033.SZ,20260928,8.28,8.29,8.15,8.19,8.28,-0.09,-1.087,106321.25,87086.28769,002033,丽江股份,旅游景点
002034.SZ,20260928,14.13,14.14,13.79,13.84,14.15,-0.31,-2.1908,49263.48,68452.57917,002034,旺能环境,环境保护
002035.SZ,20260928,4.81,4.93,4.69,4.8,4.83,-0.03,-0.6211,407180.95,195099.81056,002035,华帝股份,家用电器
002036.SZ,20260928,6.17,6.17,5.88,5.97,6.16,-0.19,-3.0844,233117.59,139547.02864,002036,联创电子,元器件
002037.SZ,20260928,6.81,6.84,6.68,6.71,6.83,-0.12,-1.757,29362.33,19775.062,002037,保利联合,化工原料
002038.SZ,20260928,5.67,5.71,5.57,5.6,5.65,-0.05,-0.885,130960.08,73603.49902,002038,双鹭药业,生物制药
002039.SZ,20260928,19.0,19.55,18.95,19.48,18.94,0.54,2.8511,81155.06,156897.43633,002039,黔源电力,水力发电
002040.SZ,20260928,9.22,9.27,8.89,8.93,9.08,-0.15,-1.652,122817.98,110332.36254,002040,南京港,港口
002041.SZ,20260928,9.99,10.01,9.28,9.4,9.94,-0.54,-5.4326,264272.38,249640.11289,002041,登海种业,种植业
002042.SZ,20260928,3.89,3.94,3.64,3.67,3.87,-0.2,-5.168,598699.45,224611.2665,002042,华孚时尚,纺织
002043.SZ,20260928,11.37,11.46,11.23,11.35,11.4,-0.05,-0.4386,49701.0,56410.45991,002043,兔宝宝,其他建材
002044.SZ,20260928,4.5,4.52,4.38,4.41,4.48,-0.07,-1.5625,491626.49,217733.85092,002044,美年健康,医疗保健
002045.SZ,20260928,8.87,8.88,8.5,8.63,8.89,-0.26,-2.9246,129303.79,111700.45453,002045,国光电器,元器件
002046.SZ,20260928,65.01,65.5,60.59,61.48,63.9,-2.42,-3.7872,165591.61,1028583.70243,002046,国机精工,机械基件
002047.SZ,20260928,3.18,3.19,3.09,3.11,3.19,-0.08,-2.5078,173454.0,54226.942,002047,宝鹰股份,装修装饰
002048.SZ,20260928,18.36,18.5,17.78,17.86,18.36,-0.5,-2.7233,112653.11,202538.02949,002048,宁波华翔,汽车配件
002049.SZ,20260928,60.45,60.45,58.38,58.63,60.6,-1.97,-3.2508,109550.84,646375.8122,002049,紫光国微,半导体
002050.SZ,20260928,36.08,36.4,35.32,35.44,36.08,-0.64,-1.7738,367455.28,1313143.52436,002050,三花智控,家用电器
002051.SZ,20260928,8.77,8.78,8.49,8.51,8.87,-0.36,-4.0586,215830.12,185174.21239,002051,中工国际,建筑工程
002052.SZ,20260928,8.29,8.37,7.96,8.02,8.3,-0.28,-3.3735,74579.01,60091.18501,002052,同洲电子,家用电器
002053.SZ,20260928,9.44,9.47,9.33,9.41,9.44,-0.03,-0.3178,37580.99,35242.91884,002053,云南能投,新型电力
002054.SZ,20260928,7.02,7.12,6.97,6.99,7.05,-0.06,-0.8511,65554.8,46065.51925,002054,德美化工,染料涂料
002055.SZ,20260928,6.89,6.89,6.3,6.5,6.88,-0.38,-5.5233,239647.0,155196.921,002055,ST得润,元器件
002056.SZ,20260928,20.04,20.1,19.28,19.37,20.04,-0.67,-3.3433,183867.32,358913.76784,002056,横店东磁,电气设备
002057.SZ,20260928,8.92,8.92,8.57,8.64,8.93,-0.29,-3.2475,133542.49,115905.01413,002057,中钢天源,矿物制品
002058.SZ,20260928,17.6,17.6,16.33,16.69,17.22,-0.53,-3.0778,23706.0,39586.371,002058,紫竹高科,电气设备
002059.SZ,20260928,4.35,4.42,4.18,4.21,4.39,-0.18,-4.1002,434700.43,184391.55489,002059,云南旅游,旅游景点
002060.SZ,20260928,3.02,3.03,2.98,3.0,3.02,-0.02,-0.6623,136714.0,41005.208,002060,广东建工,建筑工程
002061.SZ,20260928,3.3,3.31,3.24,3.26,3.3,-0.04,-1.2121,178296.6,58287.6658,002061,浙江交科,建筑工程
002062.SZ,20260928,9.62,9.63,8.75,8.8,9.61,-0.81,-8.4287,334513.28,303397.65969,002062,宏润建设,建筑工程
002063.SZ,20260928,5.22,5.25,5.15,5.2,5.22,-0.02,-0.3831,118493.6,61568.3336,002063,远光软件,软件服务
002064.SZ,20260928,9.63,9.75,9.51,9.53,9.61,-0.08,-0.8325,221205.03,212631.05019,002064,华峰化学,化纤
002065.SZ,20260928,6.55,6.57,6.43,6.46,6.56,-0.1,-1.5244,185516.95,120166.13537,002065,东华软件,软件服务
002066.SZ,20260928,19.9,20.23,19.25,19.65,19.93,-0.28,-1.4049,28118.0,55605.84194,002066,瑞泰科技,其他建材
002067.SZ,20260928,4.0,4.0,3.91,3.95,4.0,-0.05,-1.25,212842.91,83942.42196,002067,景兴纸业,造纸
002068.SZ,20260928,9.6,9.78,8.96,9.12,9.84,-0.72,-7.3171,459656.71,426844.20927,002068,黑猫股份,化工原料
002069.SZ,20260928,3.68,3.7,3.62,3.67,3.67,0.0,0.0,96487.5,35310.0485,002069,獐子岛,渔业
002072.SZ,20260928,7.42,7.42,7.0,7.09,7.36,-0.27,-3.6685,98598.1,70175.782,002072,凯瑞德,商贸代理
002073.SZ,20260928,5.67,5.7,5.55,5.58,5.67,-0.09,-1.5873,113893.87,63819.9468,002073,软控股份,专用机械
002074.SZ,20260928,26.53,26.6,25.8,26.07,26.76,-0.69,-2.5785,219626.56,573013.25343,002074,国轩高科,电气设备
002075.SZ,20260928,3.47,3.48,3.42,3.46,3.47,-0.01,-0.2882,159154.75,54798.40211,002075,沙钢股份,特种钢
002076.SZ,20260928,2.11,2.13,2.07,2.09,2.11,-0.02,-0.9479,171180.57,35854.58113,002076,星光股份,家用电器
002077.SZ,20260928,14.6,15.2,14.26,14.79,14.67,0.12,0.818,705755.34,1045507.20217,002077,大港股份,半导体
002078.SZ,20260928,13.58,13.73,13.42,13.54,13.54,0.0,0.0,146518.22,198587.34652,002078,太阳纸业,造纸
002079.SZ,20260928,8.93,8.95,8.5,8.55,8.94,-0.39,-4.3624,216802.31,187315.69028,002079,苏州固锝,电气设备
002080.SZ,20260928,56.07,56.66,52.22,52.74,57.2,-4.46,-7.7972,473213.74,2545481.45971,002080,中材科技,玻璃
002081.SZ,20260928,4.98,5.05,4.71,4.76,4.97,-0.21,-4.2254,1663729.72,799821.05422,002081,金螳螂,装修装饰
002082.SZ,20260928,12.2,13.2,12.2,13.2,12.0,1.2,10.0,339932.21,439360.01762,002082,ST万邦,中成药
002083.SZ,20260928,9.5,9.51,9.15,9.21,9.48,-0.27,-2.8481,184227.28,170631.12737,002083,孚日股份,纺织
002084.SZ,20260928,6.32,6.4,5.8,5.8,6.44,-0.64,-9.9379,857648.11,514868.60386,002084,海鸥住工,家居用品
002085.SZ,20260928,9.43,9.48,9.22,9.28,9.44,-0.16,-1.6949,177038.7,164865.21979,002085,万丰奥威,汽车配件
002086.SZ,20260928,2.04,2.06,1.99,2.02,2.04,-0.02,-0.9804,332674.0,67092.533,002086,东方海洋,渔业
002088.SZ,20260928,8.0,8.07,7.92,7.96,8.05,-0.09,-1.118,15190.32,12132.06864,002088,鲁阳节能,矿物制品
002090.SZ,20260928,8.98,9.03,8.79,8.85,9.02,-0.17,-1.8847,48953.39,43455.11856,002090,金智科技,电气设备
002091.SZ,20260928,7.5,7.61,7.42,7.49,7.51,-0.02,-0.2663,94290.9,70696.12865,002091,江苏国泰,商贸代理
002092.SZ,20260928,4.35,4.36,4.23,4.3,4.35,-0.05,-1.1494,326006.43,139498.21119,002092,中泰化学,化工原料
002093.SZ,20260928,7.66,8.19,7.59,8.16,7.77,0.39,5.0193,633609.5,503208.64073,002093,国脉科技,文教休闲
002094.SZ,20260928,5.18,5.35,4.97,5.06,5.07,-0.01,-0.1972,332023.72,169094.84171,002094,青岛金王,日用化工
002095.SZ,20260928,16.2,16.49,15.8,15.82,16.03,-0.21,-1.31,111412.9,179430.19307,002095,生意宝,互联网
002096.SZ,20260928,9.02,9.06,8.82,8.96,9.03,-0.07,-0.7752,38564.0,34411.61,002096,易普力,化工原料
002097.SZ,20260928,6.89,6.9,6.64,6.73,6.89,-0.16,-2.3222,147192.5,98898.3295,002097,山河智能,工程机械
002098.SZ,20260928,8.43,8.46,8.2,8.32,8.41,-0.09,-1.0702,70865.79,58693.84817,002098,浔兴股份,服饰
002099.SZ,20260928,5.82,6.14,5.81,6.0,5.82,0.18,3.0928,498477.82,300420.18871,002099,海翔药业,化学制药
002100.SZ,20260928,7.55,7.92,7.51,7.86,7.58,0.28,3.6939,233036.76,180564.06534,002100,天康生物,饲料
002101.SZ,20260928,8.55,8.58,8.38,8.44,8.54,-0.1,-1.171,35929.49,30366.31056,002101,广东鸿图,汽车配件
002102.SZ,20260928,2.65,2.65,2.53,2.56,2.65,-0.09,-3.3962,139022.0,35822.236,002102,ST能特,化学制药
002103.SZ,20260928,6.75,6.77,6.58,6.59,6.69,-0.1,-1.4948,50420.55,33447.69965,002103,广博股份,文教休闲
002104.SZ,20260928,10.49,10.52,10.14,10.21,10.54,-0.33,-3.1309,260056.84,267320.78554,002104,恒宝股份,通信设备
002105.SZ,20260928,6.08,6.14,5.92,5.98,6.06,-0.08,-1.3201,70770.46,42368.10462,002105,信隆健康,摩托车
002106.SZ,20260928,12.27,13.03,12.02,12.16,12.51,-0.35,-2.7978,460848.49,580282.43908,002106,莱宝高科,元器件
002107.SZ,20260928,7.2,7.31,7.02,7.11,7.17,-0.06,-0.8368,121800.05,86645.41603,002107,沃华医药,中成药
002108.SZ,20260928,4.36,4.37,4.24,4.24,4.36,-0.12,-2.7523,152746.52,65225.781,002108,沧州明珠,塑料
002109.SZ,20260928,2.78,2.82,2.75,2.79,2.77,0.02,0.722,37370.0,10362.063,002109,ST兴化,化工原料
002110.SZ,20260928,2.85,2.86,2.81,2.84,2.87,-0.03,-1.0453,207060.91,58699.27059,002110,三钢闽光,普钢
002111.SZ,20260928,9.38,9.41,9.19,9.32,9.35,-0.03,-0.3209,55601.1,51578.5392,002111,威海广泰,航空
002112.SZ,20260928,14.15,14.16,13.79,13.89,14.1,-0.21,-1.4894,54280.72,75500.50866,002112,三变科技,电气设备
002114.SZ,20260928,7.15,7.19,7.03,7.12,7.19,-0.07,-0.9736,56112.01,39833.75908,002114,罗平锌电,铅锌
002115.SZ,20260928,10.01,10.06,9.51,9.54,10.16,-0.62,-6.1024,437044.65,421822.36585,002115,三维通信,互联网
002116.SZ,20260928,7.15,7.19,7.01,7.07,7.11,-0.04,-0.5626,37395.74,26502.5749,002116,中国海诚,建筑工程
002117.SZ,20260928,7.93,7.99,7.78,7.81,7.94,-0.13,-1.6373,46214.91,36233.74632,002117,东港股份,广告包装
002119.SZ,20260928,27.37,30.65,27.37,29.71,29.61,0.1,0.3377,1265064.23,3646959.3469,002119,康强电子,半导体
002120.SZ,20260928,6.8,6.83,6.71,6.77,6.83,-0.06,-0.8785,240462.11,162484.60961,002120,韵达股份,仓储物流
002121.SZ,20260928,4.17,4.2,4.07,4.13,4.19,-0.06,-1.432,232158.73,95560.27354,002121,科陆电子,电器仪表
002122.SZ,20260928,2.73,2.75,2.68,2.7,2.73,-0.03,-1.0989,88622.16,24018.3252,002122,ST汇洲,机床制造
002123.SZ,20260928,7.79,7.8,7.4,7.53,7.74,-0.21,-2.7132,168222.0,126487.315,002123,梦网科技,互联网
002124.SZ,20260928,2.05,2.05,1.99,2.0,2.07,-0.07,-3.3816,768645.44,154217.426,002124,天邦食品,农业综合
002125.SZ,20260928,12.06,12.08,11.5,11.65,12.02,-0.37,-3.0782,108445.39,126815.96853,002125,湘潭电化,化工原料
002126.SZ,20260928,36.11,36.32,34.0,34.37,36.11,-1.74,-4.8186,205637.42,714225.46061,002126,银轮股份,汽车配件
002127.SZ,20260928,2.93,3.05,2.92,2.95,2.92,0.03,1.0274,506735.04,150435.39066,002127,南极电商,互联网
002128.SZ,20260928,27.65,27.88,27.43,27.74,27.82,-0.08,-0.2876,117120.25,323937.93289,002128,电投能源,煤炭开采
002129.SZ,20260928,9.4,9.44,9.11,9.12,9.35,-0.23,-2.4599,689632.49,637103.43266,002129,TCL中环,电气设备
002130.SZ,20260928,16.08,16.09,15.56,15.68,16.09,-0.41,-2.5482,213424.51,335582.46585,002130,沃尔核材,电气设备
002131.SZ,20260928,4.31,4.33,4.16,4.2,4.31,-0.11,-2.5522,1697402.22,714622.82277,002131,利欧股份,互联网
002132.SZ,20260928,4.1,4.1,3.95,3.99,4.09,-0.1,-2.445,329435.92,131765.98402,002132,恒星科技,钢加工
002133.SZ,20260928,2.86,2.87,2.79,2.83,2.83,0.0,0.0,119138.0,33652.204,002133,广宇集团,全国地产
002134.SZ,20260928,26.22,26.5,24.1,24.3,26.31,-2.01,-7.6397,173056.91,430689.55871,002134,天津普林,元器件
002135.SZ,20260928,6.04,6.07,5.83,5.87,6.0,-0.13,-2.1667,125066.82,74371.04269,002135,东南网架,钢加工
002136.SZ,20260928,11.76,11.8,11.49,11.62,11.72,-0.1,-0.8532,34478.2,39978.5948,002136,安纳达,化工原料
002137.SZ,20260928,8.02,8.04,7.63,7.74,7.98,-0.24,-3.0075,250908.07,195214.64523,002137,实益达,元器件
002138.SZ,20260928,51.34,51.46,47.33,47.89,51.3,-3.41,-6.6472,300729.33,1464073.63028,002138,顺络电子,元器件
002139.SZ,20260928,9.6,9.65,9.49,9.6,9.6,0.0,0.0,103080.49,98720.29289,002139,拓邦股份,元器件
002140.SZ,20260928,9.2,9.27,8.96,9.0,9.22,-0.22,-2.3861,57198.98,51832.6007,002140,东华科技,建筑工程
002141.SZ,20260928,6.65,6.75,6.26,6.29,6.76,-0.47,-6.9527,1589074.86,1020363.67194,002141,贤丰控股,元器件
002142.SZ,20260928,34.97,35.24,34.5,34.55,34.91,-0.36,-1.0312,225917.22,786136.98921,002142,宁波银行,银行
002144.SZ,20260928,10.9,10.97,10.72,10.82,10.9,-0.08,-0.7339,29446.0,31951.70019,002144,宏达高科,纺织
002145.SZ,20260928,4.8,4.82,4.59,4.64,4.83,-0.19,-3.9337,860165.62,400973.86518,002145,钛能化学,化工原料
002146.SZ,20260928,1.22,1.23,1.18,1.21,1.2,0.01,0.8333,1847521.97,222740.45138,002146,荣盛发展,全国地产
002148.SZ,20260928,6.23,6.31,6.06,6.15,6.27,-0.12,-1.9139,114100.2,70063.24266,002148,北纬科技,互联网
002149.SZ,20260928,32.46,33.14,31.28,31.55,32.93,-1.38,-4.1907,143744.85,457427.5481,002149,西部材料,小金属
002150.SZ,20260928,21.15,21.29,19.95,20.06,21.15,-1.09,-5.1537,47860.16,97294.62674,002150,正泰电源,机械基件
002151.SZ,20260928,29.01,29.26,28.4,28.45,29.12,-0.67,-2.3008,135940.86,390528.59134,002151,北斗星通,通信设备
002152.SZ,20260928,9.03,9.06,8.82,8.88,9.03,-0.15,-1.6611,146326.71,130252.13232,002152,广电运通,IT设备
002153.SZ,20260928,7.43,7.46,7.22,7.29,7.46,-0.17,-2.2788,148528.43,108612.68335,002153,石基信息,软件服务
002154.SZ,20260928,3.83,3.84,3.76,3.81,3.84,-0.03,-0.7813,181117.79,68805.3857,002154,报喜鸟,服饰
002155.SZ,20260928,22.99,23.14,22.45,22.67,23.69,-1.02,-4.3056,412221.57,938765.26135,002155,湖南黄金,黄金
002156.SZ,20260928,61.03,61.36,58.03,58.9,61.02,-2.12,-3.4743,530914.73,3144147.47342,002156,通富微电,半导体
002157.SZ,20260928,2.9,2.94,2.88,2.91,2.92,-0.01,-0.3425,1169943.07,339769.67741,002157,正邦科技,农业综合
002158.SZ,20260928,27.38,27.45,24.66,24.66,27.4,-2.74,-10.0,159222.18,403279.69477,002158,汉钟精机,工程机械
002159.SZ,20260928,13.56,13.56,13.19,13.25,13.46,-0.21,-1.5602,17750.01,23572.76328,002159,三特索道,旅游服务
002160.SZ,20260928,3.85,3.86,3.77,3.8,3.85,-0.05,-1.2987,130469.06,49620.30686,002160,常铝股份,铝
002161.SZ,20260928,6.54,6.54,6.2,6.28,6.54,-0.26,-3.9755,287057.71,181042.43591,002161,远望谷,通信设备
002162.SZ,20260928,4.14,4.18,4.08,4.13,4.11,0.02,0.4866,201777.8,83293.0398,002162,悦心健康,陶瓷
002163.SZ,20260928,7.47,7.55,7.26,7.32,7.56,-0.24,-3.1746,236776.92,174088.65644,002163,海南发展,装修装饰
002164.SZ,20260928,12.66,12.98,12.25,12.31,13.06,-0.75,-5.7427,566030.85,707356.72624,002164,宁波东力,机械基件
002165.SZ,20260928,6.9,6.97,6.7,6.76,6.89,-0.13,-1.8868,371636.76,252608.19385,002165,红宝丽,化工原料
002166.SZ,20260928,6.68,6.78,6.65,6.71,6.68,0.03,0.4491,77408.65,51921.51839,002166,莱茵生物,中成药
002167.SZ,20260928,16.0,16.03,15.15,15.2,16.19,-0.99,-6.1149,303677.84,467382.646,002167,东方锆业,小金属
002168.SZ,20260928,3.59,3.63,3.54,3.55,3.59,-0.04,-1.1142,26018.0,9273.017,002168,ST惠程,电气设备
002169.SZ,20260928,13.37,13.41,12.18,12.26,13.44,-1.18,-8.7798,309029.1,390733.10835,002169,智光电气,电气设备
002170.SZ,20260928,10.68,10.69,10.43,10.49,10.7,-0.21,-1.9626,123192.0,129455.949,002170,芭田股份,农药化肥
002171.SZ,20260928,10.2,10.3,9.57,9.67,10.25,-0.58,-5.6585,467544.22,459000.29746,002171,楚江新材,铜
002172.SZ,20260928,5.29,5.44,5.05,5.07,5.42,-0.35,-6.4576,1314468.77,680080.89771,002172,澳洋健康,医疗保健
002173.SZ,20260928,17.66,17.88,17.07,17.16,17.66,-0.5,-2.8313,141320.49,244943.0662,002173,创新医疗,医疗保健
002174.SZ,20260928,14.15,14.26,13.02,13.24,14.01,-0.77,-5.4961,405752.1,544908.63937,002174,游族网络,互联网
002175.SZ,20260928,2.5,2.52,2.39,2.44,2.5,-0.06,-2.4,135045.0,33072.44,002175,*ST东智,电器仪表
002176.SZ,20260928,8.29,8.29,8.01,8.08,8.29,-0.21,-2.5332,294539.65,238483.42145,002176,江特电机,小金属
002177.SZ,20260928,5.43,5.46,5.31,5.39,5.43,-0.04,-0.7366,124834.78,67065.30586,002177,御银股份,其他商业
002178.SZ,20260928,5.05,5.11,4.85,4.9,5.07,-0.17,-3.3531,502960.92,248307.1625,002178,延华智能,软件服务
002179.SZ,20260928,34.24,34.25,32.87,33.27,34.24,-0.97,-2.8329,224270.63,748766.27736,002179,中航光电,元器件
002180.SZ,20260928,16.66,16.66,16.02,16.07,16.66,-0.59,-3.5414,93843.0,152074.54286,002180,奔图科技,IT设备
002181.SZ,20260928,9.58,9.68,8.62,8.69,9.58,-0.89,-9.2902,1067675.61,956641.77283,002181,粤传媒,出版业
002182.SZ,20260928,11.4,11.43,10.88,10.97,11.39,-0.42,-3.6874,102815.83,113816.50644,002182,宝武镁业,小金属
002183.SZ,20260928,4.18,4.2,4.03,4.08,4.2,-0.12,-2.8571,469492.33,192168.0437,002183,怡亚通,仓储物流
002184.SZ,20260928,9.91,9.92,9.69,9.81,9.93,-0.12,-1.2085,27464.12,26877.86926,002184,海得控制,机械基件
002185.SZ,20260928,17.6,17.68,16.72,16.99,17.58,-0.59,-3.3561,1882394.79,3218088.50369,002185,华天科技,半导体
002186.SZ,20260928,9.35,9.43,9.24,9.32,9.39,-0.07,-0.7455,27794.24,25872.38144,002186,全聚德,酒店餐饮
002187.SZ,20260928,5.44,5.5,5.37,5.4,5.44,-0.04,-0.7353,74003.42,40039.69764,002187,广百股份,百货
002188.SZ,20260928,5.6,5.7,5.48,5.57,5.59,-0.02,-0.3578,87253.0,48515.59744,002188,中天服务,房产服务
002189.SZ,20260928,18.99,19.0,18.45,18.92,19.06,-0.14,-0.7345,43188.92,81060.77528,002189,中光学,元器件
002190.SZ,20260928,23.39,23.4,22.83,23.04,23.46,-0.42,-1.7903,34282.91,78992.80909,002190,成飞集成,汽车配件
002191.SZ,20260928,3.58,3.59,3.47,3.49,3.58,-0.09,-2.514,129808.77,45496.96157,002191,劲嘉股份,广告包装
002192.SZ,20260928,58.12,58.16,55.7,56.09,58.75,-2.66,-4.5277,85831.22,485408.25167,002192,融捷股份,小金属
002193.SZ,20260928,4.65,4.65,4.52,4.54,4.65,-0.11,-2.3656,23732.94,10819.6597,002193,ST如意,纺织
002194.SZ,20260928,10.61,10.62,9.92,10.0,10.62,-0.62,-5.838,341684.58,345697.38445,002194,武汉凡谷,通信设备
002195.SZ,20260928,6.02,6.03,5.82,5.88,6.01,-0.13,-2.1631,678050.06,399000.00367,002195,岩山科技,软件服务
002196.SZ,20260928,10.3,10.58,10.11,10.26,10.13,0.13,1.2833,338371.89,349033.67961,002196,方正电机,纺织机械
002197.SZ,20260928,6.56,6.58,6.31,6.38,6.5,-0.12,-1.8462,142782.0,91239.653,002197,证通电子,IT设备
002198.SZ,20260928,3.59,3.65,3.55,3.57,3.61,-0.04,-1.108,37643.0,13549.68,002198,ST嘉应,中成药
002199.SZ,20260928,12.12,12.2,11.39,11.46,12.1,-0.64,-5.2893,52621.0,61131.902,002199,东晶电子,元器件
002200.SZ,20260928,6.83,6.86,6.57,6.68,6.83,-0.15,-2.1962,59798.09,39845.67861,002200,交投生态,建筑工程
002201.SZ,20260928,9.84,9.87,9.18,9.33,9.87,-0.54,-5.4711,344859.6,323488.19699,002201,九鼎新材,玻璃
002202.SZ,20260928,17.9,17.91,17.1,17.23,17.9,-0.67,-3.743,667631.48,1161934.42337,002202,金风科技,电气设备
002203.SZ,20260928,17.76,17.76,16.92,17.09,17.78,-0.69,-3.8808,139134.91,238246.84796,002203,海亮股份,铜
002204.SZ,20260928,5.39,5.4,5.19,5.21,5.41,-0.2,-3.6969,303383.17,159746.62821,002204,大连重工,专用机械
002205.SZ,20260928,12.2,12.84,11.5,11.6,12.78,-1.18,-9.2332,228500.0,274241.89641,002205,国统股份,水泥
002206.SZ,20260928,4.88,4.9,4.79,4.84,4.87,-0.03,-0.616,63163.16,30530.57544,002206,海利得,化纤
002207.SZ,20260928,5.38,5.76,5.3,5.64,5.38,0.26,4.8327,116191.0,64186.971,002207,*ST准油,石油开采
002208.SZ,20260928,10.02,10.06,9.59,9.69,10.08,-0.39,-3.869,175845.82,171436.70249,002208,合肥城建,区域地产
002209.SZ,20260928,13.34,13.45,13.11,13.23,13.34,-0.11,-0.8246,30065.0,39815.032,002209,达意隆,轻工机械
002210.SZ,20260928,2.11,2.12,2.05,2.07,2.11,-0.04,-1.8957,366164.0,75936.059,002210,飞马国际,环境保护
002211.SZ,20260928,3.79,3.79,3.66,3.69,3.8,-0.11,-2.8947,55461.0,20559.969,002211,ST宏达,橡胶
002212.SZ,20260928,7.13,7.48,7.04,7.28,6.93,0.35,5.0505,1906043.7,1387341.37493,002212,天融信,软件服务
002213.SZ,20260928,29.0,29.47,27.45,27.75,29.2,-1.45,-4.9658,108389.58,305833.58544,002213,大为股份,半导体
002214.SZ,20260928,18.3,18.5,17.34,17.55,18.22,-0.67,-3.6773,76326.9,134293.03995,002214,大立科技,电器仪表
002215.SZ,20260928,9.62,9.67,9.3,9.33,9.62,-0.29,-3.0146,121234.81,114137.6393,002215,诺普信,农药化肥
002216.SZ,20260928,11.49,11.6,11.42,11.48,11.49,-0.01,-0.087,35443.23,40744.57135,002216,三全食品,食品
002217.SZ,20260928,1.56,1.57,1.5,1.51,1.56,-0.05,-3.2051,985091.06,149829.89912,002217,ST合力泰,元器件
002218.SZ,20260928,3.79,3.88,3.63,3.68,3.77,-0.09,-2.3873,462950.94,171970.48092,002218,拓日新能,新型电力
002219.SZ,20260928,2.07,2.09,2.03,2.07,2.06,0.01,0.4854,543827.55,111771.08533,002219,新里程,医疗保健
002221.SZ,20260928,5.7,5.73,5.54,5.59,5.71,-0.12,-2.1016,141980.3,79533.61164,002221,东华能源,石油加工
002222.SZ,20260928,67.88,67.88,61.36,61.72,68.07,-6.35,-9.3286,245687.53,1548035.90523,002222,福晶科技,元器件
002223.SZ,20260928,26.46,26.61,26.26,26.33,26.38,-0.05,-0.1895,62685.35,165427.8819,002223,鱼跃医疗,医疗保健
002224.SZ,20260928,3.77,3.77,3.65,3.69,3.74,-0.05,-1.3369,98895.2,36446.5014,002224,三力士,橡胶
002225.SZ,20260928,3.42,3.44,3.33,3.37,3.44,-0.07,-2.0349,172288.99,58096.49461,002225,濮耐股份,其他建材
002226.SZ,20260928,5.0,5.01,4.82,4.86,4.99,-0.13,-2.6052,269983.29,131339.84046,002226,江南化工,化工原料
002227.SZ,20260928,6.34,6.47,6.16,6.43,6.35,0.08,1.2598,18446.0,11660.1,002227,*ST特迅,电气设备
002228.SZ,20260928,3.24,3.28,3.18,3.23,3.27,-0.04,-1.2232,317279.3,102204.2871,002228,合兴包装,广告包装
002229.SZ,20260928,10.52,10.56,10.13,10.26,10.52,-0.26,-2.4715,164620.01,169114.42454,002229,鸿博股份,广告包装
002230.SZ,20260928,38.28,38.44,37.25,37.25,38.32,-1.07,-2.7923,206232.96,773510.42503,002230,科大讯飞,软件服务
002232.SZ,20260928,15.05,16.28,14.9,16.28,14.8,1.48,10.0,249325.43,393986.98386,002232,启明信息,软件服务
002233.SZ,20260928,6.75,6.78,6.61,6.67,6.73,-0.06,-0.8915,143492.31,95965.78885,002233,塔牌集团,水泥
002234.SZ,20260928,7.72,7.88,7.65,7.81,7.75,0.06,0.7742,56231.0,43602.996,002234,民和股份,农业综合
002235.SZ,20260928,7.79,7.83,7.61,7.67,7.77,-0.1,-1.287,147668.68,113514.85212,002235,安妮股份,造纸
002236.SZ,20260928,15.5,15.53,15.17,15.22,15.54,-0.32,-2.0592,192617.94,294150.37689,002236,大华股份,IT设备
002237.SZ,20260928,12.6,12.63,12.18,12.24,12.84,-0.6,-4.6729,240472.95,297120.76187,002237,恒邦股份,黄金
002238.SZ,20260928,7.75,8.14,7.59,7.59,8.43,-0.84,-9.9644,242148.05,188456.09197,002238,天威视讯,影视音像
002239.SZ,20260928,2.46,2.48,2.39,2.42,2.47,-0.05,-2.0243,524693.75,127144.87647,002239,奥特佳,汽车配件
002240.SZ,20260928,25.5,25.52,24.2,24.44,25.69,-1.25,-4.8657,227119.99,559697.1104,002240,盛新锂能,小金属
002241.SZ,20260928,24.24,24.3,22.98,23.15,23.94,-0.79,-3.2999,737538.31,1724813.74495,002241,歌尔股份,元器件
002242.SZ,20260928,9.83,10.33,9.83,10.33,9.39,0.94,10.0106,246281.34,251850.89193,002242,九阳股份,家用电器
002243.SZ,20260928,6.91,6.97,6.77,6.81,6.94,-0.13,-1.8732,96990.49,66174.54404,002243,力合科创,广告包装
002244.SZ,20260928,8.3,8.67,8.15,8.6,8.32,0.28,3.3654,495142.77,421739.91273,002244,滨江集团,区域地产
002245.SZ,20260928,17.25,17.5,16.1,16.24,16.76,-0.52,-3.1026,696812.56,1157740.09925,002245,蔚蓝锂芯,电气设备
002246.SZ,20260928,26.26,26.42,24.22,24.93,26.0,-1.07,-4.1154,381331.5,945341.83343,002246,北化股份,化工原料
002247.SZ,20260928,2.46,2.49,2.43,2.47,2.45,0.02,0.8163,165604.0,40741.419,002247,聚力文化,其他建材
002248.SZ,20260928,9.55,9.57,9.21,9.29,9.48,-0.19,-2.0042,90304.15,84088.25481,002248,华东数控,机床制造
002249.SZ,20260928,6.42,6.48,6.38,6.41,6.45,-0.04,-0.6202,228256.09,146601.90629,002249,大洋电机,电气设备
002250.SZ,20260928,14.46,14.57,14.05,14.14,14.51,-0.37,-2.55,80359.16,114088.01668,002250,联化科技,化工原料
002251.SZ,20260928,3.44,3.45,3.33,3.35,3.44,-0.09,-2.6163,591777.06,199418.08416,002251,步步高,超市连锁
002252.SZ,20260928,5.02,5.1,5.01,5.08,5.02,0.06,1.1952,643760.18,325926.64488,002252,上海莱士,生物制药
002253.SZ,20260928,8.67,8.95,8.43,8.48,8.7,-0.22,-2.5287,159005.69,137416.32996,002253,川大智胜,软件服务
002254.SZ,20260928,12.33,12.39,11.52,11.63,12.39,-0.76,-6.134,187167.27,220769.19393,002254,泰和新材,化纤
002255.SZ,20260928,7.52,7.52,7.21,7.23,7.52,-0.29,-3.8564,103331.28,75422.301,002255,海陆重工,专用机械
002256.SZ,20260928,3.16,3.22,3.12,3.12,3.14,-0.02,-0.6369,303335.26,96090.11002,002256,兆新股份,新型电力
002258.SZ,20260928,14.5,14.52,13.8,13.93,14.23,-0.3,-2.1082,132647.05,185971.18252,002258,利尔化学,农药化肥
002259.SZ,20260928,4.79,4.84,4.61,4.81,4.74,0.07,1.4768,415334.94,197377.94864,002259,升达林业,供气供热
002261.SZ,20260928,24.93,24.93,24.07,24.1,24.93,-0.83,-3.3293,248482.55,603445.29775,002261,拓维信息,软件服务
002262.SZ,20260928,21.22,21.76,21.15,21.55,21.16,0.39,1.8431,75034.22,160984.3351,002262,恩华药业,化学制药
002263.SZ,20260928,3.14,3.17,3.06,3.09,3.16,-0.07,-2.2152,324884.5,100661.40309,002263,大东南,塑料
002264.SZ,20260928,7.88,8.09,7.42,7.64,8.13,-0.49,-6.0271,850097.34,653929.45761,002264,新华都,互联网
002265.SZ,20260928,19.46,19.46,18.85,18.95,19.36,-0.41,-2.1178,89223.02,169662.64148,002265,建设工业,专用机械
002266.SZ,20260928,4.6,4.6,4.48,4.53,4.59,-0.06,-1.3072,573774.29,259032.21276,002266,浙富控股,环境保护
002267.SZ,20260928,7.1,7.15,7.08,7.15,7.12,0.03,0.4213,42881.44,30517.79372,002267,陕天然气,供气供热
002268.SZ,20260928,14.88,14.98,14.47,14.84,14.74,0.1,0.6784,169094.42,250005.20592,002268,电科网安,IT设备
002269.SZ,20260928,1.39,1.4,1.35,1.36,1.39,-0.03,-2.1583,369962.0,50568.735,002269,美邦服饰,服饰
002270.SZ,20260928,17.69,17.7,16.95,17.02,17.75,-0.73,-4.1127,137727.77,236491.93336,002270,华明装备,电气设备
002271.SZ,20260928,10.39,10.46,10.07,10.12,10.4,-0.28,-2.6923,335253.44,340970.9976,002271,东方雨虹,其他建材
002272.SZ,20260928,15.7,15.7,14.29,14.42,15.55,-1.13,-7.2669,239803.03,352254.62401,002272,川润股份,机械基件
002273.SZ,20260928,25.18,25.32,23.62,23.85,25.17,-1.32,-5.2443,330897.75,799137.75369,002273,水晶光电,元器件
002274.SZ,20260928,5.9,5.94,5.75,5.81,5.95,-0.14,-2.3529,176671.58,102660.13468,002274,华昌化工,农药化肥
002275.SZ,20260928,12.1,12.16,12.03,12.07,12.1,-0.03,-0.2479,10529.0,12703.028,002275,桂林三金,中成药
002276.SZ,20260928,9.83,9.85,9.62,9.73,9.82,-0.09,-0.9165,104552.68,101460.28916,002276,万马股份,电气设备
002277.SZ,20260928,5.24,5.26,5.05,5.07,5.25,-0.18,-3.4286,152601.29,78085.31418,002277,友阿股份,百货
002278.SZ,20260928,7.96,7.98,7.76,7.89,7.96,-0.07,-0.8794,57908.89,45406.71399,002278,神开股份,化工机械
002279.SZ,20260928,6.54,6.59,6.41,6.47,6.57,-0.1,-1.5221,165960.76,107640.35648,002279,久其软件,软件服务
002281.SZ,20260928,180.19,180.25,163.79,163.8,181.99,-18.19,-9.9951,375825.79,6309946.80149,002281,光迅科技,通信设备
002282.SZ,20260928,6.07,6.15,5.96,6.06,6.05,0.01,0.1653,41246.0,24935.845,002282,博深股份,机械基件
002283.SZ,20260928,7.96,8.03,7.55,7.69,8.01,-0.32,-3.995,301798.97,233322.4246,002283,天润工业,汽车配件
002284.SZ,20260928,9.51,9.56,9.21,9.22,9.51,-0.29,-3.0494,124771.08,116549.53673,002284,亚太股份,汽车配件
002285.SZ,20260928,3.28,3.49,3.07,3.26,3.26,0.0,0.0,3172249.33,1039504.01972,002285,世联行,房产服务
002286.SZ,20260928,8.42,8.55,8.15,8.31,8.46,-0.15,-1.773,259248.61,214757.09816,002286,保龄宝,食品
002287.SZ,20260928,19.46,19.54,19.17,19.29,19.38,-0.09,-0.4644,11763.14,22724.81481,002287,奇正藏药,中成药
002289.SZ,20260928,34.91,35.29,33.3,33.88,34.91,-1.03,-2.9504,29034.4,98433.28862,002289,宇顺电子,元器件
002290.SZ,20260928,73.9,74.5,69.31,69.6,73.89,-4.29,-5.8059,82146.96,580345.19422,002290,禾盛新材,家用电器
002291.SZ,20260928,5.48,5.65,5.34,5.36,5.45,-0.09,-1.6514,270091.02,146529.00945,002291,遥望科技,广告包装
002292.SZ,20260928,8.81,8.92,8.51,8.55,8.73,-0.18,-2.0619,384452.01,333009.3696,002292,奥飞娱乐,影视音像
002293.SZ,20260928,10.71,10.83,10.6,10.66,10.75,-0.09,-0.8372,47261.57,50594.66809,002293,罗莱生活,纺织
002294.SZ,20260928,30.2,30.5,29.79,29.86,30.22,-0.36,-1.1913,66412.13,199342.24603,002294,信立泰,化学制药
002295.SZ,20260928,9.8,10.05,9.6,9.65,9.88,-0.23,-2.3279,78783.1,76511.5978,002295,精艺股份,铜
002296.SZ,20260928,9.51,9.76,9.28,9.75,9.43,0.32,3.3934,227940.46,219018.53045,002296,辉煌科技,通信设备
002297.SZ,20260928,22.47,22.51,20.22,20.38,22.47,-2.09,-9.3013,1024474.39,2154323.89881,002297,博云新材,航空
002298.SZ,20260928,8.5,8.85,8.44,8.61,8.56,0.05,0.5841,453710.75,393600.59744,002298,中电鑫龙,电气设备
002299.SZ,20260928,15.71,15.82,15.54,15.8,15.7,0.1,0.6369,62548.47,98112.4372,002299,圣农发展,农业综合
002300.SZ,20260928,7.9,8.14,7.78,7.83,8.19,-0.36,-4.3956,502968.99,400005.17768,002300,太阳电缆,电气设备
002301.SZ,20260928,8.88,8.9,8.35,8.48,8.91,-0.43,-4.826,406237.16,346818.52682,002301,齐心集团,文教休闲
002302.SZ,20260928,4.65,4.69,4.6,4.61,4.69,-0.08,-1.7058,46011.42,21303.31162,002302,西部建设,水泥
002303.SZ,20260928,6.35,6.38,6.03,6.09,6.35,-0.26,-4.0945,1011597.03,623271.88674,002303,美盈森,造纸
002304.SZ,20260928,37.4,37.53,36.95,37.01,37.47,-0.46,-1.2276,40999.55,152274.50626,002304,洋河股份,白酒
002305.SZ,20260928,2.01,2.04,2.0,2.02,2.01,0.01,0.4975,142074.0,28681.1,002305,*ST南置,区域地产
002306.SZ,20260928,2.15,2.17,2.06,2.11,2.15,-0.04,-1.8605,102586.0,21690.051,002306,ST云网,酒店餐饮
002307.SZ,20260928,2.93,2.94,2.87,2.88,2.93,-0.05,-1.7065,186911.2,54180.4466,002307,北新路桥,建筑工程
002309.SZ,20260928,2.83,2.85,2.74,2.76,2.85,-0.09,-3.1579,635359.25,176173.21515,002309,中利集团,电气设备
002310.SZ,20260928,2.26,2.29,2.23,2.28,2.26,0.02,0.885,797948.03,181153.46478,002310,东方新能,新型电力
002311.SZ,20260928,41.0,41.55,40.42,41.38,41.1,0.28,0.6813,117900.33,483766.13377,002311,海大集团,饲料
002312.SZ,20260928,8.2,8.22,8.03,8.11,8.21,-0.1,-1.218,171670.33,139279.16013,002312,川发龙蟒,化工原料
002313.SZ,20260928,9.05,9.06,8.6,8.63,8.98,-0.35,-3.8976,170279.81,148399.50496,002313,日海智能,通信设备
002314.SZ,20260928,2.27,2.29,2.24,2.27,2.27,0.0,0.0,285603.72,64764.80756,002314,南山控股,区域地产
002315.SZ,20260928,24.99,25.35,24.13,24.14,24.76,-0.62,-2.504,93828.39,232216.67355,002315,焦点科技,互联网
002316.SZ,20260928,4.31,4.42,4.24,4.36,4.3,0.06,1.3953,144869.32,62695.7588,002316,亚联发展,软件服务
002317.SZ,20260928,23.35,23.6,22.78,23.11,23.35,-0.24,-1.0278,155193.79,358241.66496,002317,众生药业,中成药
002318.SZ,20260928,18.34,18.38,17.8,18.08,18.4,-0.32,-1.7391,68177.11,123010.16132,002318,久立特材,特种钢
002319.SZ,20260928,10.19,10.29,9.89,9.98,10.22,-0.24,-2.3483,61651.0,61690.633,002319,乐通股份,染料涂料
002320.SZ,20260928,6.52,6.57,6.34,6.34,6.76,-0.42,-6.213,432385.03,278599.48888,002320,海峡股份,水运
002321.SZ,20260928,2.31,2.38,2.04,2.12,2.27,-0.15,-6.6079,2076615.86,449534.57217,002321,华英农业,农业综合
002322.SZ,20260928,11.96,12.09,11.86,12.01,11.99,0.02,0.1668,56410.18,67474.04702,002322,理工能科,软件服务
002323.SZ,20260928,1.24,1.25,1.21,1.22,1.25,-0.03,-2.4,365703.3,44890.25112,002323,*ST雅博,建筑工程
002324.SZ,20260928,8.95,8.95,8.57,8.67,8.99,-0.32,-3.5595,186694.82,162516.16866,002324,普利特,塑料
002326.SZ,20260928,16.57,16.57,15.85,15.99,16.57,-0.58,-3.5003,150547.9,242264.90957,002326,永太科技,化工原料
002327.SZ,20260928,6.12,6.15,6.02,6.06,6.14,-0.08,-1.3029,31054.0,18875.199,002327,富安娜,纺织
002328.SZ,20260928,8.84,8.85,8.22,8.26,8.75,-0.49,-5.6,612050.44,511972.43865,002328,新朋股份,汽车配件
002329.SZ,20260928,3.6,3.62,3.49,3.54,3.6,-0.06,-1.6667,166173.02,58853.53601,002329,皇氏集团,乳制品
002330.SZ,20260928,4.05,4.12,4.02,4.1,4.05,0.05,1.2346,91820.67,37332.26334,002330,得利斯,食品
002331.SZ,20260928,6.8,6.85,6.67,6.74,6.8,-0.06,-0.8824,57516.2,38754.2086,002331,皖通科技,软件服务
002332.SZ,20260928,8.63,8.68,8.6,8.65,8.61,0.04,0.4646,91090.8,78768.8688,002332,仙琚制药,化学制药
002333.SZ,20260928,5.56,5.86,5.46,5.58,5.47,0.11,2.011,236190.02,133462.97138,002333,罗普斯金,其他建材
002334.SZ,20260928,6.51,6.52,6.31,6.36,6.5,-0.14,-2.1538,89901.29,57295.98616,002334,英威腾,电气设备
002335.SZ,20260928,31.6,31.78,29.95,30.4,31.85,-1.45,-4.5526,292537.54,892880.96989,002335,科华数据,电气设备
002337.SZ,20260928,4.77,4.79,4.67,4.7,4.79,-0.09,-1.8789,127662.18,60238.40978,002337,赛象科技,化工机械
002338.SZ,20260928,46.58,46.85,43.0,43.67,45.85,-2.18,-4.7546,80516.98,357049.58614,002338,奥普光电,电器仪表
002339.SZ,20260928,7.44,7.47,7.0,7.03,7.55,-0.52,-6.8874,261796.61,188901.91781,002339,积成电子,电气设备
002340.SZ,20260928,6.11,6.12,5.96,5.99,6.12,-0.13,-2.1242,579498.03,347842.82821,002340,格林美,小金属
002342.SZ,20260928,7.89,8.68,7.56,8.68,7.89,0.79,10.0127,2387245.33,2008963.89616,002342,巨力索具,机械基件
002343.SZ,20260928,5.81,5.92,5.56,5.59,5.72,-0.13,-2.2727,119571.59,67670.04305,002343,慈文传媒,影视音像
002344.SZ,20260928,3.99,4.02,3.93,3.95,3.99,-0.04,-1.0025,83740.01,33279.1188,002344,海宁皮城,商品城
002345.SZ,20260928,8.48,8.49,8.26,8.3,8.47,-0.17,-2.0071,81574.01,68049.96626,002345,潮宏基,服饰
002346.SZ,20260928,18.41,18.49,17.75,17.97,18.41,-0.44,-2.39,59771.33,108005.18161,002346,柘中股份,电气设备
002347.SZ,20260928,5.9,6.42,5.87,6.42,5.84,0.58,9.9315,492154.52,311388.25384,002347,泰尔股份,机械基件
002348.SZ,20260928,11.13,11.16,10.36,10.49,11.01,-0.52,-4.723,157919.11,167217.43994,002348,高乐股份,文教休闲
002349.SZ,20260928,8.61,8.77,8.38,8.68,8.46,0.22,2.6005,728605.5,626642.36347,002349,精华制药,中成药
002350.SZ,20260928,13.72,13.8,13.25,13.42,13.71,-0.29,-2.1152,47325.32,63467.05652,002350,北京科锐,电气设备
002351.SZ,20260928,9.88,10.02,9.75,9.87,9.87,0.0,0.0,64252.46,63339.51775,002351,漫步者,IT设备
002352.SZ,20260928,30.54,30.7,30.3,30.44,30.54,-0.1,-0.3274,110389.29,336162.77482,002352,顺丰控股,仓储物流
002353.SZ,20260928,115.78,116.29,108.51,110.4,116.02,-5.62,-4.844,177697.87,1970513.26352,002353,杰瑞股份,化工机械
002354.SZ,20260928,7.49,7.52,7.11,7.15,7.48,-0.33,-4.4118,1252539.82,902815.90718,002354,天娱数科,互联网
002355.SZ,20260928,4.63,4.67,4.5,4.6,4.64,-0.04,-0.8621,90762.9,41695.80857,002355,兴民智通,汽车配件
002356.SZ,20260928,2.67,2.69,2.62,2.62,2.67,-0.05,-1.8727,116582.82,30750.95094,002356,鹏飞绿能,其他商业
002357.SZ,20260928,11.75,12.0,11.2,11.37,11.72,-0.35,-2.9863,66885.34,76508.06756,002357,富临运业,公共交通
002358.SZ,20260928,5.13,5.16,5.06,5.09,5.13,-0.04,-0.7797,73443.11,37409.23786,002358,森源电气,电气设备
002360.SZ,20260928,5.6,5.78,5.52,5.58,5.5,0.08,1.4545,87757.0,49365.32,002360,ST同德,化工原料
002361.SZ,20260928,10.05,10.36,9.78,10.14,10.14,0.0,0.0,880486.25,886879.18163,002361,神剑股份,化工原料
002362.SZ,20260928,15.81,16.47,15.55,15.85,15.75,0.1,0.6349,69604.65,110620.24305,002362,汉王科技,软件服务
002363.SZ,20260928,6.86,6.92,6.79,6.88,6.9,-0.02,-0.2899,50455.37,34589.68261,002363,隆基机械,汽车配件
002364.SZ,20260928,34.92,34.99,32.28,32.61,34.92,-2.31,-6.6151,207128.71,686818.33905,002364,中恒电气,电气设备
002365.SZ,20260928,13.43,13.56,13.1,13.18,13.48,-0.3,-2.2255,212079.24,281129.95987,002365,永安药业,化学制药
002366.SZ,20260928,5.56,5.56,5.42,5.48,5.58,-0.1,-1.7921,174909.32,95752.43932,002366,融发核电,专用机械
002367.SZ,20260928,5.97,5.98,5.69,5.75,5.97,-0.22,-3.6851,263077.83,151960.97073,002367,康力电梯,运输设备
002368.SZ,20260928,12.91,12.92,12.49,12.59,12.98,-0.39,-3.0046,64964.0,82013.695,002368,太极股份,软件服务
002369.SZ,20260928,5.54,5.58,5.42,5.51,5.56,-0.05,-0.8993,96023.98,52732.21139,002369,卓翼科技,通信设备
002370.SZ,20260928,5.12,5.17,5.06,5.09,5.12,-0.03,-0.5859,90780.82,46234.4511,002370,亚太药业,化学制药
002371.SZ,20260928,654.19,655.6,625.13,633.93,653.06,-19.13,-2.9293,59607.4,3796812.07664,002371,北方华创,半导体
002372.SZ,20260928,8.11,8.2,8.03,8.09,8.17,-0.08,-0.9792,58587.0,47406.66454,002372,伟星新材,其他建材
002373.SZ,20260928,7.29,7.33,7.15,7.26,7.29,-0.03,-0.4115,110074.97,79612.43015,002373,千方科技,软件服务
002374.SZ,20260928,3.3,3.3,3.21,3.27,3.22,0.05,1.5528,291416.94,95138.52811,002374,中锐股份,广告包装
002375.SZ,20260928,3.82,3.85,3.73,3.77,3.85,-0.08,-2.0779,190291.0,71844.335,002375,亚厦股份,装修装饰
002376.SZ,20260928,6.79,6.79,6.6,6.67,6.75,-0.08,-1.1852,80296.7,53587.19351,002376,新北洋,IT设备
002377.SZ,20260928,2.95,2.98,2.88,2.89,2.95,-0.06,-2.0339,388387.53,113355.52672,002377,国创高新,其他建材
002378.SZ,20260928,22.47,22.47,21.27,21.36,22.5,-1.14,-5.0667,153831.84,332210.95428,002378,章源钨业,小金属
002379.SZ,20260928,15.9,16.0,15.67,15.77,16.11,-0.34,-2.1105,192440.24,304384.24834,002379,宏桥控股,铝
002380.SZ,20260928,27.01,27.03,26.04,26.62,27.02,-0.4,-1.4804,31088.09,82521.77478,002380,科远智慧,软件服务
002381.SZ,20260928,5.6,5.61,5.5,5.56,5.55,0.01,0.1802,40400.31,22426.62081,002381,双箭股份,橡胶
002382.SZ,20260928,5.94,6.18,5.94,6.09,5.95,0.14,2.3529,261188.31,158971.23729,002382,蓝帆医疗,医疗保健
002383.SZ,20260928,8.2,8.47,7.82,8.1,8.3,-0.2,-2.4096,291124.62,237676.37788,002383,合众思壮,通信设备
002384.SZ,20260928,184.08,184.61,167.84,168.28,185.99,-17.71,-9.522,578055.68,10009354.1594,002384,东山精密,元器件
002385.SZ,20260928,3.09,3.1,3.02,3.06,3.09,-0.03,-0.9709,525972.0,160481.835,002385,大北农,饲料
002386.SZ,20260928,5.97,5.98,5.75,5.75,5.95,-0.2,-3.3613,170794.71,99308.10484,002386,天原股份,化工原料
002387.SZ,20260928,6.96,6.97,6.65,6.7,6.87,-0.17,-2.4745,99969.19,67485.09073,002387,维信诺,元器件
002388.SZ,20260928,7.82,8.16,7.57,7.78,7.76,0.02,0.2577,491285.6,385773.6058,002388,新亚制程,元器件
002389.SZ,20260928,18.36,18.36,17.89,18.08,18.31,-0.23,-1.2561,106574.57,192549.53685,002389,航天彩虹,航空
002390.SZ,20260928,2.9,2.94,2.88,2.94,2.91,0.03,1.0309,206367.45,60127.83093,002390,信邦制药,医药商业
002391.SZ,20260928,5.12,5.14,5.0,5.07,5.12,-0.05,-0.9766,71539.0,36159.473,002391,长青股份,农药化肥
002392.SZ,20260928,7.59,7.6,7.41,7.48,7.6,-0.12,-1.5789,93148.88,69737.65784,002392,北京利尔,其他建材
002393.SZ,20260928,13.82,13.96,13.75,13.85,13.82,0.03,0.2171,17364.72,24018.33933,002393,力生制药,化学制药
002394.SZ,20260928,10.32,10.57,10.18,10.28,10.23,0.05,0.4888,74367.05,77089.39425,002394,联发股份,纺织
002395.SZ,20260928,14.38,15.46,13.91,13.98,14.05,-0.07,-0.4982,300601.02,438208.56222,002395,双象股份,塑料
002396.SZ,20260928,35.92,36.18,32.99,32.99,36.65,-3.66,-9.9864,604856.91,2042213.05766,002396,星网锐捷,通信设备
002397.SZ,20260928,3.62,3.66,3.55,3.57,3.62,-0.05,-1.3812,112602.0,40379.059,002397,梦洁股份,纺织
002398.SZ,20260928,4.24,4.29,4.19,4.26,4.27,-0.01,-0.2342,127469.89,53987.15447,002398,垒知集团,其他建材
002399.SZ,20260928,9.63,9.7,9.57,9.66,9.58,0.08,0.8351,32313.83,31111.69724,002399,海普瑞,化学制药
002400.SZ,20260928,6.45,6.45,6.22,6.26,6.46,-0.2,-3.096,443160.54,278466.46091,002400,省广集团,广告包装
002401.SZ,20260928,12.0,12.08,11.9,11.99,12.06,-0.07,-0.5804,19525.19,23419.88588,002401,中远海科,软件服务
002402.SZ,20260928,18.31,18.48,17.67,17.81,18.37,-0.56,-3.0484,186450.49,334103.50301,002402,和而泰,元器件
002403.SZ,20260928,10.44,10.77,10.18,10.47,10.33,0.14,1.3553,243933.49,253325.36627,002403,爱仕达,家用电器
002404.SZ,20260928,5.94,5.94,5.78,5.8,5.88,-0.08,-1.3605,68947.2,40199.2842,002404,嘉欣丝绸,纺织
002405.SZ,20260928,5.92,5.96,5.82,5.89,5.95,-0.06,-1.0084,228205.75,134063.0835,002405,四维图新,软件服务
002406.SZ,20260928,6.48,6.48,6.37,6.41,6.45,-0.04,-0.6202,82799.39,53167.18271,002406,远东传动,汽车配件
002407.SZ,20260928,30.98,30.98,29.57,29.75,30.92,-1.17,-3.784,505127.31,1518153.7458,002407,多氟多,化工原料
002408.SZ,20260928,5.31,5.32,5.16,5.23,5.32,-0.09,-1.6917,157043.26,81942.9407,002408,齐翔腾达,化工原料
002409.SZ,20260928,131.38,132.0,124.18,124.7,132.62,-7.92,-5.9719,132267.96,1679071.07779,002409,雅克科技,半导体
002410.SZ,20260928,8.4,8.43,8.27,8.31,8.4,-0.09,-1.0714,178937.43,148998.88835,002410,广联达,软件服务
002412.SZ,20260928,9.18,9.18,8.77,8.84,9.1,-0.26,-2.8571,276901.18,246115.78908,002412,汉森制药,中成药
002413.SZ,20260928,9.31,9.57,9.01,9.18,8.97,0.21,2.3411,3068249.08,2846523.51543,002413,雷科防务,通信设备
002414.SZ,20260928,11.87,11.87,11.31,11.37,11.88,-0.51,-4.2929,432211.99,495831.51503,002414,高德红外,电器仪表
002415.SZ,20260928,32.54,32.64,31.99,32.16,32.63,-0.47,-1.4404,384560.04,1240524.8845,002415,海康威视,IT设备
002416.SZ,20260928,9.05,9.07,8.77,8.8,9.06,-0.26,-2.8698,112986.72,100116.52852,002416,爱施德,电器连锁
002418.SZ,20260928,4.52,4.54,4.25,4.28,4.47,-0.19,-4.2506,680943.3,293599.4376,002418,康盛股份,家用电器
002419.SZ,20260928,4.57,4.59,4.52,4.56,4.55,0.01,0.2198,114660.93,52207.47915,002419,天虹股份,百货
002420.SZ,20260928,6.1,6.13,5.95,6.02,6.08,-0.06,-0.9868,66799.0,40278.692,002420,毅昌科技,家用电器
002421.SZ,20260928,3.19,3.26,3.08,3.13,3.11,0.02,0.6431,1527349.64,479663.41771,002421,达实智能,软件服务
002422.SZ,20260928,38.86,39.69,38.44,38.6,38.86,-0.26,-0.6691,143766.56,559415.29274,002422,科伦药业,化学制药
002423.SZ,20260928,9.05,9.16,8.98,9.05,9.05,0.0,0.0,98147.0,88888.695,002423,中粮资本,多元金融
002424.SZ,20260928,4.63,4.72,4.57,4.71,4.61,0.1,2.1692,119991.0,55563.932,002424,ST百灵,中成药
002425.SZ,20260928,3.02,3.07,2.97,3.03,3.04,-0.01,-0.3289,224261.4,67536.292,002425,凯撒文化,互联网
002426.SZ,20260928,2.81,2.84,2.63,2.67,2.8,-0.13,-4.6429,1816946.91,490807.85452,002426,胜利精密,元器件
002427.SZ,20260928,4.52,4.55,4.44,4.48,4.52,-0.04,-0.885,71135.86,31854.84642,002427,尤夫股份,化纤
002428.SZ,20260928,90.9,92.0,85.6,87.77,91.63,-3.86,-4.2126,399712.52,3528454.21708,002428,云南锗业,小金属
002429.SZ,20260928,8.29,8.3,7.97,8.03,8.3,-0.27,-3.253,696767.85,562674.34789,002429,兆驰股份,家用电器
002430.SZ,20260928,24.83,24.9,23.8,24.12,24.9,-0.78,-3.1325,100181.15,242070.21215,002430,杭氧股份,化工机械
002431.SZ,20260928,1.32,1.33,1.28,1.29,1.31,-0.02,-1.5267,141397.0,18312.315,002431,ST棕榈,建筑工程
002432.SZ,20260928,61.94,62.1,58.56,59.18,61.68,-2.5,-4.0532,110771.47,659311.47567,002432,九安医疗,医疗保健
002434.SZ,20260928,6.14,6.33,6.12,6.18,6.17,0.01,0.1621,184796.47,114903.94489,002434,万里扬,汽车配件
002436.SZ,20260928,43.69,43.87,41.0,41.14,43.31,-2.17,-5.0104,896163.72,3760702.22203,002436,兴森科技,元器件
002437.SZ,20260928,3.5,3.54,3.4,3.45,3.5,-0.05,-1.4286,1559253.93,537459.81495,002437,誉衡药业,化学制药
002438.SZ,20260928,13.76,14.07,13.68,13.94,13.76,0.18,1.3081,75111.35,104412.05307,002438,江苏神通,机械基件
002439.SZ,20260928,14.6,14.63,14.15,14.35,14.35,0.0,0.0,380142.0,545834.91701,002439,启明星辰,软件服务
002440.SZ,20260928,12.7,13.41,12.55,13.2,12.79,0.41,3.2056,449864.2,585175.37571,002440,闰土股份,染料涂料
002441.SZ,20260928,8.13,8.21,8.05,8.14,8.16,-0.02,-0.2451,30294.06,24603.80003,002441,众业达,电气设备
002442.SZ,20260928,5.33,5.35,5.17,5.23,5.42,-0.19,-3.5055,253887.01,132978.11922,002442,龙星科技,化工原料
002443.SZ,20260928,12.8,12.88,12.27,12.42,12.93,-0.51,-3.9443,328189.86,408116.90534,002443,金洲管道,钢加工
002444.SZ,20260928,27.36,27.65,26.78,26.96,27.28,-0.32,-1.173,80729.2,218628.69772,002444,巨星科技,轻工机械
002445.SZ,20260928,3.12,3.14,3.06,3.08,3.11,-0.03,-0.9646,402486.88,124367.24638,002445,中南文化,钢加工
002446.SZ,20260928,8.07,8.1,7.67,7.75,8.15,-0.4,-4.908,299645.12,234171.27808,002446,盛路通信,通信设备
002448.SZ,20260928,10.89,10.96,10.66,10.74,10.89,-0.15,-1.3774,93908.2,101255.5721,002448,中原内配,汽车配件
002449.SZ,20260928,6.58,6.66,6.4,6.47,6.59,-0.12,-1.8209,83007.8,53855.913,002449,国星光电,半导体
002451.SZ,20260928,7.64,7.67,7.32,7.46,7.62,-0.16,-2.0997,87383.64,64881.82462,002451,摩恩电气,电气设备
002452.SZ,20260928,11.68,11.7,11.07,11.22,11.59,-0.37,-3.1924,101232.37,114018.76897,002452,长高电气,电气设备
002453.SZ,20260928,4.92,4.92,4.52,4.6,5.02,-0.42,-8.3665,637198.38,294640.88128,002453,华软科技,化工原料
002454.SZ,20260928,5.13,5.2,5.07,5.11,5.14,-0.03,-0.5837,94718.19,48572.74258,002454,松芝股份,汽车配件
002455.SZ,20260928,6.85,6.86,6.59,6.65,6.79,-0.14,-2.0619,172597.44,114999.20737,002455,百川股份,化工原料
002456.SZ,20260928,6.7,6.72,6.49,6.51,6.69,-0.18,-2.6906,610228.56,400337.45536,002456,欧菲光,元器件
002457.SZ,20260928,11.02,11.2,10.81,10.87,11.09,-0.22,-1.9838,128682.37,140309.06198,002457,青龙管业,塑料
002458.SZ,20260928,8.09,8.15,7.99,8.12,8.09,0.03,0.3708,223304.8,180031.96816,002458,益生股份,农业综合
002459.SZ,20260928,6.73,6.8,6.5,6.56,6.7,-0.14,-2.0896,275398.84,181968.10497,002459,晶澳科技,电气设备
002460.SZ,20260928,43.0,43.21,41.67,41.9,43.68,-1.78,-4.0751,289206.73,1220897.75564,002460,赣锋锂业,小金属
002461.SZ,20260928,8.15,8.33,8.11,8.29,8.15,0.14,1.7178,52841.0,43727.145,002461,珠江啤酒,啤酒
002462.SZ,20260928,12.26,12.43,12.17,12.24,12.24,0.0,0.0,21597.86,26473.23164,002462,嘉事堂,医药商业
002463.SZ,20260928,123.0,123.75,116.23,117.2,124.05,-6.85,-5.522,421237.35,4997113.19921,002463,沪电股份,元器件
002465.SZ,20260928,10.24,10.29,9.91,10.0,10.31,-0.31,-3.0068,573075.04,574386.27741,002465,海格通信,通信设备
002466.SZ,20260928,40.18,40.37,39.27,39.41,40.9,-1.49,-3.643,263262.77,1045243.31403,002466,天齐锂业,小金属
002467.SZ,20260928,4.83,5.02,4.76,4.99,4.82,0.17,3.527,1141985.55,560851.29255,002467,二六三,互联网
002468.SZ,20260928,14.75,14.85,14.5,14.61,14.87,-0.26,-1.7485,91222.76,133531.51141,002468,申通快递,仓储物流
002469.SZ,20260928,6.01,6.07,5.96,5.99,6.03,-0.04,-0.6633,48309.15,29014.5098,002469,三维化学,化工原料
002470.SZ,20260928,2.01,2.02,1.93,1.95,2.02,-0.07,-3.4653,1112194.0,218176.514,002470,金正大,农药化肥
002471.SZ,20260928,5.51,5.56,5.2,5.26,5.52,-0.26,-4.7101,683428.11,363111.56779,002471,中超控股,电气设备
002472.SZ,20260928,39.04,39.43,38.47,38.79,38.94,-0.15,-0.3852,193942.07,755153.58356,002472,双环传动,汽车配件
002474.SZ,20260928,6.37,6.44,6.22,6.39,6.36,0.03,0.4717,187729.28,119350.13221,002474,榕基软件,软件服务
002475.SZ,20260928,52.06,52.17,49.3,49.92,52.0,-2.08,-4.0,928595.13,4654262.38405,002475,立讯精密,元器件
002476.SZ,20260928,5.01,5.01,4.8,4.87,5.02,-0.15,-2.988,88452.87,43056.35266,002476,新叶股份,化工原料
002478.SZ,20260928,6.77,6.78,6.37,6.41,6.72,-0.31,-4.6131,233418.26,151346.36732,002478,常宝股份,钢加工
002479.SZ,20260928,5.81,5.89,5.74,5.8,5.83,-0.03,-0.5146,114695.94,66446.9729,002479,富春环保,新型电力
002480.SZ,20260928,5.1,5.65,5.1,5.65,5.14,0.51,9.9222,294033.84,162545.72958,002480,新筑股份,运输设备
002481.SZ,20260928,4.16,4.27,4.14,4.25,4.16,0.09,2.1635,120095.87,50377.8484,002481,双塔食品,食品
002482.SZ,20260928,1.34,1.35,1.32,1.33,1.33,0.0,0.0,563782.71,75132.60257,002482,广田集团,装修装饰
002483.SZ,20260928,6.02,6.06,5.83,5.86,6.02,-0.16,-2.6578,143230.1,84868.64713,002483,润邦股份,专用机械
002484.SZ,20260928,57.86,57.96,52.16,52.16,57.96,-5.8,-10.0069,391056.2,2091266.98234,002484,江海股份,元器件
002485.SZ,20260928,5.85,5.89,5.73,5.76,5.88,-0.12,-2.0408,17304.89,9996.18072,002485,ST雪发,商贸代理
002486.SZ,20260928,2.72,2.73,2.66,2.68,2.73,-0.05,-1.8315,188005.0,50454.806,002486,嘉麟杰,服饰
002487.SZ,20260928,40.33,41.7,38.0,41.38,39.77,1.61,4.0483,809594.87,3228182.07843,002487,大金重工,电气设备
002488.SZ,20260928,7.34,7.37,7.04,7.19,7.34,-0.15,-2.0436,169572.17,121118.43684,002488,金固股份,汽车配件
002489.SZ,20260928,3.06,3.09,2.84,2.92,3.04,-0.12,-3.9474,453673.32,132004.18016,002489,浙江永强,家居用品
002490.SZ,20260928,7.15,7.15,6.89,6.96,7.15,-0.19,-2.6573,162263.0,113103.0343,002490,山东墨龙,化工机械
002491.SZ,20260928,23.6,23.8,21.42,21.42,23.8,-2.38,-10.0,1127301.54,2477163.03183,002491,通鼎互联,通信设备
002492.SZ,20260928,6.32,6.41,6.15,6.36,6.32,0.04,0.6329,83828.0,52921.63,002492,恒基达鑫,仓储物流
002493.SZ,20260928,13.04,13.85,12.98,13.69,13.11,0.58,4.4241,624863.86,850326.52863,002493,荣盛石化,化纤
002494.SZ,20260928,4.99,5.02,4.82,4.84,5.0,-0.16,-3.2,189691.76,92689.71067,002494,华斯股份,服饰
002495.SZ,20260928,2.41,2.44,2.38,2.42,2.4,0.02,0.8333,201411.73,48560.7152,002495,佳隆股份,食品
002496.SZ,20260928,2.11,2.14,2.07,2.09,2.13,-0.04,-1.8779,152469.0,31945.333,002496,辉丰股份,农药化肥
002497.SZ,20260928,15.82,15.82,15.34,15.44,15.94,-0.5,-3.1368,216910.11,335713.42215,002497,雅化集团,小金属
002498.SZ,20260928,6.25,6.26,6.02,6.1,6.3,-0.2,-3.1746,439171.52,267986.10019,002498,汉缆股份,电气设备
002500.SZ,20260928,5.14,5.15,5.03,5.09,5.14,-0.05,-0.9728,178539.5,90608.5165,002500,山西证券,证券
002501.SZ,20260928,1.29,1.3,1.26,1.27,1.3,-0.03,-2.3077,270331.0,34483.645,002501,*ST利源,铝
002506.SZ,20260928,2.35,2.39,2.27,2.31,2.36,-0.05,-2.1186,1601943.23,370960.29462,002506,协鑫集成,电气设备
002507.SZ,20260928,11.09,11.13,11.02,11.09,11.04,0.05,0.4529,49283.13,54552.32949,002507,涪陵榨菜,食品
002508.SZ,20260928,16.58,16.7,16.31,16.55,16.58,-0.03,-0.1809,67079.53,110748.00303,002508,老板电器,家用电器
002510.SZ,20260928,5.65,5.73,5.58,5.61,5.65,-0.04,-0.708,152623.41,86012.55565,002510,天汽模,汽车配件
002511.SZ,20260928,6.91,6.93,6.8,6.86,6.91,-0.05,-0.7236,74909.0,51334.323,002511,中顺洁柔,造纸
002512.SZ,20260928,3.82,3.83,3.68,3.7,3.88,-0.18,-4.6392,190986.02,71424.50658,002512,ST达华,IT设备
002513.SZ,20260928,5.31,5.4,5.2,5.32,5.31,0.01,0.1883,78839.01,41810.50627,002513,蓝丰生化,新型电力
002514.SZ,20260928,2.51,2.62,2.48,2.54,2.49,0.05,2.008,314319.11,79802.19316,002514,*ST宝馨,机械基件
002515.SZ,20260928,7.4,7.4,7.0,7.08,7.4,-0.32,-4.3243,583878.39,414188.88883,002515,金字火腿,食品
002516.SZ,20260928,5.72,5.79,5.53,5.59,5.76,-0.17,-2.9514,193793.93,108501.47795,002516,旷达科技,汽车配件
002517.SZ,20260928,16.1,16.15,15.51,15.68,16.17,-0.49,-3.0303,309177.25,486442.17637,002517,恺英网络,互联网
002518.SZ,20260928,37.05,37.07,33.51,33.9,37.12,-3.22,-8.6746,173966.12,606318.39784,002518,科士达,电气设备
002519.SZ,20260928,5.88,6.18,5.64,5.67,5.9,-0.23,-3.8983,535852.69,308993.90566,002519,银河电子,通信设备
002520.SZ,20260928,6.52,6.6,6.33,6.41,6.46,-0.05,-0.774,447401.58,288043.09983,002520,日发精机,机床制造
002521.SZ,20260928,6.28,6.29,6.1,6.13,6.28,-0.15,-2.3885,46473.0,28650.239,002521,齐峰新材,造纸
002522.SZ,20260928,5.57,5.57,5.21,5.25,5.59,-0.34,-6.0823,517448.55,274926.27482,002522,浙江众成,塑料
002523.SZ,20260928,3.4,3.43,3.36,3.4,3.38,0.02,0.5917,193905.71,65763.89104,002523,天桥起重,专用机械
002524.SZ,20260928,4.08,4.1,3.98,4.03,4.03,0.0,0.0,140148.87,56368.714,002524,光正眼科,医疗保健
002526.SZ,20260928,2.6,2.61,2.55,2.56,2.6,-0.04,-1.5385,140528.94,36128.6644,002526,山东矿机,工程机械
002527.SZ,20260928,10.81,10.88,10.41,10.47,10.75,-0.28,-2.6047,52678.83,55745.24777,002527,新时达,电器仪表
002528.SZ,20260928,5.77,6.05,5.75,5.92,5.73,0.19,3.3159,189571.47,112166.86522,002528,*ST英飞,IT设备
002529.SZ,20260928,6.63,6.72,6.52,6.61,6.59,0.02,0.3035,46530.25,30707.72625,002529,海源复材,专用机械
002530.SZ,20260928,7.09,7.09,6.88,6.94,7.03,-0.09,-1.2802,74315.99,51696.14251,002530,金财互联,专用机械
002531.SZ,20260928,7.37,7.8,7.12,7.78,7.44,0.34,4.5699,1538215.54,1157570.90778,002531,天顺风能,电气设备
002532.SZ,20260928,11.91,11.96,11.68,11.75,12.11,-0.36,-2.9727,424280.82,500533.17373,002532,天山铝业,铝
002533.SZ,20260928,10.81,10.88,10.58,10.71,10.91,-0.2,-1.8332,41430.83,44290.32419,002533,金杯电工,电气设备
002534.SZ,20260928,17.27,17.44,16.3,16.7,17.41,-0.71,-4.0781,134541.0,223980.44677,002534,西子洁能,专用机械
002535.SZ,20260928,2.43,2.47,2.37,2.42,2.42,0.0,0.0,144431.0,34902.322,002535,林州重机,工程机械
002536.SZ,20260928,50.47,50.6,46.3,46.5,50.67,-4.17,-8.2297,357072.36,1698668.05052,002536,飞龙股份,汽车配件
002537.SZ,20260928,5.63,5.64,5.51,5.57,5.62,-0.05,-0.8897,142624.32,79300.55428,002537,海联金汇,汽车配件
002538.SZ,20260928,7.15,7.15,6.79,6.83,6.61,0.22,3.3283,198705.71,138120.10074,002538,ST司特,农药化肥
002539.SZ,20260928,12.0,12.18,11.66,11.77,12.04,-0.27,-2.2425,100851.22,119479.69946,002539,云图控股,农药化肥
002540.SZ,20260928,4.98,4.99,4.88,4.91,4.98,-0.07,-1.4056,90001.95,44312.82192,002540,亚太科技,铝
002541.SZ,20260928,18.28,18.59,17.83,18.26,18.26,0.0,0.0,149543.45,271165.296,002541,鸿路钢构,钢加工
002542.SZ,20260928,1.63,1.63,1.52,1.53,1.63,-0.1,-6.135,230117.06,35823.74518,002542,*ST中岩,建筑工程
002543.SZ,20260928,7.12,7.56,7.1,7.37,7.11,0.26,3.6568,145594.08,106658.78622,002543,万和电气,家用电器
002544.SZ,20260928,15.69,15.72,15.17,15.26,15.69,-0.43,-2.7406,120885.48,185546.42561,002544,普天科技,通信设备
002545.SZ,20260928,14.71,14.81,13.69,13.82,14.79,-0.97,-6.5585,338879.22,477956.19228,002545,东方铁塔,农药化肥
002546.SZ,20260928,7.4,7.4,7.2,7.26,7.37,-0.11,-1.4925,81119.92,58942.71966,002546,新联电子,电气设备
002547.SZ,20260928,2.47,2.54,2.38,2.4,2.45,-0.05,-2.0408,395428.0,97629.648,002547,*ST春兴,汽车配件
002548.SZ,20260928,3.84,3.95,3.77,3.86,3.82,0.04,1.0471,231048.3,88548.13684,002548,金新农,饲料
002549.SZ,20260928,13.05,13.05,12.42,12.55,13.05,-0.5,-3.8314,121425.65,153103.54023,002549,凯美特气,环境保护
002550.SZ,20260928,6.37,6.43,6.31,6.35,6.36,-0.01,-0.1572,87366.23,55496.24993,002550,千红制药,生物制药
002551.SZ,20260928,3.35,3.38,3.31,3.36,3.35,0.01,0.2985,106789.74,35693.89096,002551,尚荣医疗,医疗保健
002552.SZ,20260928,49.63,49.76,45.62,46.42,49.88,-3.46,-6.9366,173264.5,816241.138,002552,宝鼎科技,元器件
002553.SZ,20260928,16.21,17.35,16.11,17.34,16.27,1.07,6.5765,370171.45,626232.31171,002553,南方精工,汽车配件
002554.SZ,20260928,2.75,2.76,2.69,2.71,2.76,-0.05,-1.8116,151419.34,41190.61182,002554,惠博普,石油开采
002555.SZ,20260928,17.37,17.42,17.02,17.05,17.38,-0.33,-1.8987,154526.05,264768.54294,002555,三七互娱,互联网
002556.SZ,20260928,5.06,5.1,5.01,5.06,5.08,-0.02,-0.3937,95442.81,48196.54601,002556,辉隆股份,农药化肥
002557.SZ,20260928,18.4,18.5,18.27,18.44,18.2,0.24,1.3187,67410.4,124044.28536,002557,洽洽食品,食品
002558.SZ,20260928,23.62,23.64,22.12,22.18,23.62,-1.44,-6.0965,606471.97,1373978.95411,002558,巨人网络,互联网
002559.SZ,20260928,8.92,8.97,8.55,8.68,8.97,-0.29,-3.233,200069.5,174004.21144,002559,亚威股份,机床制造
002560.SZ,20260928,6.73,6.77,6.41,6.5,6.8,-0.3,-4.4118,385470.92,250941.56154,002560,通达股份,电气设备
002561.SZ,20260928,7.33,7.4,7.23,7.28,7.33,-0.05,-0.6821,49933.18,36390.63286,002561,徐家汇,百货
002562.SZ,20260928,5.0,5.05,4.77,4.79,5.0,-0.21,-4.2,261894.32,126905.92518,002562,兄弟科技,化学制药
002563.SZ,20260928,5.44,5.5,5.38,5.41,5.44,-0.03,-0.5515,147494.71,80135.6414,002563,森马服饰,服饰
002564.SZ,20260928,5.2,5.4,5.07,5.1,5.28,-0.18,-3.4091,408793.05,209846.53391,002564,天沃科技,化工机械
002565.SZ,20260928,8.53,8.93,8.38,8.53,8.78,-0.25,-2.8474,1072221.78,922379.4175,002565,顺灏股份,造纸
002566.SZ,20260928,6.99,7.06,6.93,7.01,6.96,0.05,0.7184,46191.02,32326.24394,002566,益盛药业,中成药
002567.SZ,20260928,3.58,3.64,3.53,3.63,3.58,0.05,1.3966,204534.86,73344.40204,002567,唐人神,饲料
002568.SZ,20260928,19.45,19.89,19.2,19.41,19.25,0.16,0.8312,206421.01,402277.98581,002568,百润股份,红黄酒
002569.SZ,20260928,11.35,11.78,11.34,11.59,11.43,0.16,1.3998,19902.0,22983.59,002569,*ST步森,服饰
002570.SZ,20260928,4.4,4.42,4.33,4.37,4.38,-0.01,-0.2283,148710.21,64975.20728,002570,贝因美,乳制品
002571.SZ,20260928,11.07,11.07,10.67,10.82,10.97,-0.15,-1.3674,31979.0,34448.544,002571,德力股份,家居用品
002572.SZ,20260928,7.42,7.47,7.33,7.42,7.45,-0.03,-0.4027,60595.0,44789.82291,002572,索菲亚,家居用品
002573.SZ,20260928,3.12,3.13,3.06,3.08,3.11,-0.03,-0.9646,101772.42,31442.22904,002573,清新环境,环境保护
002574.SZ,20260928,4.97,4.99,4.88,4.94,4.97,-0.03,-0.6036,67959.18,33480.65126,002574,明牌珠宝,服饰
002575.SZ,20260928,5.12,5.13,4.95,4.99,5.06,-0.07,-1.3834,156819.01,78638.78198,002575,群兴玩具,文教休闲
002576.SZ,20260928,14.51,14.7,14.33,14.53,14.49,0.04,0.2761,26591.08,38557.39111,002576,通达动力,电气设备
002577.SZ,20260928,22.01,22.01,21.09,21.41,21.9,-0.49,-2.2374,56519.27,120627.82951,002577,雷柏科技,IT设备
002578.SZ,20260928,4.07,4.16,3.98,4.12,4.08,0.04,0.9804,228204.0,92828.449,002578,闽发铝业,铝
002579.SZ,20260928,18.39,18.98,17.3,17.3,19.22,-1.92,-9.9896,1107769.75,1980713.72351,002579,中京电子,元器件
002580.SZ,20260928,18.35,18.81,17.61,18.21,18.4,-0.19,-1.0326,345217.5,623993.83368,002580,圣阳股份,电气设备
002581.SZ,20260928,5.04,5.11,4.76,4.76,4.97,-0.21,-4.2254,60459.0,29568.24,002581,*ST未名,生物制药
002582.SZ,20260928,9.46,9.5,9.22,9.31,9.45,-0.14,-1.4815,92797.0,86547.387,002582,好想你,食品
002583.SZ,20260928,8.75,8.83,8.35,8.46,8.03,0.43,5.3549,915687.67,789627.9888,002583,海能达,通信设备
002584.SZ,20260928,8.91,8.95,8.54,8.57,8.79,-0.22,-2.5028,708437.76,614633.06594,002584,西陇科学,化工原料
002585.SZ,20260928,11.08,11.11,10.36,10.46,11.2,-0.74,-6.6071,898577.96,951587.67719,002585,双星新材,塑料
002586.SZ,20260928,3.76,3.77,3.58,3.65,3.74,-0.09,-2.4064,55781.0,20397.52,002586,围海股份,建筑工程
002587.SZ,20260928,5.23,5.3,5.13,5.19,5.25,-0.06,-1.1429,95867.7,49896.38633,002587,奥拓电子,元器件
002588.SZ,20260928,7.55,7.57,7.32,7.36,7.54,-0.18,-2.3873,116762.0,86272.3612,002588,史丹利,农药化肥
002589.SZ,20260928,3.32,3.35,3.21,3.25,3.32,-0.07,-2.1084,940982.14,306493.4185,002589,瑞康医药,医药商业
002590.SZ,20260928,9.59,9.65,9.43,9.47,9.6,-0.13,-1.3542,40241.84,38243.66223,002590,万安科技,汽车配件
002591.SZ,20260928,6.34,6.4,6.2,6.34,6.37,-0.03,-0.471,96292.08,60679.65814,002591,恒大高新,环境保护
002592.SZ,20260928,6.37,6.37,6.16,6.19,6.36,-0.17,-2.673,22836.0,14203.578,002592,ST八菱,汽车配件
002593.SZ,20260928,4.6,4.65,4.56,4.59,4.63,-0.04,-0.8639,118510.0,54460.108,002593,日上集团,钢加工
002594.SZ,20260928,83.61,84.28,83.18,83.35,84.34,-0.99,-1.1738,182364.97,1524934.51598,002594,比亚迪,汽车整车
002595.SZ,20260928,38.97,39.04,37.91,38.24,38.94,-0.7,-1.7976,37554.87,143784.22292,002595,豪迈科技,专用机械
002596.SZ,20260928,3.22,3.27,3.16,3.22,3.22,0.0,0.0,167031.03,53448.07157,002596,海南瑞泽,水泥
002597.SZ,20260928,21.62,21.69,20.92,21.06,21.56,-0.5,-2.3191,40761.3,86004.89,002597,金禾实业,食品
002598.SZ,20260928,6.89,6.9,6.78,6.79,6.9,-0.11,-1.5942,18308.0,12488.07,002598,ST章鼓,机械基件
002599.SZ,20260928,5.58,5.62,5.46,5.51,5.58,-0.07,-1.2545,46214.9,25488.07278,002599,盛通股份,广告包装
002600.SZ,20260928,12.16,12.25,11.8,12.01,12.23,-0.22,-1.7989,725840.79,871902.74794,002600,领益智造,元器件
002601.SZ,20260928,15.0,15.0,14.68,14.75,15.0,-0.25,-1.6667,96753.0,143241.8022,002601,龙佰集团,化工原料
002602.SZ,20260928,14.37,14.41,13.77,13.87,14.23,-0.36,-2.5299,664489.14,929953.59549,002602,世纪华通,互联网
002603.SZ,20260928,15.15,15.28,15.06,15.15,15.14,0.01,0.0661,92232.6,139889.977,002603,以岭药业,中成药
002605.SZ,20260928,16.43,16.5,16.21,16.27,16.43,-0.16,-0.9738,23224.34,37873.5305,002605,姚记科技,互联网
002606.SZ,20260928,12.16,12.16,11.75,11.84,12.16,-0.32,-2.6316,91894.09,108948.70569,002606,大连电瓷,电气设备
002607.SZ,20260928,1.87,1.88,1.81,1.83,1.88,-0.05,-2.6596,1137052.79,208382.40779,002607,中公教育,文教休闲
002608.SZ,20260928,7.22,7.27,7.2,7.25,7.24,0.01,0.1381,85937.7,62175.4751,002608,江苏国信,火力发电
002609.SZ,20260928,7.82,7.99,7.76,7.9,7.81,0.09,1.1524,70363.54,55518.51869,002609,捷顺科技,软件服务
002611.SZ,20260928,14.31,14.84,14.28,14.71,14.44,0.27,1.8698,322712.69,471828.27905,002611,东方精工,轻工机械
002612.SZ,20260928,17.76,17.94,16.81,16.99,17.14,-0.15,-0.8751,153429.57,266061.14982,002612,朗姿股份,服饰
002613.SZ,20260928,3.38,3.46,3.29,3.29,3.41,-0.12,-3.5191,360857.4,120370.4634,002613,北玻股份,专用机械
002614.SZ,20260928,9.13,9.13,7.66,8.5,8.33,0.17,2.0408,1891712.49,1574292.2191,002614,奥佳华,家用电器
002615.SZ,20260928,6.41,6.49,6.3,6.35,6.35,0.0,0.0,81959.6,52276.09115,002615,哈尔斯,家居用品
002616.SZ,20260928,4.81,4.82,4.74,4.77,4.81,-0.04,-0.8316,53262.68,25465.8084,002616,长青集团,环境保护
002617.SZ,20260928,6.66,6.78,6.55,6.75,6.68,0.07,1.0479,923303.78,617496.07759,002617,露笑科技,电气设备
002620.SZ,20260928,5.72,5.72,5.18,5.2,5.72,-0.52,-9.0909,94645.0,51223.152,002620,*ST瑞和,装修装饰
002622.SZ,20260928,2.67,2.67,2.46,2.55,2.72,-0.17,-6.25,1020699.69,257910.7881,002622,皓宸医疗,医疗保健
002623.SZ,20260928,19.43,19.79,18.52,18.78,19.05,-0.27,-1.4173,127659.76,245205.3786,002623,亚玛顿,玻璃
002624.SZ,20260928,9.58,9.63,9.32,9.37,9.69,-0.32,-3.3024,416720.23,392590.72466,002624,完美世界,互联网
002625.SZ,20260928,24.97,25.12,22.47,22.47,24.97,-2.5,-10.012,465333.24,1090506.21707,002625,光启技术,航空
002626.SZ,20260928,16.38,16.38,15.96,16.02,16.19,-0.17,-1.05,32102.94,51647.91592,002626,金达威,医疗保健
002627.SZ,20260928,6.63,6.69,6.44,6.5,6.6,-0.1,-1.5152,74295.97,48417.3155,002627,三峡旅游,旅游景点
002628.SZ,20260928,4.99,4.99,4.79,4.86,5.0,-0.14,-2.8,185538.36,90004.06537,002628,成都路桥,建筑工程
002629.SZ,20260928,4.29,4.36,4.23,4.31,4.29,0.02,0.4662,108906.36,46815.28772,002629,仁智股份,石油开采
002630.SZ,20260928,1.58,1.59,1.48,1.49,1.59,-0.1,-6.2893,225263.18,34037.91304,002630,*ST华西,专用机械
002631.SZ,20260928,13.89,14.02,12.95,12.99,13.93,-0.94,-6.748,611470.11,820617.88716,002631,德尔未来,家居用品
002632.SZ,20260928,9.55,9.62,9.08,9.12,9.59,-0.47,-4.9009,132775.07,122886.19224,002632,道明光学,塑料
002633.SZ,20260928,15.78,16.18,15.02,15.27,15.86,-0.59,-3.7201,77665.46,119585.96598,002633,申科股份,机械基件
002634.SZ,20260928,4.05,4.05,3.91,4.04,4.04,0.0,0.0,64075.0,25452.147,002634,*ST棒杰,服饰
002635.SZ,20260928,15.94,15.97,14.56,14.72,15.81,-1.09,-6.8944,442722.36,668819.87551,002635,安洁科技,元器件
002636.SZ,20260928,78.3,82.72,77.14,79.3,80.88,-1.58,-1.9535,455609.28,3639974.62701,002636,金安国纪,元器件
002637.SZ,20260928,10.61,10.65,10.15,10.18,10.47,-0.29,-2.7698,141459.18,145263.04355,002637,赞宇科技,日用化工
002638.SZ,20260928,5.02,5.09,4.81,4.87,4.93,-0.06,-1.217,788382.25,388699.44527,002638,勤上股份,家用电器
002639.SZ,20260928,14.02,15.25,14.01,14.25,14.28,-0.03,-0.2101,1078365.78,1566766.06491,002639,雪人集团,专用机械
002640.SZ,20260928,3.8,3.96,3.79,3.96,3.6,0.36,10.0,2675712.68,1049611.65861,002640,跨境通,互联网
002641.SZ,20260928,3.77,3.8,3.73,3.75,3.78,-0.03,-0.7937,54335.39,20388.29969,002641,公元股份,塑料
002642.SZ,20260928,6.85,7.07,6.76,6.88,6.81,0.07,1.0279,131972.82,91125.27463,002642,荣联科技,软件服务
002643.SZ,20260928,13.04,13.04,12.43,12.56,13.06,-0.5,-3.8285,139906.22,176623.35406,002643,万润股份,化工原料
002644.SZ,20260928,8.19,8.31,8.14,8.26,8.14,0.12,1.4742,49666.49,40825.41816,002644,佛慈制药,中成药
002645.SZ,20260928,18.1,18.2,17.0,17.06,18.2,-1.14,-6.2637,246561.95,432770.62496,002645,华宏科技,专用机械
002646.SZ,20260928,7.09,7.46,6.97,7.08,7.08,0.0,0.0,148827.31,106380.66637,002646,天佑德酒,白酒
002647.SZ,20260928,11.7,11.82,11.19,11.51,11.75,-0.24,-2.0426,279083.0,318986.58265,002647,仁东控股,多元金融
002648.SZ,20260928,26.52,26.95,26.31,26.79,26.64,0.15,0.5631,311588.42,833579.3465,002648,卫星化学,化工原料
002649.SZ,20260928,9.16,9.19,8.95,9.05,9.14,-0.09,-0.9847,66771.11,60395.07053,002649,博彦科技,软件服务
002650.SZ,20260928,6.31,6.59,6.23,6.32,6.54,-0.22,-3.3639,64827.08,41322.9968,002650,ST加加,食品
002651.SZ,20260928,8.11,8.2,7.87,7.94,8.13,-0.19,-2.337,92473.46,73741.82124,002651,利君股份,航空
002652.SZ,20260928,4.64,4.66,4.42,4.46,4.58,-0.12,-2.6201,124047.6,55642.8458,002652,扬子新材,其他建材
002653.SZ,20260928,61.4,61.91,60.31,60.71,61.31,-0.6,-0.9786,38515.0,234027.44,002653,海思科,化学制药
002654.SZ,20260928,13.15,13.19,12.35,12.5,13.21,-0.71,-5.3747,341660.74,431416.21868,002654,万润科技,互联网
002655.SZ,20260928,37.23,37.7,34.0,34.52,37.43,-2.91,-7.7745,226541.9,799805.2326,002655,共达电声,元器件
002656.SZ,20260928,2.8,2.8,2.74,2.76,2.76,0.0,0.0,107889.0,29793.064,002656,摩登大道,服饰
002657.SZ,20260928,14.89,14.89,14.31,14.49,14.89,-0.4,-2.6864,55618.74,80777.48834,002657,中科金财,软件服务
002658.SZ,20260928,7.32,7.69,7.21,7.27,7.32,-0.05,-0.6831,74355.94,54753.10798,002658,雪迪龙,环境保护
002659.SZ,20260928,4.68,4.74,4.6,4.66,4.69,-0.03,-0.6397,137688.0,64090.18,002659,凯文教育,文教休闲
002660.SZ,20260928,7.87,7.95,7.7,7.76,7.83,-0.07,-0.894,51457.75,40066.28444,002660,茂硕电源,电气设备
002661.SZ,20260928,7.6,7.6,7.49,7.56,7.55,0.01,0.1325,55625.0,41969.682,002661,克明食品,食品
002662.SZ,20260928,3.11,3.12,3.07,3.1,3.1,0.0,0.0,93345.0,28895.66135,002662,峰璟股份,汽车配件
002663.SZ,20260928,1.7,1.72,1.69,1.71,1.7,0.01,0.5882,269269.46,45889.66171,002663,普邦股份,建筑工程
002664.SZ,20260928,14.66,14.83,14.3,14.35,14.72,-0.37,-2.5136,41950.2,60652.0759,002664,信质集团,汽车配件
002666.SZ,20260928,4.24,4.25,4.15,4.17,4.24,-0.07,-1.6509,101162.81,42365.2852,002666,德联集团,化工原料
002667.SZ,20260928,20.95,22.5,19.97,22.0,21.02,0.98,4.6622,196392.67,419406.1737,002667,*ST威领,小金属
002668.SZ,20260928,8.95,9.05,8.7,8.76,8.93,-0.17,-1.9037,136219.59,120425.41674,002668,TCL智家,家用电器
002669.SZ,20260928,14.8,16.6,14.47,14.76,15.15,-0.39,-2.5743,533658.0,826300.92824,002669,康达新材,化工原料
002670.SZ,20260928,11.13,11.19,10.93,11.03,11.48,-0.45,-3.9199,196059.57,216486.92754,002670,国盛证券,证券
002671.SZ,20260928,4.03,4.06,3.98,4.02,4.03,-0.01,-0.2481,93878.7,37691.4816,002671,龙泉股份,水泥
002672.SZ,20260928,3.8,3.94,3.59,3.67,3.71,-0.04,-1.0782,360129.85,133072.46066,002672,东江环保,环境保护
002673.SZ,20260928,6.6,6.62,6.49,6.53,6.61,-0.08,-1.2103,201441.81,131504.44714,002673,西部证券,证券
002674.SZ,20260928,20.41,20.41,19.46,19.5,20.42,-0.92,-4.5054,91845.0,181324.06673,002674,兴业科技,纺织
002675.SZ,20260928,12.68,12.76,12.59,12.65,12.68,-0.03,-0.2366,36303.31,45931.77922,002675,东诚药业,化学制药
002676.SZ,20260928,5.23,5.29,5.12,5.24,5.26,-0.02,-0.3802,98403.98,51254.24715,002676,顺威股份,家用电器
002677.SZ,20260928,6.37,6.55,6.18,6.18,6.4,-0.22,-3.4375,108519.92,68165.337,002677,浙江美大,家用电器
002678.SZ,20260928,4.39,4.42,4.29,4.34,4.39,-0.05,-1.139,69517.09,30117.93591,002678,珠江钢琴,文教休闲
002679.SZ,20260928,11.1,12.73,10.83,11.86,11.58,0.28,2.418,381610.23,437748.69807,002679,福建金森,林业
002681.SZ,20260928,4.47,4.51,4.39,4.42,4.49,-0.07,-1.559,314445.78,139247.05199,002681,奋达科技,元器件
002682.SZ,20260928,4.93,5.0,4.89,4.92,5.05,-0.13,-2.5743,299966.32,148084.94992,002682,龙洲股份,仓储物流
002683.SZ,20260928,28.1,28.2,26.85,27.06,28.26,-1.2,-4.2463,69248.85,188750.1706,002683,广东宏大,化工原料
002685.SZ,20260928,5.45,5.48,5.2,5.24,5.48,-0.24,-4.3796,256845.45,135950.5165,002685,华东重机,机床制造
002686.SZ,20260928,6.22,6.26,6.1,6.23,6.21,0.02,0.3221,71325.07,44094.75926,002686,亿利达,专用机械
002687.SZ,20260928,5.86,5.94,5.5,5.7,5.77,-0.07,-1.2132,227340.64,128291.57589,002687,乔治白,服饰
002688.SZ,20260928,5.15,5.19,5.1,5.15,5.15,0.0,0.0,47042.79,24158.84127,002688,金河生物,农业综合
002689.SZ,20260928,2.95,2.95,2.84,2.86,2.93,-0.07,-2.3891,50545.0,14563.956,002689,ST远智,运输设备
002690.SZ,20260928,15.83,15.96,15.34,15.39,15.83,-0.44,-2.7795,49352.82,76641.221,002690,美亚光电,专用机械
002691.SZ,20260928,4.07,4.09,3.96,4.0,4.09,-0.09,-2.2005,22847.0,9160.808,002691,*ST冀凯,专用机械
002692.SZ,20260928,4.29,4.3,4.18,4.24,4.29,-0.05,-1.1655,97743.19,41285.8298,002692,远程股份,电气设备
002693.SZ,20260928,9.01,9.36,8.85,9.1,8.98,0.12,1.3363,154858.0,140672.916,002693,双成药业,生物制药
002694.SZ,20260928,2.53,2.62,2.5,2.52,2.52,0.0,0.0,26363.0,6715.535,002694,*ST顾地,塑料
002695.SZ,20260928,10.52,10.66,10.39,10.54,10.53,0.01,0.095,117244.22,123420.58636,002695,煌上煌,食品
002696.SZ,20260928,6.65,6.74,5.99,6.49,6.65,-0.16,-2.406,173226.5,112301.193,002696,百洋股份,饲料
002697.SZ,20260928,4.63,4.66,4.58,4.61,4.61,0.0,0.0,123794.28,57102.60708,002697,红旗连锁,超市连锁
002698.SZ,20260928,11.35,11.37,11.08,11.12,11.32,-0.2,-1.7668,57062.94,63691.78162,002698,博实股份,化工机械
002700.SZ,20260928,6.36,6.4,6.25,6.31,6.36,-0.05,-0.7862,56087.0,35324.208,002700,万憬能源,供气供热
002701.SZ,20260928,4.32,4.33,4.21,4.24,4.32,-0.08,-1.8519,228972.19,97374.15512,002701,奥瑞金,广告包装
002702.SZ,20260928,5.5,5.54,5.39,5.44,5.55,-0.11,-1.982,350867.9,190982.6156,002702,海欣食品,食品
002703.SZ,20260928,14.97,15.62,14.71,15.26,15.18,0.08,0.527,307147.05,467835.42675,002703,浙江世宝,汽车配件
002705.SZ,20260928,12.01,12.38,11.87,11.98,11.77,0.21,1.7842,214102.43,259602.96341,002705,新宝股份,家用电器
002706.SZ,20260928,8.65,8.65,8.38,8.4,8.61,-0.21,-2.439,136824.72,115556.22612,002706,良信股份,电气设备
002707.SZ,20260928,5.09,5.13,4.99,5.02,5.09,-0.07,-1.3752,147473.97,74240.69997,002707,众信旅游,旅游服务
002708.SZ,20260928,16.11,17.51,16.11,17.01,16.45,0.56,3.4043,537328.54,912132.46991,002708,光洋股份,汽车配件
002709.SZ,20260928,31.7,31.75,30.34,30.47,31.76,-1.29,-4.0617,350697.59,1078794.38122,002709,天赐材料,化工原料
002712.SZ,20260928,4.96,5.0,4.84,4.88,4.96,-0.08,-1.6129,112070.0,54774.737,002712,思美传媒,广告包装
002713.SZ,20260928,10.47,10.47,9.96,10.04,10.47,-0.43,-4.107,130643.48,132551.23216,002713,东易日盛,装修装饰
002714.SZ,20260928,40.38,41.95,40.24,41.71,40.48,1.23,3.0385,465671.39,1922902.76374,002714,牧原股份,农业综合
002715.SZ,20260928,13.13,13.2,12.81,13.02,13.11,-0.09,-0.6865,31229.17,40561.39981,002715,登云股份,汽车配件
002716.SZ,20260928,8.83,8.85,8.45,8.53,9.09,-0.56,-6.1606,1151012.97,992292.12907,002716,湖南白银,小金属
002717.SZ,20260928,0.78,0.81,0.77,0.77,0.85,-0.08,-9.4118,1033411.0,80083.685,002717,*ST岭南,环境保护
002718.SZ,20260928,85.06,85.07,78.33,80.19,85.96,-5.77,-6.7124,22725.5,183501.4465,002718,友邦吊顶,其他建材
002719.SZ,20260928,6.2,6.2,5.98,6.03,6.25,-0.22,-3.52,37778.0,22851.53,002719,ST麦趣,乳制品
002721.SZ,20260928,2.65,2.65,2.56,2.56,2.66,-0.1,-3.7594,386925.0,100108.53,002721,金一文化,服饰
002722.SZ,20260928,13.33,13.4,13.16,13.2,13.28,-0.08,-0.6024,21712.51,28746.5779,002722,物产金轮,钢加工
002723.SZ,20260928,7.51,7.51,7.19,7.36,7.38,-0.02,-0.271,91718.0,67165.4988,002723,小崧股份,家用电器
002724.SZ,20260928,7.15,7.64,6.96,7.0,7.22,-0.22,-3.0471,413464.6,297365.19548,002724,海洋王,元器件
002725.SZ,20260928,10.85,10.86,10.52,10.71,10.86,-0.15,-1.3812,40687.3,43556.1002,002725,跃岭股份,汽车配件
002726.SZ,20260928,2.33,2.49,2.28,2.43,2.39,0.04,1.6736,461308.99,110061.87027,002726,ST龙大,食品
002727.SZ,20260928,10.6,10.75,10.59,10.68,10.6,0.08,0.7547,41903.01,44681.21065,002727,一心堂,医药商业
002728.SZ,20260928,9.75,9.87,9.5,9.67,9.61,0.06,0.6243,172318.93,166817.76953,002728,特一药业,中成药
002729.SZ,20260928,14.0,14.1,13.37,13.46,13.97,-0.51,-3.6507,34635.67,47048.80212,002729,好利科技,元器件
002730.SZ,20260928,22.35,22.46,20.63,20.98,22.31,-1.33,-5.9615,94943.04,201057.57048,002730,电光科技,专用机械
002732.SZ,20260928,14.13,14.31,14.05,14.07,14.17,-0.1,-0.7057,22538.54,31917.45256,002732,燕塘乳业,乳制品
002733.SZ,20260928,17.63,17.66,16.7,16.91,17.72,-0.81,-4.5711,97857.25,166515.08752,002733,雄韬股份,电气设备
002734.SZ,20260928,19.87,20.1,18.46,18.54,19.86,-1.32,-6.6465,371971.1,705590.14078,002734,利民股份,农药化肥
002735.SZ,20260928,11.37,11.43,10.68,10.73,11.38,-0.65,-5.7118,194540.65,212062.7428,002735,王子新材,塑料
002736.SZ,20260928,9.84,9.87,9.62,9.68,9.84,-0.16,-1.626,195400.66,189709.00004,002736,国信证券,证券
002737.SZ,20260928,11.28,11.4,11.22,11.3,11.24,0.06,0.5338,29622.17,33423.40576,002737,葵花药业,中成药
002738.SZ,20260928,41.58,41.93,40.25,40.63,42.58,-1.95,-4.5796,184944.87,755241.94461,002738,中矿资源,小金属
002739.SZ,20260928,8.42,8.49,8.18,8.19,8.35,-0.16,-1.9162,340344.92,281189.24742,002739,儒意电影,影视音像
002741.SZ,20260928,28.55,28.55,25.74,25.74,28.6,-2.86,-10.0,451605.08,1190667.10633,002741,光华科技,化工原料
002742.SZ,20260928,4.15,4.19,4.05,4.1,4.14,-0.04,-0.9662,162901.0,66637.4,002742,冀衡医药,化学制药
002743.SZ,20260928,4.7,4.75,4.4,4.49,4.75,-0.26,-5.4737,121754.0,55141.279,002743,ST富煌,钢加工
002745.SZ,20260928,11.85,11.91,11.24,11.29,11.87,-0.58,-4.8863,430909.21,494207.42553,002745,木林森,元器件
002746.SZ,20260928,6.15,6.35,6.13,6.33,6.19,0.14,2.2617,125623.93,78462.35565,002746,仙坛股份,农业综合
002747.SZ,20260928,29.32,29.89,28.3,28.45,29.35,-0.9,-3.0664,298555.09,860285.53549,002747,埃斯顿,机械基件
002748.SZ,20260928,12.13,12.19,11.8,11.92,12.11,-0.19,-1.569,31686.0,37760.903,002748,世龙实业,化工原料
002749.SZ,20260928,8.41,8.48,8.37,8.44,8.44,0.0,0.0,14088.79,11857.7477,002749,国光股份,农药化肥
002752.SZ,20260928,6.12,6.17,5.99,6.02,6.15,-0.13,-2.1138,76740.67,46516.42433,002752,昇兴股份,广告包装
002753.SZ,20260928,6.78,6.82,6.67,6.71,6.82,-0.11,-1.6129,54768.16,36834.46972,002753,永东股份,化工原料
002755.SZ,20260928,12.58,12.79,12.42,12.5,12.6,-0.1,-0.7937,84253.24,105766.32742,002755,奥赛康,化学制药
002756.SZ,20260928,38.65,38.81,37.56,37.87,39.08,-1.21,-3.0962,80493.99,305811.69378,002756,永兴材料,小金属
002757.SZ,20260928,19.58,19.64,18.71,18.77,19.4,-0.63,-3.2474,233995.8,443109.0855,002757,南兴股份,专用机械
002758.SZ,20260928,8.62,8.76,8.41,8.48,8.62,-0.14,-1.6241,55030.6,46934.94415,002758,浙农股份,批发业
002759.SZ,20260928,13.87,13.87,13.33,13.44,13.89,-0.45,-3.2397,123621.81,166802.1044,002759,ST天际,电气设备
002760.SZ,20260928,17.74,17.76,17.25,17.5,17.65,-0.15,-0.8499,20584.17,35995.65731,002760,凤形股份,机械基件
002761.SZ,20260928,7.24,7.28,7.2,7.25,7.23,0.02,0.2766,78271.49,56674.26026,002761,浙江建投,建筑工程
002762.SZ,20260928,10.26,10.36,9.64,9.75,10.25,-0.5,-4.878,82266.0,80760.184,002762,金发拉比,服饰
002763.SZ,20260928,7.42,7.42,7.3,7.33,7.39,-0.06,-0.8119,36461.99,26778.02157,002763,汇洁股份,服饰
002765.SZ,20260928,6.9,6.9,6.73,6.78,6.88,-0.1,-1.4535,53469.88,36325.17077,002765,蓝黛科技,元器件
002766.SZ,20260928,4.05,4.08,3.97,3.99,4.02,-0.03,-0.7463,131095.0,52530.173,002766,索菱股份,汽车配件
002767.SZ,20260928,18.6,18.85,18.0,18.27,18.71,-0.44,-2.3517,26810.0,49403.511,002767,先锋电子,电器仪表
002768.SZ,20260928,78.01,78.07,70.21,70.21,78.01,-7.8,-9.9987,135696.35,978524.16506,002768,国恩股份,塑料
002769.SZ,20260928,6.78,6.8,6.6,6.61,6.73,-0.12,-1.7831,79379.98,53000.31658,002769,普路通,仓储物流
002771.SZ,20260928,13.56,13.59,13.25,13.3,13.55,-0.25,-1.845,53363.1,71335.77409,002771,真视通,软件服务
002772.SZ,20260928,10.67,10.74,10.25,10.26,10.64,-0.38,-3.5714,105829.36,109662.73398,002772,众兴菌业,种植业
002773.SZ,20260928,20.49,21.99,20.01,21.1,20.42,0.68,3.3301,177243.94,373087.09011,002773,康弘药业,化学制药
002774.SZ,20260928,17.52,17.68,16.51,16.64,17.46,-0.82,-4.6964,99084.0,167312.976,002774,快意电梯,运输设备
002775.SZ,20260928,3.33,3.34,3.25,3.32,3.33,-0.01,-0.3003,99840.55,32853.47485,002775,文科股份,建筑工程
002777.SZ,20260928,12.5,12.61,12.31,12.47,12.52,-0.05,-0.3994,39578.58,49263.24023,002777,久远银海,软件服务
002778.SZ,20260928,15.79,15.98,15.55,15.69,15.83,-0.14,-0.8844,17232.88,27117.85984,002778,中晟高科,环境保护
002779.SZ,20260928,82.85,83.71,75.8,76.46,82.86,-6.4,-7.7239,39414.66,306618.51533,002779,中坚科技,农用机械
002780.SZ,20260928,14.99,15.1,14.53,14.84,14.91,-0.07,-0.4695,57309.0,84980.25055,002780,三夫户外,服饰
002782.SZ,20260928,14.96,14.96,13.95,14.14,14.96,-0.82,-5.4813,96167.35,136900.55603,002782,可立克,元器件
002783.SZ,20260928,8.02,8.09,7.87,8.02,8.02,0.0,0.0,69466.7,55389.1503,002783,凯龙股份,化工原料
002785.SZ,20260928,39.81,39.98,36.9,36.9,41.0,-4.1,-10.0,79525.45,297300.9332,002785,万里石,其他建材
002786.SZ,20260928,7.7,7.76,7.53,7.59,7.7,-0.11,-1.4286,49143.86,37496.38322,002786,银宝山新,专用机械
002787.SZ,20260928,26.43,26.74,24.97,25.11,26.35,-1.24,-4.7059,123115.0,314315.875,002787,华源控股,广告包装
002788.SZ,20260928,10.71,10.85,10.55,10.69,10.89,-0.2,-1.8365,152961.44,163512.63877,002788,鹭燕医药,医药商业
002789.SZ,20260928,14.01,14.06,13.53,13.74,14.05,-0.31,-2.2064,15945.0,21872.176,002789,*ST建艺,装修装饰
002790.SZ,20260928,6.46,6.52,6.32,6.4,6.49,-0.09,-1.3867,170533.92,109142.35034,002790,瑞尔特,家居用品
002791.SZ,20260928,15.48,15.59,14.98,15.11,15.48,-0.37,-2.3902,33323.7,50662.74713,002791,坚朗五金,其他建材
002792.SZ,20260928,32.71,32.73,30.17,30.4,33.05,-2.65,-8.0182,210512.69,653092.6672,002792,通宇通讯,通信设备
002793.SZ,20260928,4.66,4.92,4.62,4.75,4.66,0.09,1.9313,290557.03,137790.69824,002793,罗欣药业,化学制药
002795.SZ,20260928,7.95,7.99,7.23,7.5,7.94,-0.44,-5.5416,231222.2,173169.9646,002795,永和智控,机械基件
002796.SZ,20260928,28.99,28.99,26.24,26.24,29.16,-2.92,-10.0137,113877.41,304859.714,002796,世嘉科技,通信设备
002797.SZ,20260928,6.22,6.22,6.08,6.1,6.21,-0.11,-1.7713,397249.72,243154.12309,002797,第一创业,证券
002798.SZ,20260928,6.63,6.66,6.45,6.57,6.6,-0.03,-0.4545,93219.55,60994.59291,002798,帝欧水华,家居用品
002799.SZ,20260928,6.92,6.95,6.8,6.86,6.82,0.04,0.5865,51018.43,34992.63495,002799,环球印务,广告包装
002800.SZ,20260928,14.64,14.79,14.4,14.59,14.64,-0.05,-0.3415,19043.84,27684.80312,002800,天顺股份,仓储物流
002801.SZ,20260928,27.1,27.32,26.06,26.42,27.1,-0.68,-2.5092,12157.98,32084.06514,002801,微光股份,电气设备
002802.SZ,20260928,12.42,12.42,12.18,12.26,12.42,-0.16,-1.2882,27008.69,33195.13188,002802,洪汇新材,化工原料
002803.SZ,20260928,19.69,20.84,19.18,20.21,19.42,0.79,4.068,209824.86,419454.35044,002803,吉宏股份,互联网
002805.SZ,20260928,16.01,16.13,15.23,15.43,16.16,-0.73,-4.5173,78372.03,121534.05481,002805,丰元股份,电气设备
002806.SZ,20260928,15.19,15.22,14.47,14.75,15.21,-0.46,-3.0243,76999.83,113407.39306,002806,华锋股份,汽车配件
002807.SZ,20260928,4.17,4.19,4.12,4.15,4.16,-0.01,-0.2404,361115.82,149880.46988,002807,江阴银行,银行
002809.SZ,20260928,8.44,8.49,8.3,8.38,8.49,-0.11,-1.2956,53472.04,44834.73331,002809,红墙股份,化工原料
002810.SZ,20260928,21.23,21.3,20.02,20.38,21.23,-0.85,-4.0038,42730.76,87494.21354,002810,山东赫达,化工原料
002811.SZ,20260928,16.42,16.44,15.25,15.87,16.36,-0.49,-2.9951,126627.03,201014.16,002811,郑中设计,装修装饰
002812.SZ,20260928,46.3,46.41,44.7,45.09,46.3,-1.21,-2.6134,107941.43,488166.82904,002812,恩捷股份,电气设备
002813.SZ,20260928,23.65,25.0,23.35,23.98,23.1,0.88,3.8095,59585.69,143729.3379,002813,路畅科技,汽车配件
002815.SZ,20260928,23.8,23.88,22.05,22.22,23.83,-1.61,-6.7562,597119.93,1350994.80089,002815,崇达技术,元器件
002816.SZ,20260928,21.37,21.85,20.8,21.2,21.29,-0.09,-0.4227,12143.0,25796.985,002816,*ST和科,专用机械
002817.SZ,20260928,6.76,6.82,6.66,6.75,6.73,0.02,0.2972,39139.21,26388.22891,002817,黄山胶囊,化学制药
002818.SZ,20260928,11.14,11.45,11.13,11.31,11.15,0.16,1.435,49324.44,55483.09512,002818,富森美,其他商业
002819.SZ,20260928,27.5,28.53,24.41,24.97,26.66,-1.69,-6.3391,292416.9,766756.0671,002819,东方中科,电器仪表
002820.SZ,20260928,9.74,9.9,9.61,9.69,9.75,-0.06,-0.6154,58846.42,57151.35282,002820,桂发祥,食品
002821.SZ,20260928,180.63,181.66,176.8,180.53,178.3,2.23,1.2507,67191.66,1203669.36415,002821,凯莱英,生物制药
002822.SZ,20260928,2.91,2.96,2.9,2.91,2.91,0.0,0.0,51659.42,15091.05464,002822,ST中装,装修装饰
002823.SZ,20260928,12.88,13.02,12.54,12.66,12.92,-0.26,-2.0124,42412.33,53891.31732,002823,凯中精密,机械基件
002824.SZ,20260928,27.2,27.33,25.12,25.2,27.22,-2.02,-7.421,140902.61,363266.8251,002824,和胜股份,铝
002825.SZ,20260928,9.55,9.55,9.21,9.25,9.43,-0.18,-1.9088,32609.05,30378.21262,002825,纳尔股份,化工原料
002826.SZ,20260928,17.77,17.96,17.4,17.54,17.68,-0.14,-0.7919,50370.42,88931.17624,002826,易明医药,化学制药
002827.SZ,20260928,76.0,76.5,68.93,68.93,76.59,-7.66,-10.0013,102552.71,728044.72347,002827,高争民爆,化工原料
002828.SZ,20260928,10.77,10.82,10.56,10.73,10.85,-0.12,-1.106,49075.6,52436.27577,002828,贝肯能源,石油开采
002829.SZ,20260928,20.07,20.07,19.21,19.44,19.96,-0.52,-2.6052,37506.6,73213.03042,002829,星网宇达,航空
002830.SZ,20260928,14.97,15.2,14.61,14.71,14.98,-0.27,-1.8024,24825.4,36660.742,002830,名雕股份,装修装饰
002831.SZ,20260928,28.96,28.97,27.5,27.63,29.0,-1.37,-4.7241,99298.34,276219.44788,002831,裕同科技,广告包装
002832.SZ,20260928,25.35,25.65,24.75,24.97,25.15,-0.18,-0.7157,57179.82,143147.69276,002832,比音勒芬,服饰
002833.SZ,20260928,18.28,18.75,18.22,18.47,18.32,0.15,0.8188,37671.13,69632.15233,002833,弘亚数控,专用机械
002835.SZ,20260928,13.17,13.3,12.86,13.03,13.08,-0.05,-0.3823,19273.99,25045.50203,002835,同为股份,IT设备
002836.SZ,20260928,12.5,12.73,11.26,11.57,12.27,-0.7,-5.705,217744.4,256089.63523,002836,新宏泽,广告包装
002837.SZ,20260928,56.98,57.27,54.1,54.36,57.22,-2.86,-4.9983,299746.88,1654487.61259,002837,英维克,专用机械
002838.SZ,20260928,25.45,25.62,24.4,24.48,25.65,-1.17,-4.5614,55062.64,136097.93634,002838,道恩股份,塑料
002839.SZ,20260928,4.25,4.27,4.18,4.22,4.25,-0.03,-0.7059,263801.73,111196.0596,002839,张家港行,银行
002840.SZ,20260928,7.73,8.06,7.52,8.0,7.75,0.25,3.2258,276244.84,215845.38057,002840,华统股份,食品
002841.SZ,20260928,44.94,46.8,44.01,44.1,44.94,-0.84,-1.8692,80101.34,360828.7894,002841,视源股份,元器件
002842.SZ,20260928,32.6,32.7,30.67,30.81,32.86,-2.05,-6.2386,162142.59,506165.0099,002842,翔鹭钨业,小金属
002843.SZ,20260928,15.71,15.73,14.67,14.84,15.71,-0.87,-5.5379,93692.61,139918.89096,002843,泰嘉股份,钢加工
002845.SZ,20260928,14.08,14.23,13.66,13.74,14.02,-0.28,-1.9971,58940.65,81679.277,002845,同兴达,元器件
002846.SZ,20260928,11.18,11.19,10.64,10.8,11.28,-0.48,-4.2553,161821.65,175468.51837,002846,英联股份,广告包装
002847.SZ,20260928,42.8,43.43,42.8,43.41,43.15,0.26,0.6025,16067.29,69445.51173,002847,盐津铺子,食品
002848.SZ,20260928,15.26,15.39,14.26,14.82,15.44,-0.62,-4.0155,145126.0,213897.009,002848,高斯贝尔,家用电器
002849.SZ,20260928,25.24,25.47,22.28,22.28,24.75,-2.47,-9.9798,316855.3,733052.579,002849,威星智能,电器仪表
002850.SZ,20260928,168.99,169.09,162.8,163.0,169.27,-6.27,-3.7041,34763.56,571878.71357,002850,科达利,电气设备
002851.SZ,20260928,123.0,126.2,113.83,115.4,122.61,-7.21,-5.8804,376013.19,4468307.30924,002851,麦格米特,电气设备
002852.SZ,20260928,8.18,8.9,7.86,8.9,8.09,0.81,10.0124,280643.23,237995.17194,002852,道道全,食品
002853.SZ,20260928,21.38,21.66,20.45,20.57,21.26,-0.69,-3.2455,9827.01,20423.05782,002853,皮阿诺,家居用品
002855.SZ,20260928,13.23,13.23,12.52,12.68,12.91,-0.23,-1.7816,96075.08,122373.09364,002855,捷荣技术,元器件
002856.SZ,20260928,17.77,18.45,17.5,18.02,17.79,0.23,1.2929,79857.0,143574.003,002856,*ST美芝,装修装饰
002857.SZ,20260928,17.7,17.88,17.26,17.64,17.69,-0.05,-0.2826,19148.5,33674.8875,002857,三晖电气,电器仪表
002858.SZ,20260928,11.67,11.88,11.49,11.55,11.66,-0.11,-0.9434,44597.0,51849.942,002858,力盛体育,文教休闲
002859.SZ,20260928,65.15,65.41,59.15,59.98,65.63,-5.65,-8.6089,132021.67,808963.16376,002859,洁美科技,元器件
002861.SZ,20260928,14.66,14.7,13.98,14.06,14.73,-0.67,-4.5485,48145.0,68430.487,002861,瀛通通讯,元器件
002862.SZ,20260928,15.69,15.85,14.8,14.95,15.35,-0.4,-2.6059,71764.5,108553.82485,002862,实丰文化,文教休闲
002863.SZ,20260928,4.76,4.78,4.68,4.75,4.76,-0.01,-0.2101,72854.14,34517.9836,002863,今飞凯达,汽车配件
002864.SZ,20260928,20.97,21.2,20.71,20.94,20.95,-0.01,-0.0477,14430.7,30129.8116,002864,盘龙药业,中成药
002865.SZ,20260928,37.6,37.88,36.05,36.14,37.6,-1.46,-3.883,55704.66,204036.88802,002865,钧达股份,电气设备
002866.SZ,20260928,14.39,14.39,13.73,13.96,14.3,-0.34,-2.3776,54707.71,76231.23314,002866,传艺科技,IT设备
002867.SZ,20260928,10.05,10.09,10.01,10.04,10.07,-0.03,-0.2979,51187.82,51390.96328,002867,周大生,服饰
002868.SZ,20260928,22.4,22.54,21.92,22.19,22.42,-0.23,-1.0259,16042.15,35630.4163,002868,绿康生化,农业综合
002869.SZ,20260928,16.95,17.28,16.67,16.7,16.81,-0.11,-0.6544,45559.46,76707.83575,002869,金溢科技,通信设备
002870.SZ,20260928,48.28,48.4,45.91,46.26,48.2,-1.94,-4.0249,26700.9,124748.3678,002870,香山股份,汽车配件
002871.SZ,20260928,18.2,18.2,17.21,17.6,18.2,-0.6,-3.2967,30875.27,54238.99576,002871,伟隆股份,机械基件
002872.SZ,20260928,5.94,6.05,5.83,6.04,5.94,0.1,1.6835,34225.0,20329.701,002872,ST天圣,医药商业
002873.SZ,20260928,8.45,8.53,8.32,8.44,8.38,0.06,0.716,49769.87,41878.46954,002873,新天药业,中成药
002875.SZ,20260928,13.01,13.08,12.59,12.72,12.97,-0.25,-1.9275,40945.43,52223.82053,002875,安奈儿,服饰
002876.SZ,20260928,32.88,32.88,31.46,31.54,32.54,-1.0,-3.0731,43895.94,139754.46827,002876,三利谱,元器件
002877.SZ,20260928,7.45,7.47,7.33,7.41,7.45,-0.04,-0.5369,38063.08,28170.97482,002877,智能自控,机械基件
002878.SZ,20260928,12.58,12.66,12.32,12.42,12.58,-0.16,-1.2719,34739.0,43219.9568,002878,元隆雅图,广告包装
002879.SZ,20260928,17.8,18.28,16.78,17.41,17.92,-0.51,-2.846,159994.0,279541.25706,002879,长缆科技,电气设备
002880.SZ,20260928,21.4,22.12,21.4,21.97,21.51,0.46,2.1385,27239.07,59492.74732,002880,卫光生物,生物制药
002881.SZ,20260928,45.87,45.87,42.32,42.6,45.53,-2.93,-6.4353,73635.66,320017.7577,002881,美格智能,元器件
002882.SZ,20260928,22.05,23.06,20.8,22.28,21.71,0.57,2.6255,123070.75,267581.22301,002882,金龙羽,电气设备
002883.SZ,20260928,9.25,9.25,9.1,9.16,9.26,-0.1,-1.0799,3848.0,3519.784,002883,*ST中设,建筑工程
002884.SZ,20260928,15.45,15.45,15.15,15.25,15.4,-0.15,-0.974,14988.61,22887.71773,002884,凌霄泵业,机械基件
002885.SZ,20260928,28.06,28.27,25.78,26.28,28.04,-1.76,-6.2767,128760.19,342632.99647,002885,京泉华,元器件
002886.SZ,20260928,25.52,25.77,24.01,24.18,25.51,-1.33,-5.2136,259352.22,636004.56903,002886,沃特股份,塑料
002887.SZ,20260928,9.28,10.04,9.28,9.47,9.14,0.33,3.6105,134874.9,129189.0809,002887,绿茵生态,环境保护
002888.SZ,20260928,19.03,19.11,18.2,18.44,19.03,-0.59,-3.1004,24518.6,45269.68,002888,惠威科技,元器件
002889.SZ,20260928,12.23,12.25,11.87,11.96,12.06,-0.1,-0.8292,17155.92,20587.45272,002889,东方嘉盛,仓储物流
002890.SZ,20260928,15.54,15.66,15.02,15.19,15.31,-0.12,-0.7838,13763.8,20920.34388,002890,弘宇股份,农用机械
002891.SZ,20260928,27.96,28.7,27.65,27.81,27.83,-0.02,-0.0719,49880.64,139849.64532,002891,中宠股份,饲料
002892.SZ,20260928,8.63,8.69,8.49,8.56,8.63,-0.07,-0.8111,43557.79,37286.55176,002892,科力尔,电气设备
002893.SZ,20260928,10.22,10.32,10.15,10.18,10.15,0.03,0.2956,83528.04,85412.17204,002893,京能热力,供气供热
002895.SZ,20260928,30.16,30.49,29.82,30.03,30.17,-0.14,-0.464,31066.86,93499.81477,002895,川恒股份,化工原料
002896.SZ,20260928,60.6,63.59,60.07,63.31,61.22,2.09,3.4139,100817.31,624725.16625,002896,中大力德,机械基件
002897.SZ,20260928,65.58,65.64,59.14,59.14,65.71,-6.57,-9.9985,118157.8,718923.65912,002897,意华股份,元器件
002899.SZ,20260928,21.25,21.46,20.45,20.61,21.14,-0.53,-2.5071,42572.94,88553.38936,002899,英派斯,文教休闲
002900.SZ,20260928,12.83,13.34,12.46,13.06,12.61,0.45,3.5686,260084.05,335467.65735,002900,哈三联,化学制药
002901.SZ,20260928,41.34,41.88,40.82,41.3,41.34,-0.04,-0.0968,12206.39,50438.24138,002901,大博医疗,医疗保健
002902.SZ,20260928,27.59,27.64,25.23,25.56,27.86,-2.3,-8.2556,212409.96,551581.77141,002902,铭普光磁,通信设备
002903.SZ,20260928,29.94,30.95,28.69,29.31,29.99,-0.68,-2.2674,82941.25,244213.31417,002903,宇环数控,机床制造
002905.SZ,20260928,8.77,8.95,8.61,8.76,8.78,-0.02,-0.2278,53756.0,46801.411,002905,金逸影视,影视音像
002906.SZ,20260928,27.34,27.5,26.51,26.67,27.5,-0.83,-3.0182,48625.39,130707.93033,002906,华阳集团,汽车配件
002907.SZ,20260928,14.73,14.73,14.35,14.49,14.43,0.06,0.4158,103014.36,149424.8962,002907,华森制药,中成药
002908.SZ,20260928,7.0,7.04,6.89,6.98,7.0,-0.02,-0.2857,32009.8,22289.4274,002908,德生科技,软件服务
002909.SZ,20260928,7.9,8.04,7.46,7.46,8.29,-0.83,-10.0121,163537.0,126196.1654,002909,集泰股份,化工原料
002910.SZ,20260928,10.04,10.14,9.81,9.86,9.98,-0.12,-1.2024,49634.0,49228.531,002910,庄园牧场,乳制品
002911.SZ,20260928,11.14,11.34,11.11,11.28,11.17,0.11,0.9848,55838.85,62798.8297,002911,佛燃能源,供气供热
002912.SZ,20260928,25.97,26.47,25.97,26.47,24.06,2.41,10.0166,79657.13,209587.11961,002912,中新赛克,IT设备
002913.SZ,20260928,87.28,88.36,81.51,82.8,86.8,-4.0,-4.6083,122648.12,1032650.80985,002913,奥士康,元器件
002915.SZ,20260928,16.75,17.0,16.11,16.2,16.82,-0.62,-3.6861,50743.56,82980.99522,002915,中欣氟材,化工原料
002916.SZ,20260928,390.21,393.5,368.83,370.98,394.5,-23.52,-5.962,76664.33,2888353.91864,002916,深南电路,元器件
002917.SZ,20260928,10.13,10.2,9.94,10.04,10.14,-0.1,-0.9862,22414.7,22515.7025,002917,金奥博,化工原料
002918.SZ,20260928,10.66,11.22,10.49,10.57,10.56,0.01,0.0947,181333.5,194586.54478,002918,蒙娜丽莎,陶瓷
002919.SZ,20260928,16.55,16.66,15.49,15.72,16.48,-0.76,-4.6117,35592.63,56630.90048,002919,名臣健康,互联网
002920.SZ,20260928,82.5,82.98,79.76,80.0,82.88,-2.88,-3.4749,59749.26,483640.69056,002920,德赛西威,汽车配件
002921.SZ,20260928,20.68,20.78,19.5,19.79,20.89,-1.1,-5.2657,39160.87,78199.56298,002921,联诚精密,汽车配件
002922.SZ,20260928,22.72,22.73,21.14,21.35,22.75,-1.4,-6.1538,151115.94,326680.20623,002922,伊戈尔,电气设备
002923.SZ,20260928,10.88,10.95,10.67,10.75,10.85,-0.1,-0.9217,61374.14,66126.48348,002923,润都股份,化学制药
002925.SZ,20260928,22.87,23.08,21.76,22.12,23.02,-0.9,-3.9096,129105.91,288033.34961,002925,盈趣科技,元器件
002926.SZ,20260928,8.2,8.25,8.03,8.08,8.23,-0.15,-1.8226,120950.0,97873.839,002926,华西证券,证券
002927.SZ,20260928,19.82,19.82,18.99,19.11,19.58,-0.47,-2.4004,96104.51,184506.10589,002927,泰永长征,电气设备
002928.SZ,20260928,6.19,6.19,5.99,6.08,6.2,-0.12,-1.9355,286195.15,173429.86374,002928,华夏航空,空运
002929.SZ,20260928,51.35,51.37,47.3,47.7,51.4,-3.7,-7.1984,76643.44,371770.2726,002929,润建股份,通信设备
002930.SZ,20260928,9.18,9.27,8.97,9.01,9.17,-0.16,-1.7448,53701.08,48595.10076,002930,宏川智慧,仓储物流
002931.SZ,20260928,40.48,40.68,38.5,38.86,40.48,-1.62,-4.002,57353.28,224772.87564,002931,锋龙股份,机械基件
002932.SZ,20260928,15.31,15.31,15.05,15.1,15.26,-0.16,-1.0485,5178.64,7829.36804,002932,*ST明德,医疗保健
002933.SZ,20260928,27.76,28.0,27.09,27.15,27.73,-0.58,-2.0916,12070.49,33171.97092,002933,新兴装备,航空
002935.SZ,20260928,17.86,18.86,17.51,18.26,18.08,0.18,0.9956,234451.03,422794.63921,002935,天奥电子,航空
002936.SZ,20260928,1.71,1.72,1.69,1.7,1.71,-0.01,-0.5848,797351.69,135896.58987,002936,郑州银行,银行
002937.SZ,20260928,30.1,30.2,27.23,27.23,30.25,-3.02,-9.9835,151829.86,423849.46508,002937,兴瑞科技,元器件
002938.SZ,20260928,82.5,82.71,78.1,79.66,82.94,-3.28,-3.9547,220309.25,1759961.73949,002938,鹏鼎控股,元器件
002939.SZ,20260928,7.73,7.76,7.63,7.67,7.76,-0.09,-1.1598,134048.75,102878.31575,002939,长城证券,证券
002940.SZ,20260928,22.8,23.13,22.34,22.46,22.84,-0.38,-1.6637,37435.86,84485.90711,002940,昂利康,化学制药
002941.SZ,20260928,10.42,10.53,10.27,10.34,10.4,-0.06,-0.5769,68082.03,70618.18896,002941,新疆交建,建筑工程
002942.SZ,20260928,16.99,17.03,16.45,16.48,16.77,-0.29,-1.7293,32486.41,53980.88127,002942,新农股份,农药化肥
002943.SZ,20260928,30.95,31.03,28.72,28.98,31.05,-2.07,-6.6667,88872.7,261634.63237,002943,宇晶股份,机床制造
002945.SZ,20260928,14.35,14.42,13.94,14.07,14.48,-0.41,-2.8315,91441.05,128852.25223,002945,华林证券,证券
002946.SZ,20260928,14.35,14.65,14.3,14.54,14.33,0.21,1.4655,54213.6,78691.3834,002946,新乳业,乳制品
002947.SZ,20260928,63.09,63.37,57.5,58.25,63.41,-5.16,-8.1375,63542.74,376960.14071,002947,恒铭达,元器件
002948.SZ,20260928,6.05,6.19,6.03,6.06,6.04,0.02,0.3311,468849.56,286428.45616,002948,青岛银行,银行
002949.SZ,20260928,13.07,13.55,12.88,13.2,13.08,0.12,0.9174,68874.0,91235.905,002949,华阳国际,建筑工程
002950.SZ,20260928,8.6,8.66,8.45,8.49,8.55,-0.06,-0.7018,51264.92,43851.36844,002950,奥美医疗,医疗保健
002951.SZ,20260928,16.81,17.18,15.81,15.81,16.98,-1.17,-6.8905,99974.0,162616.503,002951,金时科技,广告包装
002952.SZ,20260928,19.22,19.46,18.94,19.12,19.33,-0.21,-1.0864,34476.62,65967.48958,002952,亚世光电,元器件
002953.SZ,20260928,10.21,10.28,9.84,9.94,10.29,-0.35,-3.4014,76286.72,76031.31226,002953,日丰股份,电气设备
002955.SZ,20260928,37.3,37.31,35.75,36.29,37.46,-1.17,-3.1233,47361.71,171632.03568,002955,鸿合科技,IT设备
002956.SZ,20260928,17.28,18.18,17.13,17.85,17.33,0.52,3.0006,70789.8,126446.28333,002956,西麦食品,食品
002957.SZ,20260928,40.99,41.33,37.26,37.26,41.4,-4.14,-10.0,206029.39,789633.90966,002957,科瑞技术,专用机械
002958.SZ,20260928,2.88,2.9,2.86,2.88,2.89,-0.01,-0.346,497330.29,143248.16681,002958,青农商行,银行
002959.SZ,20260928,32.04,34.58,32.04,33.78,31.58,2.2,6.9664,49214.18,165495.60885,002959,小熊电器,家用电器
002960.SZ,20260928,8.81,8.86,8.41,8.44,8.78,-0.34,-3.8724,82242.86,70576.89678,002960,青鸟智控,专用机械
002961.SZ,20260928,13.57,13.61,13.08,13.11,13.56,-0.45,-3.3186,124627.15,165632.47311,002961,瑞达期货,多元金融
002962.SZ,20260928,13.68,14.76,13.53,14.76,13.42,1.34,9.9851,312910.98,457594.98144,002962,五方光电,元器件
002963.SZ,20260928,23.51,23.53,21.56,22.1,23.51,-1.41,-5.9974,65333.0,145072.685,002963,豪尔赛,装修装饰
002965.SZ,20260928,31.79,31.88,30.03,30.44,31.79,-1.35,-4.2466,116249.54,357472.29989,002965,祥鑫科技,汽车配件
002966.SZ,20260928,9.18,9.31,9.17,9.29,9.2,0.09,0.9783,311184.2,288215.88409,002966,苏州银行,银行
002967.SZ,20260928,18.2,18.44,17.86,18.01,18.11,-0.1,-0.5522,94734.0,171337.43954,002967,广电计量,电器仪表
002968.SZ,20260928,9.84,9.92,9.61,9.73,9.75,-0.02,-0.2051,47184.85,46064.9146,002968,新大正,房产服务
002969.SZ,20260928,11.02,11.06,10.61,10.69,11.1,-0.41,-3.6937,190110.18,204347.14577,002969,嘉美包装,广告包装
002970.SZ,20260928,42.32,42.39,39.75,39.9,42.35,-2.45,-5.7851,40415.67,163790.23461,002970,锐明技术,IT设备
002971.SZ,20260928,41.51,42.34,38.87,39.43,43.19,-3.76,-8.7057,198999.79,795269.58241,002971,和远气体,化工原料
002972.SZ,20260928,13.19,13.31,12.8,13.14,13.29,-0.15,-1.1287,42282.6,54941.9988,002972,科安达,运输设备
002973.SZ,20260928,12.35,12.47,11.9,12.2,12.35,-0.15,-1.2146,54761.0,66460.75968,002973,侨银股份,环境保护
002975.SZ,20260928,111.25,111.41,99.88,100.0,110.9,-10.9,-9.8287,139831.76,1449167.61222,002975,博杰股份,专用机械
002976.SZ,20260928,24.25,24.31,22.65,22.71,24.28,-1.57,-6.4662,80062.03,186144.77241,002976,瑞玛精密,汽车配件
002977.SZ,20260928,19.68,19.86,18.7,18.79,19.66,-0.87,-4.4252,13386.0,25445.293,002977,*ST天箭,通信设备
002978.SZ,20260928,24.7,24.79,24.1,24.28,24.8,-0.52,-2.0968,16936.04,41250.91531,002978,安宁股份,小金属
002979.SZ,20260928,53.89,54.0,51.44,52.0,53.99,-1.99,-3.6859,57502.32,300894.6338,002979,雷赛智能,专用机械
002980.SZ,20260928,108.01,108.1,99.66,100.28,108.11,-7.83,-7.2426,81935.2,837589.51036,002980,华盛昌,电器仪表
002981.SZ,20260928,24.35,24.45,22.86,23.2,24.24,-1.04,-4.2904,43035.87,101841.29538,002981,朝阳科技,元器件
002982.SZ,20260928,12.46,12.84,12.33,12.72,12.42,0.3,2.4155,46232.84,58211.47684,002982,湘佳股份,农业综合
002983.SZ,20260928,21.9,22.6,21.65,21.73,22.17,-0.44,-1.9847,19515.73,42908.64049,002983,芯瑞达,元器件
002984.SZ,20260928,12.99,13.0,12.66,12.72,12.93,-0.21,-1.6241,58043.0,74027.852,002984,森麒麟,汽车配件
002985.SZ,20260928,27.36,27.8,26.85,26.91,27.43,-0.52,-1.8957,27418.6,74590.5492,002985,北摩高科,航空
002986.SZ,20260928,12.87,12.88,12.5,12.66,12.8,-0.14,-1.0938,28936.35,36634.07126,002986,宇新股份,化工原料
002987.SZ,20260928,10.54,10.62,10.39,10.5,10.55,-0.05,-0.4739,77015.85,80744.61472,002987,京北方,软件服务
002988.SZ,20260928,31.0,31.28,30.32,30.64,31.0,-0.36,-1.1613,36800.18,112924.82966,002988,豪美新材,铝
002989.SZ,20260928,25.61,25.78,23.81,24.4,25.83,-1.43,-5.5362,101449.62,247694.62684,002989,中天精装,装修装饰
002990.SZ,20260928,56.4,56.77,50.9,51.01,56.45,-5.44,-9.6368,171005.21,895897.00693,002990,盛视科技,软件服务
002991.SZ,20260928,37.11,37.45,36.92,37.24,37.11,0.13,0.3503,4559.59,16932.93186,002991,甘源食品,食品
002992.SZ,20260928,33.53,33.7,32.11,32.51,33.53,-1.02,-3.0421,17035.0,55559.859,002992,宝明科技,元器件
002993.SZ,20260928,34.58,34.58,32.2,32.49,34.28,-1.79,-5.2217,53362.96,175684.19826,002993,奥海科技,元器件
002995.SZ,20260928,17.3,17.3,16.45,16.53,17.02,-0.49,-2.879,47283.32,78611.02332,002995,天地在线,互联网
002996.SZ,20260928,5.88,5.92,5.81,5.84,5.88,-0.04,-0.6803,49833.13,29144.47368,002996,顺博合金,铝
002997.SZ,20260928,26.13,26.13,25.36,25.46,26.14,-0.68,-2.6014,17350.8,44486.08808,002997,瑞鹄模具,汽车配件
002998.SZ,20260928,8.27,8.36,7.99,8.0,8.26,-0.26,-3.1477,121834.0,98697.02,002998,优彩资源,化纤
002999.SZ,20260928,6.35,6.39,6.25,6.31,6.35,-0.04,-0.6299,99080.15,62506.61835,002999,天禾股份,批发业
003000.SZ,20260928,9.4,9.57,9.38,9.53,9.38,0.15,1.5991,46702.64,44362.97196,003000,劲仔食品,食品
003001.SZ,20260928,23.2,23.2,19.62,19.83,21.1,-1.27,-6.019,191515.84,389507.05843,003001,中岩大地,建筑工程
003002.SZ,20260928,15.38,15.67,14.92,15.54,15.4,0.14,0.9091,65155.24,99817.28768,003002,壶化股份,化工原料
003003.SZ,20260928,11.01,11.17,10.84,11.01,10.98,0.03,0.2732,40878.0,44954.12769,003003,天元股份,广告包装
003004.SZ,20260928,57.9,59.2,56.5,57.0,58.06,-1.06,-1.8257,16088.0,92897.425,003004,声迅股份,IT设备
003005.SZ,20260928,14.87,15.16,14.51,14.82,14.85,-0.03,-0.202,105540.39,155973.42085,003005,竞业达,软件服务
003006.SZ,20260928,22.99,23.09,22.07,22.49,22.64,-0.15,-0.6625,494775.0,1116580.37538,003006,百亚股份,造纸
003007.SZ,20260928,40.52,40.62,38.66,39.68,40.76,-1.08,-2.6497,19537.42,77392.07806,003007,直真科技,软件服务
003008.SZ,20260928,19.88,20.05,19.5,19.65,19.75,-0.1,-0.5063,12128.49,23961.38066,003008,开普检测,电气设备
003009.SZ,20260928,46.58,46.78,44.78,45.23,46.58,-1.35,-2.8982,24679.64,112008.44381,003009,中天火箭,航空
003010.SZ,20260928,28.5,29.15,27.88,27.99,28.45,-0.46,-1.6169,46144.8,131392.10079,003010,若羽臣,互联网
003011.SZ,20260928,20.0,20.09,19.45,19.9,19.98,-0.08,-0.4004,44107.15,87184.75584,003011,海象新材,家居用品
003012.SZ,20260928,4.62,4.64,4.53,4.55,4.61,-0.06,-1.3015,67102.0,30663.214,003012,东鹏控股,陶瓷
003013.SZ,20260928,16.2,16.23,15.39,15.5,16.3,-0.8,-4.908,56125.64,87949.6294,003013,地铁设计,建筑工程
003015.SZ,20260928,12.49,12.49,12.0,12.13,12.39,-0.26,-2.0985,46043.46,56065.63582,003015,日久光电,元器件
003016.SZ,20260928,7.64,7.65,7.47,7.53,7.7,-0.17,-2.2078,68013.56,51319.32336,003016,欣贺股份,服饰
003017.SZ,20260928,22.89,23.11,22.46,22.61,22.9,-0.29,-1.2664,16776.48,38151.85984,003017,大洋生物,化工原料
003018.SZ,20260928,48.55,49.07,44.9,44.96,48.5,-3.54,-7.299,102257.19,471693.53578,003018,金富科技,塑料
003019.SZ,20260928,27.4,27.4,25.9,26.1,27.41,-1.31,-4.7793,36642.8,96303.19144,003019,宸展光电,元器件
003020.SZ,20260928,17.02,17.26,16.79,16.94,16.99,-0.05,-0.2943,23866.19,40426.67986,003020,立方制药,化学制药
003021.SZ,20260928,70.1,70.98,68.51,68.91,69.87,-0.96,-1.374,24880.99,172808.2634,003021,兆威机电,元器件
003022.SZ,20260928,19.18,19.18,18.12,18.3,19.18,-0.88,-4.5881,83964.75,154828.95225,003022,联泓新科,化工原料
003023.SZ,20260928,25.78,26.09,25.05,25.7,25.73,-0.03,-0.1166,21280.0,54488.178,003023,彩虹集团,家用电器
003025.SZ,20260928,12.3,12.3,11.92,11.98,12.2,-0.22,-1.8033,20193.12,24318.72232,003025,思进智能,机床制造
003026.SZ,20260928,35.46,35.77,32.91,33.83,35.55,-1.72,-4.8383,247997.9,845662.93304,003026,中晶科技,半导体
003027.SZ,20260928,16.61,16.64,16.24,16.35,16.54,-0.19,-1.1487,12983.0,21305.941,003027,同兴科技,环境保护
003028.SZ,20260928,23.66,23.89,23.37,23.47,23.61,-0.14,-0.593,10793.4,25425.2806,003028,振邦智能,元器件
003029.SZ,20260928,17.63,17.99,17.13,17.71,17.59,0.12,0.6822,62977.74,110542.71249,003029,吉大正元,软件服务
003030.SZ,20260928,26.87,27.3,26.14,26.22,26.87,-0.65,-2.4191,24203.0,63939.506,003030,祖名股份,食品
003031.SZ,20260928,129.28,129.28,116.42,116.99,129.35,-12.36,-9.5555,103034.4,1239722.91641,003031,中瓷电子,元器件
003032.SZ,20260928,8.93,9.0,8.66,8.75,9.0,-0.25,-2.7778,374156.37,327739.70471,003032,传智教育,文教休闲
003033.SZ,20260928,91.2,92.8,86.82,87.4,91.74,-4.34,-4.7308,21665.42,191380.27076,003033,征和工业,汽车配件
003035.SZ,20260928,5.3,5.32,5.18,5.22,5.31,-0.09,-1.6949,228289.25,119352.29525,003035,南网能源,新型电力
003036.SZ,20260928,55.55,55.75,50.9,50.9,56.56,-5.66,-10.0071,86440.5,449862.43265,003036,泰坦股份,纺织机械
003037.SZ,20260928,5.8,5.82,5.73,5.75,5.8,-0.05,-0.8621,21962.76,12657.04652,003037,三和管桩,水泥
003038.SZ,20260928,10.66,10.91,10.56,10.63,10.71,-0.08,-0.747,32139.58,34259.18888,003038,鑫铂股份,铝
003039.SZ,20260928,12.59,12.7,12.32,12.5,12.62,-0.12,-0.9509,47027.97,58603.60594,003039,顺控发展,水务
003040.SZ,20260928,14.36,14.38,13.95,14.05,14.5,-0.45,-3.1034,398454.16,561849.51864,003040,楚天龙,通信设备
003041.SZ,20260928,41.66,41.66,38.61,38.68,41.31,-2.63,-6.3665,21435.8,84675.70275,003041,真爱美家,纺织
003042.SZ,20260928,14.29,15.0,13.92,14.17,14.29,-0.12,-0.8397,93601.72,132990.22255,003042,中农联合,农药化肥
003043.SZ,20260928,63.1,63.5,59.1,59.92,63.1,-3.18,-5.0396,38338.69,232025.82884,003043,华亚智能,半导体
003816.SZ,20260928,4.2,4.3,4.19,4.26,4.19,0.07,1.6706,1178579.62,501189.99376,003816,中国广核,新型电力
300001.SZ,20260928,35.11,35.39,34.03,34.73,35.34,-0.61,-1.7261,112081.6,387431.29683,300001,特锐德,电气设备
300002.SZ,20260928,7.98,8.03,7.82,7.83,7.98,-0.15,-1.8797,209465.54,165352.81363,300002,神州泰岳,互联网
300003.SZ,20260928,11.46,11.54,11.32,11.4,11.41,-0.01,-0.0876,111048.97,126561.93799,300003,乐普医疗,医疗保健
300004.SZ,20260928,7.8,7.82,7.51,7.61,7.86,-0.25,-3.1807,117550.81,89576.12935,300004,南风股份,电气设备
300005.SZ,20260928,10.78,10.78,10.29,10.53,10.86,-0.33,-3.0387,350451.99,366708.07122,300005,探路者,服饰
300006.SZ,20260928,5.5,5.52,5.28,5.34,5.45,-0.11,-2.0183,244702.28,130797.80911,300006,莱美药业,化学制药
300007.SZ,20260928,31.28,31.52,30.09,30.25,31.36,-1.11,-3.5395,69980.5,213909.71844,300007,汉威科技,电器仪表
300008.SZ,20260928,6.31,6.32,6.16,6.2,6.33,-0.13,-2.0537,403969.07,251185.91772,300008,天海防务,船舶
300009.SZ,20260928,8.29,8.43,8.29,8.42,8.28,0.14,1.6908,256105.31,214231.56632,300009,安科生物,生物制药
300010.SZ,20260928,5.3,5.37,4.92,4.98,5.34,-0.36,-6.7416,794489.02,406870.9243,300010,ST豆神,软件服务
300011.SZ,20260928,5.84,5.88,5.73,5.77,5.84,-0.07,-1.1986,27412.16,15870.32087,300011,鼎汉技术,运输设备
300012.SZ,20260928,14.43,14.48,13.74,13.78,14.38,-0.6,-4.1725,265332.52,371112.95089,300012,华测检测,电器仪表
300013.SZ,20260928,4.32,4.35,4.18,4.22,4.33,-0.11,-2.5404,153203.3,65014.017,300013,新宁物流,仓储物流
300014.SZ,20260928,48.7,48.8,47.31,47.58,48.91,-1.33,-2.7193,241734.47,1156289.34869,300014,亿纬锂能,电气设备
300015.SZ,20260928,7.91,7.98,7.84,7.86,7.91,-0.05,-0.6321,364036.18,286765.9732,300015,爱尔眼科,医疗保健
300016.SZ,20260928,9.89,10.06,9.45,9.49,9.84,-0.35,-3.5569,407005.56,393546.75348,300016,北陆药业,化学制药
300017.SZ,20260928,15.1,15.15,14.56,14.76,15.14,-0.38,-2.5099,709893.26,1051113.58834,300017,网宿科技,软件服务
300018.SZ,20260928,11.85,11.9,11.46,11.46,11.82,-0.36,-3.0457,79421.56,92391.35927,300018,中元股份,电气设备
300019.SZ,20260928,14.22,14.22,13.6,13.65,14.18,-0.53,-3.7377,31048.72,42741.38936,300019,硅宝科技,化工原料
300020.SZ,20260928,3.8,3.9,3.61,3.65,3.79,-0.14,-3.6939,179574.08,67256.40264,300020,ST银江,软件服务
300021.SZ,20260928,3.81,3.84,3.71,3.73,3.82,-0.09,-2.356,94670.46,35500.68504,300021,大禹节水,建筑工程
300022.SZ,20260928,7.92,7.92,7.66,7.75,7.87,-0.12,-1.5248,82899.58,64135.44976,300022,吉峰科技,农用机械
300024.SZ,20260928,13.23,13.31,12.91,12.91,13.22,-0.31,-2.3449,178160.94,233075.10579,300024,机器人,专用机械
300025.SZ,20260928,5.8,5.85,5.63,5.75,5.85,-0.1,-1.7094,101998.25,58392.00137,300025,华星创业,通信设备
300026.SZ,20260928,3.18,3.21,3.14,3.2,3.18,0.02,0.6289,341639.36,108192.99322,300026,红日药业,中成药
300027.SZ,20260928,1.69,1.71,1.63,1.64,1.68,-0.04,-2.381,463220.96,76954.15644,300027,ST华谊,影视音像
300030.SZ,20260928,6.84,6.9,6.75,6.86,6.81,0.05,0.7342,51157.0,34864.78099,300030,阳普医疗,医疗保健
300031.SZ,20260928,21.15,21.2,19.95,20.0,21.1,-1.1,-5.2133,89166.78,180744.4703,300031,宝通科技,互联网
300032.SZ,20260928,3.82,3.83,3.69,3.73,3.78,-0.05,-1.3228,123607.6,46257.42238,300032,金龙机电,元器件
300033.SZ,20260928,204.1,204.8,197.97,198.05,204.1,-6.05,-2.9642,70018.03,1399423.59211,300033,同花顺,软件服务
300034.SZ,20260928,15.61,15.75,15.3,15.43,15.72,-0.29,-1.8448,79742.6,123349.22733,300034,钢研高纳,航空
300035.SZ,20260928,12.21,12.25,11.77,11.84,12.21,-0.37,-3.0303,86379.67,102917.90261,300035,中科电气,电气设备
300036.SZ,20260928,10.14,10.14,9.86,10.0,10.06,-0.06,-0.5964,71794.87,71550.9403,300036,超图软件,软件服务
300037.SZ,20260928,70.33,71.77,66.63,66.67,70.58,-3.91,-5.5398,151983.72,1032032.8015,300037,新宙邦,化工原料
300039.SZ,20260928,5.2,5.25,5.08,5.18,5.21,-0.03,-0.5758,162907.94,83838.39966,300039,上海凯宝,中成药
300040.SZ,20260928,5.63,5.7,5.55,5.68,5.63,0.05,0.8881,181739.82,102664.38148,300040,九洲集团,新型电力
300041.SZ,20260928,11.1,11.18,10.62,10.67,11.12,-0.45,-4.0468,141615.83,152971.45628,300041,回天新材,化工原料
300042.SZ,20260928,39.28,39.38,36.45,36.83,39.44,-2.61,-6.6176,88650.43,331416.05766,300042,朗科科技,IT设备
300043.SZ,20260928,4.38,4.48,4.26,4.27,4.35,-0.08,-1.8391,184344.0,79691.316,300043,星辉娱乐,互联网
300044.SZ,20260928,6.16,6.18,5.97,6.02,6.14,-0.12,-1.9544,112108.0,67544.938,300044,*ST赛为,软件服务
300045.SZ,20260928,11.56,11.7,11.08,11.14,11.66,-0.52,-4.4597,175074.76,197356.41273,300045,华力创通,IT设备
300046.SZ,20260928,24.85,24.85,24.02,24.14,24.81,-0.67,-2.7005,39112.39,95106.51462,300046,台基股份,半导体
300047.SZ,20260928,9.02,9.1,8.85,8.95,9.08,-0.13,-1.4317,90934.26,81353.2407,300047,天源迪科,软件服务
300048.SZ,20260928,4.79,4.79,4.67,4.69,4.76,-0.07,-1.4706,59952.0,28218.166,300048,合康新能,建筑工程
300049.SZ,20260928,47.08,47.5,45.56,46.12,47.02,-0.9,-1.9141,53101.74,245469.52955,300049,福瑞医科,医疗保健
300050.SZ,20260928,7.35,7.46,6.97,7.04,7.43,-0.39,-5.249,264577.12,187758.99072,300050,世纪鼎利,通信设备
300051.SZ,20260928,8.25,8.28,7.82,7.85,8.28,-0.43,-5.1932,170720.0,135930.139,300051,琏升科技,综合类
300052.SZ,20260928,10.13,10.19,9.81,9.99,10.13,-0.14,-1.382,69263.51,68943.50741,300052,中青宝,互联网
300053.SZ,20260928,12.18,12.18,11.57,11.69,12.13,-0.44,-3.6274,137742.13,161932.41666,300053,航宇微,半导体
300054.SZ,20260928,70.38,71.1,67.1,67.5,70.11,-2.61,-3.7227,192009.26,1315933.38676,300054,鼎龙股份,化工原料
300055.SZ,20260928,5.7,5.72,5.56,5.63,5.73,-0.1,-1.7452,113208.81,63671.52572,300055,万邦达,石油加工
300056.SZ,20260928,7.85,7.87,7.24,7.46,7.9,-0.44,-5.5696,164085.59,123113.81877,300056,中创环保,环境保护
300057.SZ,20260928,6.27,6.29,6.04,6.09,6.31,-0.22,-3.4865,186497.48,114203.47723,300057,万顺新材,铝
300058.SZ,20260928,13.1,13.28,12.68,12.68,13.15,-0.47,-3.5741,1603286.7,2073021.11323,300058,蓝色光标,广告包装
300059.SZ,20260928,18.2,18.3,17.84,17.87,18.28,-0.41,-2.2429,1546472.12,2780037.34735,300059,东方财富,证券
300061.SZ,20260928,6.66,6.95,6.61,6.76,6.74,0.02,0.2967,323758.32,220556.51196,300061,旗天科技,互联网
300062.SZ,20260928,6.15,6.15,5.97,5.99,6.24,-0.25,-4.0064,125352.01,75839.25338,300062,中能电气,电气设备
300063.SZ,20260928,8.5,8.5,8.17,8.22,8.5,-0.28,-3.2941,174067.86,144122.51338,300063,天龙集团,互联网
300065.SZ,20260928,15.12,15.25,14.69,14.85,15.2,-0.35,-2.3026,227253.28,338788.37873,300065,海兰信,船舶
300066.SZ,20260928,4.65,4.67,4.51,4.54,4.68,-0.14,-2.9915,96813.17,44092.19749,300066,三川智慧,电器仪表
300067.SZ,20260928,5.28,5.28,5.05,5.15,5.26,-0.11,-2.0913,252764.9,129818.39146,300067,安诺其,染料涂料
300068.SZ,20260928,4.1,4.14,3.96,4.02,4.12,-0.1,-2.4272,296341.0,119276.682,300068,ST南都,电气设备
300069.SZ,20260928,24.69,24.69,23.53,23.63,24.69,-1.06,-4.2932,38682.0,91985.432,300069,金利华电,电气设备
300070.SZ,20260928,3.37,3.38,3.3,3.33,3.37,-0.04,-1.1869,236021.78,78699.99474,300070,碧水源,环境保护
300071.SZ,20260928,4.07,4.08,3.95,3.97,4.07,-0.1,-2.457,288595.0,115214.244,300071,福石控股,广告包装
300072.SZ,20260928,3.42,3.43,3.35,3.4,3.41,-0.01,-0.2933,143698.14,48720.95529,300072,海新能科,化工原料
300073.SZ,20260928,37.11,37.31,35.96,36.31,37.4,-1.09,-2.9144,80910.86,294380.52303,300073,当升科技,电气设备
300074.SZ,20260928,3.82,3.85,3.74,3.8,3.83,-0.03,-0.7833,133332.56,50554.19859,300074,华平股份,软件服务
300075.SZ,20260928,10.24,10.42,10.02,10.17,10.14,0.03,0.2959,93039.41,94760.6174,300075,数字政通,软件服务
300076.SZ,20260928,4.21,4.3,4.06,4.08,4.22,-0.14,-3.3175,46342.0,19260.992,300076,*ST宁视,IT设备
300077.SZ,20260928,22.31,22.39,21.0,21.35,22.3,-0.95,-4.2601,258225.83,554906.51602,300077,国民技术,半导体
300078.SZ,20260928,2.71,2.74,2.64,2.7,2.7,0.0,0.0,215353.0,57760.587,300078,思创智联,软件服务
300079.SZ,20260928,4.79,4.81,4.64,4.69,4.79,-0.1,-2.0877,160993.66,75781.1841,300079,数码视讯,IT设备
300080.SZ,20260928,3.62,3.67,3.55,3.61,3.63,-0.02,-0.551,121952.56,43854.17715,300080,易成新能,电气设备
300081.SZ,20260928,3.42,3.49,3.3,3.32,3.47,-0.15,-4.3228,68320.0,23107.676,300081,ST恒信,文教休闲
300083.SZ,20260928,12.04,12.1,11.42,11.56,12.14,-0.58,-4.7776,435771.2,506543.78663,300083,创世纪,机床制造
300084.SZ,20260928,10.25,10.27,9.82,9.91,10.2,-0.29,-2.8431,61655.0,61244.52719,300084,海默科技,专用机械
300085.SZ,20260928,30.4,30.4,29.22,29.45,30.51,-1.06,-3.4743,204676.07,606053.93377,300085,银之杰,软件服务
300086.SZ,20260928,5.43,5.45,5.3,5.34,5.37,-0.03,-0.5587,191315.22,102508.88243,300086,康芝药业,化学制药
300087.SZ,20260928,5.61,5.65,5.48,5.5,5.61,-0.11,-1.9608,69079.25,38140.40665,300087,ST荃银,种植业
300088.SZ,20260928,7.26,7.43,6.89,6.95,7.15,-0.2,-2.7972,1380506.55,985015.07804,300088,长信科技,元器件
300091.SZ,20260928,2.42,2.42,2.36,2.36,2.42,-0.06,-2.4793,39334.4,9351.0498,300091,*ST金灵,机械基件
300092.SZ,20260928,11.21,11.26,10.98,11.03,11.15,-0.12,-1.0762,21136.79,23382.16774,300092,科新机电,专用机械
300093.SZ,20260928,21.31,21.31,19.71,19.76,21.13,-1.37,-6.4837,44993.87,90748.495,300093,金刚光伏,电气设备
300094.SZ,20260928,2.93,2.94,2.84,2.87,2.9,-0.03,-1.0345,395395.6,113709.5642,300094,国联水产,渔业
300095.SZ,20260928,9.08,9.08,8.74,8.78,8.92,-0.14,-1.5695,88202.85,78145.26797,300095,华伍股份,专用机械
300096.SZ,20260928,9.0,9.52,8.3,9.23,9.02,0.21,2.3282,206742.8,185944.62982,300096,易联众,软件服务
300097.SZ,20260928,10.3,10.34,9.76,10.02,10.19,-0.17,-1.6683,158940.07,159484.22511,300097,智云股份,专用机械
300098.SZ,20260928,4.23,4.24,4.12,4.16,4.24,-0.08,-1.8868,215343.0,89714.883,300098,高新兴,软件服务
300099.SZ,20260928,6.35,6.37,6.22,6.23,6.37,-0.14,-2.1978,90728.23,57078.55196,300099,尤洛卡,电器仪表
300100.SZ,20260928,21.25,22.68,21.16,21.96,21.14,0.82,3.8789,195897.05,430972.20031,300100,双林股份,汽车配件
300101.SZ,20260928,14.28,14.51,13.7,13.82,14.51,-0.69,-4.7553,136552.49,191316.75469,300101,振芯科技,通信设备
300102.SZ,20260928,16.49,16.71,15.77,15.92,16.57,-0.65,-3.9228,173761.56,279222.69122,300102,乾照光电,半导体
300103.SZ,20260928,8.19,8.29,7.79,7.91,8.22,-0.31,-3.7713,71715.0,57010.403,300103,达刚控股,专用机械
300105.SZ,20260928,7.2,7.22,6.95,7.03,7.21,-0.18,-2.4965,86184.92,60798.86826,300105,龙源技术,环境保护
300106.SZ,20260928,10.3,10.88,10.3,10.47,10.5,-0.03,-0.2857,83920.1,88147.75264,300106,西部牧业,乳制品
300107.SZ,20260928,6.61,6.65,6.46,6.55,6.6,-0.05,-0.7576,53967.44,35268.90324,300107,建新股份,化工原料
300109.SZ,20260928,13.01,13.17,12.48,12.53,13.07,-0.54,-4.1316,106431.74,134737.384,300109,新开源,化工原料
300110.SZ,20260928,3.45,3.49,3.22,3.28,3.45,-0.17,-4.9275,1433346.18,472935.37462,300110,华仁药业,化学制药
300111.SZ,20260928,2.98,3.02,2.91,2.95,2.98,-0.03,-1.0067,295205.58,86871.8983,300111,向日葵,化学制药
300112.SZ,20260928,11.72,11.77,10.2,10.26,11.51,-1.25,-10.8601,357297.52,375975.00516,300112,万讯自控,电器仪表
300113.SZ,20260928,16.29,16.32,15.68,15.73,16.32,-0.59,-3.6152,131996.85,209637.55484,300113,顺网科技,互联网
300115.SZ,20260928,23.41,23.45,22.22,22.5,23.41,-0.91,-3.8872,241017.03,547331.94761,300115,长盈精密,元器件
300118.SZ,20260928,8.95,9.14,8.63,8.72,8.98,-0.26,-2.8953,195781.97,172341.23209,300118,东方日升,电气设备
300119.SZ,20260928,16.66,16.81,16.38,16.55,16.66,-0.11,-0.6603,34435.0,57088.481,300119,瑞普生物,农业综合
300120.SZ,20260928,7.23,7.39,7.02,7.21,7.2,0.01,0.1389,302485.19,217587.95024,300120,经纬辉开,元器件
300121.SZ,20260928,9.75,9.87,9.35,9.45,9.81,-0.36,-3.6697,119855.94,113988.45363,300121,阳谷华泰,化工原料
300122.SZ,20260928,13.19,13.2,12.87,12.93,13.01,-0.08,-0.6149,217787.99,283071.33265,300122,智飞生物,生物制药
300123.SZ,20260928,4.34,4.35,4.16,4.17,4.36,-0.19,-4.3578,208914.89,88222.90251,300123,ST亚光,半导体
300124.SZ,20260928,51.89,53.08,51.89,52.29,51.88,0.41,0.7903,300672.29,1579733.07498,300124,汇川技术,电器仪表
300125.SZ,20260928,8.82,8.85,8.51,8.59,8.79,-0.2,-2.2753,35915.0,31028.884,300125,聆达股份,电气设备
300126.SZ,20260928,6.58,6.67,6.49,6.58,6.6,-0.02,-0.303,42922.85,28230.9086,300126,锐奇股份,轻工机械
300127.SZ,20260928,23.42,23.8,22.79,22.99,23.84,-0.85,-3.5654,31013.13,71565.55077,300127,银河磁体,矿物制品
300128.SZ,20260928,4.87,4.89,4.6,4.67,4.88,-0.21,-4.3033,194111.47,90899.29376,300128,锦富技术,元器件
300129.SZ,20260928,7.5,7.55,7.2,7.32,7.49,-0.17,-2.2697,244736.03,179412.14378,300129,泰胜风能,电气设备
300130.SZ,20260928,17.92,17.98,17.39,17.65,17.9,-0.25,-1.3966,62310.4,109746.6121,300130,新国都,IT设备
300131.SZ,20260928,14.38,14.42,13.27,13.4,14.51,-1.11,-7.6499,456459.51,621486.398,300131,英唐智控,元器件
300132.SZ,20260928,6.22,6.29,6.05,6.1,6.24,-0.14,-2.2436,79248.09,48560.6443,300132,诺斯贝尔,化工原料
300133.SZ,20260928,7.52,7.61,7.22,7.36,7.47,-0.11,-1.4726,516598.57,379529.34073,300133,华策影视,影视音像
300134.SZ,20260928,8.39,8.42,7.96,8.12,8.42,-0.3,-3.5629,88375.75,71754.41404,300134,大富科技,通信设备
300135.SZ,20260928,3.46,3.47,3.39,3.42,3.46,-0.04,-1.1561,117480.82,40186.81126,300135,宝利国际,石油加工
300136.SZ,20260928,56.22,56.9,52.39,52.8,57.3,-4.5,-7.8534,446584.32,2402914.27902,300136,信维通信,元器件
300137.SZ,20260928,10.05,10.08,9.65,9.82,10.22,-0.4,-3.9139,174759.6,171485.3056,300137,先河环保,环境保护
300138.SZ,20260928,11.3,11.3,11.12,11.18,11.2,-0.02,-0.1786,23159.0,25855.01632,300138,晨光生物,食品
300139.SZ,20260928,44.0,44.25,41.6,41.84,44.92,-3.08,-6.8566,214207.78,907136.85064,300139,晓程科技,黄金
300140.SZ,20260928,5.25,5.29,5.16,5.21,5.26,-0.05,-0.9506,79549.0,41328.375,300140,节能环境,环境保护
300141.SZ,20260928,9.95,9.97,9.64,9.76,9.93,-0.17,-1.712,41714.57,40684.06286,300141,和顺电气,电气设备
300142.SZ,20260928,13.85,14.01,13.47,13.6,13.58,0.02,0.1473,824017.33,1127825.22826,300142,沃森生物,生物制药
300143.SZ,20260928,7.81,7.83,7.65,7.76,7.81,-0.05,-0.6402,72420.08,55941.51842,300143,盈康生命,医疗保健
300144.SZ,20260928,5.69,5.71,5.58,5.59,5.69,-0.1,-1.7575,224877.9,126249.9671,300144,宋城演艺,旅游景点
300145.SZ,20260928,5.01,5.02,4.68,4.7,4.99,-0.29,-5.8116,698608.68,333408.42829,300145,南方泵业,机械基件
300146.SZ,20260928,9.29,9.35,9.22,9.26,9.31,-0.05,-0.5371,63470.31,58769.20868,300146,汤臣倍健,食品
300147.SZ,20260928,5.47,5.47,5.03,5.2,5.62,-0.42,-7.4733,196309.48,103285.40669,300147,*ST香雪,中成药
300148.SZ,20260928,3.54,3.59,3.45,3.48,3.56,-0.08,-2.2472,187434.0,65298.099,300148,天舟文化,出版业
300149.SZ,20260928,9.77,10.03,9.5,9.7,9.65,0.05,0.5181,256040.52,249316.77478,300149,睿智医药,生物制药
300150.SZ,20260928,4.18,4.19,4.05,4.11,4.17,-0.06,-1.4388,67489.0,27807.437,300150,世纪瑞尔,软件服务
300151.SZ,20260928,20.7,21.6,19.66,19.87,20.63,-0.76,-3.684,206608.48,425286.32349,300151,昌红科技,专用机械
300152.SZ,20260928,1.61,1.61,1.56,1.57,1.61,-0.04,-2.4845,87759.03,13819.68271,300152,*ST动力,环境保护
300153.SZ,20260928,26.68,26.76,24.66,24.77,26.69,-1.92,-7.1937,125180.54,316137.0273,300153,科泰电源,电气设备
300154.SZ,20260928,13.91,14.07,13.0,13.25,13.91,-0.66,-4.7448,113927.0,152218.348,300154,瑞凌股份,机械基件
300155.SZ,20260928,4.62,4.66,4.33,4.43,4.62,-0.19,-4.1126,393596.45,174447.34073,300155,安居宝,IT设备
300157.SZ,20260928,3.65,3.66,3.56,3.6,3.65,-0.05,-1.3699,150909.37,54253.6862,300157,新锦动力,专用机械
300158.SZ,20260928,5.19,5.22,5.08,5.13,5.18,-0.05,-0.9653,135680.09,69729.42282,300158,振东制药,化学制药
300159.SZ,20260928,2.81,2.81,2.7,2.73,2.8,-0.07,-2.5,248044.0,68079.808,300159,新研股份,农用机械
300160.SZ,20260928,4.46,4.51,4.38,4.42,4.46,-0.04,-0.8969,43713.19,19377.72798,300160,秀强股份,家用电器
300161.SZ,20260928,26.32,26.5,25.57,25.65,26.59,-0.94,-3.5352,21022.63,54304.79096,300161,华中数控,机床制造
300162.SZ,20260928,7.93,9.2,7.93,8.67,7.68,0.99,12.8906,942429.9,821597.36014,300162,雷曼光电,元器件
300163.SZ,20260928,7.98,8.13,7.38,7.63,7.63,0.0,0.0,434663.0,333010.943,300163,先锋新材,家居用品
300164.SZ,20260928,8.8,8.99,8.65,8.89,8.95,-0.06,-0.6704,575586.4,507885.06058,300164,通源石油,石油开采
300165.SZ,20260928,5.07,5.08,4.88,4.93,5.07,-0.14,-2.7613,125957.88,62241.82226,300165,天瑞仪器,电器仪表
300166.SZ,20260928,12.2,12.24,11.79,11.8,12.2,-0.4,-3.2787,261091.24,311954.4404,300166,东方国信,软件服务
300167.SZ,20260928,3.99,4.01,3.8,3.8,4.02,-0.22,-5.4726,40089.0,15590.292,300167,ST迪威迅,软件服务
300168.SZ,20260928,4.69,4.72,4.58,4.67,4.69,-0.02,-0.4264,137691.0,63975.657,300168,万达信息,软件服务
300169.SZ,20260928,5.61,5.73,5.54,5.63,5.72,-0.09,-1.5734,145460.01,81781.86156,300169,天晟新材,塑料
300170.SZ,20260928,15.21,15.54,14.8,14.9,15.26,-0.36,-2.3591,246651.44,369956.89733,300170,汉得信息,软件服务
300171.SZ,20260928,16.02,16.45,15.8,16.27,15.93,0.34,2.1343,199725.65,320843.85792,300171,东富龙,医疗保健
300172.SZ,20260928,4.49,4.54,4.45,4.52,4.51,0.01,0.2217,85920.57,38633.29255,300172,中电环保,环境保护
300173.SZ,20260928,3.3,3.32,3.23,3.25,3.31,-0.06,-1.8127,38684.0,12621.826,300173,ST福能,轻工机械
300174.SZ,20260928,18.5,18.53,17.16,17.26,18.55,-1.29,-6.9542,142826.0,250947.04784,300174,元力股份,化工原料
300175.SZ,20260928,5.45,5.48,5.26,5.35,5.35,0.0,0.0,53455.0,28362.536,300175,朗源股份,食品
300176.SZ,20260928,4.43,4.45,4.33,4.42,4.38,0.04,0.9132,107023.9,46982.19834,300176,鸿特科技,汽车配件
300177.SZ,20260928,6.14,6.15,5.99,6.03,6.15,-0.12,-1.9512,74428.5,45003.3785,300177,中海达,通信设备
300179.SZ,20260928,45.0,45.3,41.61,44.44,44.29,0.15,0.3387,513430.58,2262296.91685,300179,四方达,矿物制品
300180.SZ,20260928,4.33,4.36,4.21,4.28,4.34,-0.06,-1.3825,204474.57,87191.77036,300180,华峰超纤,化纤
300181.SZ,20260928,12.95,13.03,12.83,12.97,12.95,0.02,0.1544,57133.11,73801.30914,300181,佐力药业,中成药
300182.SZ,20260928,4.92,5.09,4.81,5.0,4.91,0.09,1.833,1055974.81,520454.59759,300182,捷成股份,影视音像
300183.SZ,20260928,11.1,11.2,10.68,10.74,11.12,-0.38,-3.4173,67251.78,73026.62392,300183,东软载波,通信设备
300184.SZ,20260928,11.8,11.81,11.13,11.21,11.81,-0.6,-5.0804,370470.41,419637.5066,300184,力源信息,元器件
300185.SZ,20260928,2.74,2.78,2.69,2.74,2.75,-0.01,-0.3636,663501.0,180959.696,300185,通裕重工,工程机械
300187.SZ,20260928,4.5,4.52,4.43,4.46,4.51,-0.05,-1.1086,43370.0,19354.282,300187,永清环保,环境保护
300188.SZ,20260928,10.58,10.7,10.37,10.63,10.51,0.12,1.1418,125438.65,132633.12881,300188,国投智能,软件服务
300189.SZ,20260928,6.21,6.25,5.8,5.88,6.17,-0.29,-4.7002,1041537.08,615369.67247,300189,神农种业,种植业
300190.SZ,20260928,3.92,3.93,3.74,3.78,3.94,-0.16,-4.0609,149394.0,56765.543,300190,维尔利,环境保护
300191.SZ,20260928,30.92,31.2,30.08,30.5,31.11,-0.61,-1.9608,48626.72,148379.88186,300191,潜能恒信,石油开采
300192.SZ,20260928,25.06,25.76,23.68,23.76,25.31,-1.55,-6.1241,503935.8,1241754.92066,300192,科德教育,文教休闲
300193.SZ,20260928,7.94,7.97,7.77,7.8,7.92,-0.12,-1.5152,28171.31,22085.22486,300193,佳士科技,专用机械
300194.SZ,20260928,3.83,3.87,3.8,3.85,3.84,0.01,0.2604,103483.1,39690.2977,300194,福安药业,化学制药
300195.SZ,20260928,6.29,6.39,6.12,6.24,6.3,-0.06,-0.9524,67522.1,42008.96715,300195,长荣股份,轻工机械
300196.SZ,20260928,18.66,18.72,17.31,17.39,18.84,-1.45,-7.6964,168249.73,299326.25677,300196,长海股份,玻璃
300197.SZ,20260928,1.92,1.93,1.87,1.89,1.92,-0.03,-1.5625,407718.38,77176.81894,300197,节能铁汉,环境保护
300198.SZ,20260928,2.27,2.27,2.18,2.2,2.27,-0.07,-3.0837,98613.0,21799.947,300198,*ST纳川,塑料
300199.SZ,20260928,23.13,23.42,22.31,22.4,23.3,-0.9,-3.8627,348048.28,789371.65255,300199,翰宇药业,化学制药
300200.SZ,20260928,8.43,8.43,8.16,8.22,8.41,-0.19,-2.2592,40715.02,33550.63738,300200,高盟新材,化工原料
300201.SZ,20260928,13.18,13.4,12.6,12.67,13.29,-0.62,-4.6652,207679.42,266180.91956,300201,海伦哲,工程机械
300203.SZ,20260928,14.51,14.58,13.7,13.73,14.51,-0.78,-5.3756,157019.12,219087.10004,300203,聚光科技,电器仪表
300204.SZ,20260928,20.15,20.33,19.7,19.75,20.02,-0.27,-1.3487,105401.24,209961.21444,300204,舒泰神,生物制药
300205.SZ,20260928,5.31,5.44,5.06,5.2,5.36,-0.16,-2.9851,42243.0,21959.694,300205,*ST天喻,通信设备
300206.SZ,20260928,11.6,11.69,11.49,11.62,11.6,0.02,0.1724,40851.25,47276.2885,300206,理邦仪器,医疗保健
300207.SZ,20260928,20.0,21.4,19.76,21.38,20.09,1.29,6.4211,1612212.96,3382482.41432,300207,欣旺达,电气设备
300209.SZ,20260928,36.17,36.34,33.25,33.54,36.35,-2.81,-7.7304,554274.0,1896785.9295,300209,行云科技,互联网
300210.SZ,20260928,7.13,7.17,6.9,6.94,7.13,-0.19,-2.6648,54225.46,37874.81676,300210,森远股份,专用机械
300212.SZ,20260928,7.66,7.7,7.45,7.49,7.7,-0.21,-2.7273,72174.03,54274.6549,300212,*ST易录,软件服务
300213.SZ,20260928,6.43,6.48,6.23,6.32,6.45,-0.13,-2.0155,88628.88,55870.5834,300213,佳讯飞鸿,通信设备
300214.SZ,20260928,9.86,9.86,9.41,9.56,9.86,-0.3,-3.0426,149588.05,143032.3385,300214,日科化学,化工原料
300215.SZ,20260928,6.36,6.4,6.05,6.12,6.45,-0.33,-5.1163,216930.76,133679.93428,300215,电科院,电气设备
300217.SZ,20260928,4.0,4.01,3.92,3.95,4.01,-0.06,-1.4963,122061.08,48186.39568,300217,东方电热,家用电器
300218.SZ,20260928,12.57,12.6,12.25,12.39,12.52,-0.13,-1.0383,19054.37,23620.54169,300218,安利股份,塑料
300219.SZ,20260928,6.82,7.02,6.67,6.68,6.75,-0.07,-1.037,266240.05,182580.71197,300219,鸿利智汇,元器件
300220.SZ,20260928,11.27,11.33,11.07,11.21,11.21,0.0,0.0,22798.12,25535.69376,300220,金运激光,专用机械
300221.SZ,20260928,14.25,14.25,12.77,12.83,14.25,-1.42,-9.9649,337080.77,441613.26611,300221,银禧科技,塑料
300222.SZ,20260928,9.89,9.98,9.48,9.58,9.93,-0.35,-3.5247,152331.97,146540.95166,300222,科大智能,电气设备
300223.SZ,20260928,139.1,139.75,130.75,132.26,140.31,-8.05,-5.7373,175513.63,2352318.04834,300223,君正股份,半导体
300224.SZ,20260928,11.96,12.03,11.53,11.62,12.07,-0.45,-3.7283,107944.08,126051.93752,300224,正海磁材,矿物制品
300225.SZ,20260928,8.15,8.15,7.8,7.8,8.08,-0.28,-3.4653,113333.11,89466.34702,300225,金力泰,染料涂料
300226.SZ,20260928,17.4,17.43,16.81,16.82,17.33,-0.51,-2.9429,60369.09,102396.86793,300226,上海钢联,互联网
300227.SZ,20260928,10.56,10.66,9.9,10.08,10.56,-0.48,-4.5455,210945.27,213593.53087,300227,光韵达,专用机械
300228.SZ,20260928,6.58,6.6,6.37,6.39,6.58,-0.19,-2.8875,80658.8,51853.345,300228,富瑞特装,化工机械
300229.SZ,20260928,12.94,12.94,12.34,12.54,12.87,-0.33,-2.5641,146529.47,183674.14958,300229,拓尔思,软件服务
300230.SZ,20260928,4.33,4.37,4.29,4.33,4.35,-0.02,-0.4598,72832.54,31516.73168,300230,永利股份,塑料
300231.SZ,20260928,8.21,8.24,7.96,8.1,8.22,-0.12,-1.4599,68749.15,55620.12717,300231,银信科技,软件服务
300232.SZ,20260928,5.29,5.37,5.15,5.2,5.3,-0.1,-1.8868,130677.12,68244.18676,300232,洲明科技,元器件
300233.SZ,20260928,13.3,13.45,13.1,13.17,13.23,-0.06,-0.4535,60987.88,80508.67903,300233,金城医药,化学制药
300234.SZ,20260928,10.96,11.02,9.92,9.94,11.07,-1.13,-10.2078,252172.88,256696.07955,300234,开尔新材,陶瓷
300235.SZ,20260928,12.0,12.19,11.73,11.75,11.95,-0.2,-1.6736,51635.0,61375.52959,300235,方直科技,软件服务
300236.SZ,20260928,87.15,89.91,85.25,86.41,87.95,-1.54,-1.751,60667.55,528977.1415,300236,上海新阳,半导体
300237.SZ,20260928,2.27,2.32,2.24,2.3,2.27,0.03,1.3216,143806.9,32821.8731,300237,ST美晨,汽车配件
300238.SZ,20260928,12.08,12.2,11.85,11.89,11.99,-0.1,-0.834,43744.06,52312.27688,300238,冠昊生物,医疗保健
300239.SZ,20260928,5.38,5.42,5.32,5.38,5.35,0.03,0.5607,101734.55,54537.83235,300239,东宝生物,生物制药
300240.SZ,20260928,6.15,6.15,6.02,6.08,6.1,-0.02,-0.3279,52660.61,31977.39553,300240,飞力达,仓储物流
300241.SZ,20260928,5.68,5.88,5.67,5.68,5.71,-0.03,-0.5254,231653.51,133459.5522,300241,瑞丰光电,半导体
300242.SZ,20260928,3.86,4.03,3.86,3.88,3.83,0.05,1.3055,224070.02,88303.50278,300242,佳云科技,互联网
300243.SZ,20260928,23.27,23.56,21.36,21.47,23.14,-1.67,-7.2169,281150.16,619311.427,300243,瑞丰高材,化工原料
300244.SZ,20260928,20.86,21.18,20.16,20.35,20.79,-0.44,-2.1164,248124.12,508156.25709,300244,迪安诊断,医疗保健
300245.SZ,20260928,6.03,6.03,5.82,5.85,6.05,-0.2,-3.3058,58972.0,34732.511,300245,ST天玑,软件服务
300246.SZ,20260928,15.72,15.9,15.13,15.21,15.71,-0.5,-3.1827,52230.5,80184.8365,300246,宝莱特,医疗保健
300247.SZ,20260928,3.76,3.77,3.66,3.69,3.75,-0.06,-1.6,82271.27,30471.62944,300247,融捷健康,医疗保健
300248.SZ,20260928,8.19,8.25,8.03,8.08,8.2,-0.12,-1.4634,45827.34,37176.77616,300248,新开普,软件服务
300249.SZ,20260928,13.3,13.35,12.48,12.55,13.31,-0.76,-5.71,113111.95,143794.74798,300249,依米康,IT设备
300250.SZ,20260928,14.84,14.9,14.34,14.47,14.85,-0.38,-2.5589,51780.0,75355.999,300250,初灵信息,软件服务
300251.SZ,20260928,11.11,11.22,10.86,10.87,11.01,-0.14,-1.2716,235307.38,258229.99893,300251,光线传媒,影视音像
300252.SZ,20260928,12.21,12.24,11.21,11.28,12.2,-0.92,-7.541,290087.71,332421.12217,300252,金信诺,通信设备
300253.SZ,20260928,7.01,7.04,6.75,6.83,6.9,-0.07,-1.0145,334831.9,229324.24855,300253,卫宁健康,软件服务
300254.SZ,20260928,8.91,9.28,8.8,9.08,8.85,0.23,2.5989,131479.8,118913.9548,300254,仟源医药,化学制药
300255.SZ,20260928,22.62,23.2,22.36,22.46,23.11,-0.65,-2.8126,152036.75,344545.39082,300255,常山药业,生物制药
300256.SZ,20260928,2.64,2.64,2.56,2.57,2.63,-0.06,-2.2814,151301.0,39180.546,300256,星星科技,摩托车
300257.SZ,20260928,18.52,18.63,17.51,17.83,18.65,-0.82,-4.3968,104555.87,187673.79211,300257,开山股份,机械基件
300258.SZ,20260928,8.95,9.34,8.92,9.13,8.95,0.18,2.0112,107713.7,98248.47462,300258,精锻科技,汽车配件
300259.SZ,20260928,4.3,4.36,3.95,3.97,4.33,-0.36,-8.3141,752118.71,304247.55348,300259,新天科技,电器仪表
300260.SZ,20260928,62.07,63.11,58.09,58.6,62.0,-3.4,-5.4839,132186.88,791550.32224,300260,新莱应材,机械基件
300261.SZ,20260928,4.82,4.85,4.74,4.78,4.83,-0.05,-1.0352,77467.0,36983.67406,300261,雅本化学,农药化肥
300263.SZ,20260928,10.7,10.75,10.05,10.14,10.64,-0.5,-4.6992,347986.96,357856.10109,300263,隆华科技,专用机械
300264.SZ,20260928,6.22,6.57,6.03,6.1,6.2,-0.1,-1.6129,211644.93,132560.52072,300264,佳创视讯,软件服务
300265.SZ,20260928,12.8,12.81,11.92,12.11,12.91,-0.8,-6.1967,195748.63,238270.87139,300265,通光线缆,电气设备
300266.SZ,20260928,1.84,1.87,1.81,1.82,1.85,-0.03,-1.6216,164798.01,30150.68681,300266,兴源环境,环境保护
300267.SZ,20260928,3.18,3.25,3.14,3.21,3.19,0.02,0.627,331679.11,106087.50156,300267,尔康制药,化学制药
300268.SZ,20260928,12.01,12.19,11.83,11.95,12.0,-0.05,-0.4167,20213.32,24154.27378,300268,佳沃食品,农业综合
300269.SZ,20260928,4.53,5.2,4.53,4.8,4.54,0.26,5.7269,513892.72,248646.31872,300269,联建光电,元器件
300270.SZ,20260928,10.25,10.25,9.86,10.13,10.25,-0.12,-1.1707,67312.0,67552.519,300270,中威电子,IT设备
300271.SZ,20260928,5.66,5.79,5.59,5.73,5.69,0.04,0.703,144282.15,82169.60288,300271,华宇软件,软件服务
300272.SZ,20260928,5.88,6.08,5.87,5.95,5.85,0.1,1.7094,117154.51,69797.81091,300272,开能健康,家用电器
300274.SZ,20260928,83.83,84.0,80.76,81.06,84.21,-3.15,-3.7406,404386.23,3309298.14871,300274,阳光电源,电气设备
300275.SZ,20260928,8.98,8.99,8.72,8.91,8.96,-0.05,-0.558,37116.6,32903.5392,300275,梅安森,工程机械
300276.SZ,20260928,6.02,6.43,6.0,6.23,5.9,0.33,5.5932,602074.16,373207.06229,300276,三丰智能,专用机械
300277.SZ,20260928,12.93,12.95,12.42,12.7,12.92,-0.22,-1.7028,157539.47,199675.97547,300277,汽轮科技,机械基件
300278.SZ,20260928,3.6,3.6,3.45,3.5,3.58,-0.08,-2.2346,134825.39,47301.83567,300278,华昌达,专用机械
300279.SZ,20260928,6.07,6.11,5.87,5.95,6.11,-0.16,-2.6187,126178.14,75018.09836,300279,和晶科技,元器件
300281.SZ,20260928,7.2,7.25,6.97,7.09,7.13,-0.04,-0.561,52485.0,37070.379,300281,金明精机,专用机械
300283.SZ,20260928,14.2,14.27,13.05,13.17,14.45,-1.28,-8.8581,401186.49,541956.12792,300283,温州宏丰,电气设备
300284.SZ,20260928,5.05,5.09,4.96,4.99,5.06,-0.07,-1.3834,107360.96,53725.712,300284,苏交科,建筑工程
300285.SZ,20260928,71.5,71.86,64.03,65.06,70.0,-4.94,-7.0571,949286.21,6404233.32536,300285,国瓷材料,陶瓷
300286.SZ,20260928,19.63,19.63,18.7,18.75,19.57,-0.82,-4.1901,47779.98,90285.48439,300286,安科瑞,电器仪表
300287.SZ,20260928,3.55,3.6,3.45,3.53,3.56,-0.03,-0.8427,260114.51,91429.27047,300287,飞利信,软件服务
300288.SZ,20260928,9.65,9.74,9.53,9.64,9.7,-0.06,-0.6186,25739.0,24776.394,300288,朗玛信息,软件服务
300289.SZ,20260928,5.94,6.04,5.89,5.94,5.94,0.0,0.0,54626.79,32455.82947,300289,利德曼,医疗保健
300290.SZ,20260928,7.17,7.49,6.86,7.17,7.21,-0.04,-0.5548,355333.8,255523.773,300290,ST荣科,软件服务
300291.SZ,20260928,4.9,5.15,4.73,4.83,5.78,-0.95,-16.436,1295297.08,633638.02042,300291,百纳千成,影视音像
300292.SZ,20260928,4.53,4.55,4.38,4.39,4.5,-0.11,-2.4444,322686.0,142838.234,300292,吴通控股,互联网
300293.SZ,20260928,14.25,14.47,13.98,14.01,14.4,-0.39,-2.7083,27312.47,38632.4318,300293,蓝英装备,专用机械
300294.SZ,20260928,14.51,14.59,14.3,14.39,14.45,-0.06,-0.4152,30188.27,43524.84072,300294,博雅生物,生物制药
300295.SZ,20260928,11.65,11.65,11.33,11.43,11.7,-0.27,-2.3077,18284.0,20942.403,300295,*ST三六五,互联网
300296.SZ,20260928,4.81,4.87,4.69,4.72,4.8,-0.08,-1.6667,328679.75,156154.82322,300296,利亚德,元器件
300298.SZ,20260928,16.18,16.44,16.12,16.19,16.15,0.04,0.2477,37031.99,60247.65178,300298,三诺生物,医疗保健
300299.SZ,20260928,5.35,5.4,5.22,5.29,5.42,-0.13,-2.3985,151843.08,80466.90542,300299,富春股份,互联网
300300.SZ,20260928,10.4,11.8,10.33,11.08,10.81,0.27,2.4977,2368772.03,2650936.6341,300300,海峡创新,软件服务
300301.SZ,20260928,3.75,3.88,3.65,3.86,3.6,0.26,7.2222,335669.0,127015.459,300301,ST长方,半导体
300302.SZ,20260928,28.18,28.18,26.02,26.21,28.25,-2.04,-7.2212,171438.68,456763.51361,300302,同有科技,IT设备
300303.SZ,20260928,6.71,6.78,6.39,6.46,6.7,-0.24,-3.5821,371757.85,243160.85473,300303,聚飞光电,半导体
300304.SZ,20260928,12.2,12.22,11.82,11.85,12.13,-0.28,-2.3083,151021.0,180790.0296,300304,云意电气,汽车配件
300305.SZ,20260928,7.02,7.12,6.35,6.41,7.16,-0.75,-10.4749,335978.36,224968.01636,300305,裕兴股份,塑料
300306.SZ,20260928,10.5,10.54,10.26,10.37,10.54,-0.17,-1.6129,35202.98,36511.10832,300306,远方信息,电器仪表
300307.SZ,20260928,7.3,7.3,6.92,6.97,7.23,-0.26,-3.5961,125990.36,88527.1693,300307,慈星股份,纺织机械
300308.SZ,20260928,884.0,888.0,808.0,815.0,895.86,-80.86,-9.026,301938.67,25185479.4364,300308,中际旭创,通信设备
300310.SZ,20260928,4.23,4.27,4.14,4.2,4.23,-0.03,-0.7092,147644.0,61967.731,300310,宜通世纪,通信设备
300311.SZ,20260928,5.91,6.37,5.85,6.21,5.82,0.39,6.701,1157197.55,705970.36101,300311,任子行,软件服务
300313.SZ,20260928,12.56,13.06,12.15,12.26,12.37,-0.11,-0.8892,181761.0,227179.6909,300313,天山生物,农业综合
300314.SZ,20260928,12.76,13.4,12.76,12.9,12.85,0.05,0.3891,133776.77,173991.02178,300314,戴维医疗,医疗保健
300315.SZ,20260928,3.94,3.97,3.88,3.91,3.96,-0.05,-1.2626,364720.37,142463.88163,300315,掌趣科技,互联网
300316.SZ,20260928,40.37,40.5,38.38,38.7,40.7,-2.0,-4.914,178133.66,692211.92473,300316,晶盛机电,专用机械
300317.SZ,20260928,3.99,4.26,3.97,4.19,3.98,0.21,5.2764,958222.39,398241.85616,300317,珈伟新能,电气设备
300318.SZ,20260928,5.25,5.25,5.12,5.17,5.17,0.0,0.0,74500.02,38570.25496,300318,博晖创新,医疗保健
300319.SZ,20260928,20.3,20.43,18.2,18.8,20.54,-1.74,-8.4713,942720.74,1795304.74284,300319,麦捷科技,元器件
300320.SZ,20260928,8.48,8.48,8.03,8.09,8.36,-0.27,-3.2297,48782.0,39706.137,300320,海达股份,橡胶
300321.SZ,20260928,34.46,35.5,32.53,33.07,34.43,-1.36,-3.95,23641.0,78843.727,300321,同大股份,塑料
300322.SZ,20260928,17.8,17.8,16.13,16.33,17.73,-1.4,-7.8962,280132.17,464421.31812,300322,硕贝德,元器件
300323.SZ,20260928,11.56,11.76,10.81,10.94,11.56,-0.62,-5.3633,442644.21,495268.27925,300323,华灿光电,半导体
300324.SZ,20260928,3.85,3.87,3.71,3.82,3.84,-0.02,-0.5208,926756.46,352481.10295,300324,旋极信息,软件服务
300326.SZ,20260928,6.24,6.24,6.12,6.13,6.24,-0.11,-1.7628,37657.0,23195.189,300326,ST凯利,医疗保健
300327.SZ,20260928,26.03,26.2,25.15,25.38,26.09,-0.71,-2.7213,139733.43,358242.63826,300327,中颖电子,半导体
300328.SZ,20260928,12.88,13.19,12.35,12.38,12.99,-0.61,-4.6959,193905.95,243530.67208,300328,宜安科技,小金属
300329.SZ,20260928,11.96,11.96,11.46,11.6,11.77,-0.17,-1.4444,17841.0,20701.946,300329,海伦钢琴,文教休闲
300331.SZ,20260928,47.08,47.28,42.89,43.48,47.31,-3.83,-8.0955,103735.89,459147.49095,300331,苏大维格,元器件
300332.SZ,20260928,4.85,4.85,4.73,4.8,4.82,-0.02,-0.4149,140965.85,67327.59261,300332,天壕能源,供气供热
300333.SZ,20260928,11.58,11.6,11.25,11.28,11.6,-0.32,-2.7586,153674.08,174836.33368,300333,兆日科技,IT设备
300334.SZ,20260928,8.64,8.82,8.38,8.48,8.6,-0.12,-1.3953,69033.0,58676.73,300334,津膜科技,专用机械
300335.SZ,20260928,5.44,5.5,5.4,5.45,5.44,0.01,0.1838,78775.92,42950.98332,300335,迪森股份,供气供热
300337.SZ,20260928,9.06,9.19,8.79,8.87,9.09,-0.22,-2.4202,114848.49,102290.91141,300337,银邦股份,铝
300338.SZ,20260928,2.79,2.84,2.65,2.69,2.82,-0.13,-4.6099,104179.0,28203.953,300338,*ST开元,文教休闲
300339.SZ,20260928,33.93,34.25,33.57,33.62,33.9,-0.28,-0.826,109739.89,372069.40996,300339,润和软件,软件服务
300340.SZ,20260928,8.6,8.6,8.34,8.48,8.55,-0.07,-0.8187,32014.94,26997.83806,300340,科恒股份,电气设备
300341.SZ,20260928,12.94,13.01,12.55,12.69,12.96,-0.27,-2.0833,30776.0,39114.073,300341,麦克奥迪,电气设备
300342.SZ,20260928,31.83,31.9,29.87,30.06,31.74,-1.68,-5.293,168913.32,513760.94927,300342,天银机电,家用电器
300343.SZ,20260928,5.32,5.33,5.15,5.17,5.33,-0.16,-3.0019,99947.38,52110.42436,300343,联创股份,化工原料
300345.SZ,20260928,7.1,7.15,6.54,6.64,7.15,-0.51,-7.1329,325511.0,218854.745,300345,华民股份,电气设备
300346.SZ,20260928,54.3,54.46,51.75,52.15,54.4,-2.25,-4.136,227725.15,1200363.21803,300346,南大光电,半导体
300347.SZ,20260928,56.9,58.8,56.45,56.8,56.81,-0.01,-0.0176,95276.72,547357.90115,300347,泰格医药,医疗保健
300348.SZ,20260928,9.25,9.28,9.01,9.18,9.24,-0.06,-0.6494,104939.18,95904.8082,300348,长亮科技,软件服务
300349.SZ,20260928,10.33,10.4,10.01,10.1,10.33,-0.23,-2.2265,58993.25,59789.54671,300349,金卡智能,电器仪表
300350.SZ,20260928,4.71,4.91,4.56,4.67,4.62,0.05,1.0823,394487.92,185711.2096,300350,华鹏飞,仓储物流
300351.SZ,20260928,13.94,13.99,13.21,13.44,13.88,-0.44,-3.17,57202.87,76953.54042,300351,永贵电器,运输设备
300352.SZ,20260928,3.16,3.25,3.01,3.01,3.08,-0.07,-2.2727,517528.7,162892.23923,300352,ST信源,软件服务
300353.SZ,20260928,16.85,16.99,16.14,16.3,16.86,-0.56,-3.3215,93400.58,153556.6382,300353,东土科技,通信设备
300354.SZ,20260928,27.69,28.09,27.0,27.8,27.56,0.24,0.8708,19671.42,54353.80755,300354,东华测试,电器仪表
300355.SZ,20260928,2.75,2.77,2.7,2.71,2.75,-0.04,-1.4545,139396.6,37968.1166,300355,蒙草生态,环境保护
300357.SZ,20260928,20.15,20.28,19.79,19.9,19.95,-0.05,-0.2506,50605.26,100921.84959,300357,我武生物,生物制药
300358.SZ,20260928,9.62,9.68,9.36,9.63,9.59,0.04,0.4171,364335.94,346128.98153,300358,楚天科技,医疗保健
300359.SZ,20260928,4.15,4.16,4.02,4.06,4.15,-0.09,-2.1687,147696.44,59940.29576,300359,全通教育,文教休闲
300360.SZ,20260928,11.09,11.16,10.81,10.87,11.12,-0.25,-2.2482,40045.0,43704.98,300360,炬华科技,电器仪表
300363.SZ,20260928,23.88,24.5,23.62,23.91,23.83,0.08,0.3357,166325.79,399916.32269,300363,博腾股份,化学制药
300364.SZ,20260928,23.5,23.98,22.71,23.14,24.48,-1.34,-5.4739,513027.94,1196007.18361,300364,中文在线,出版业
300365.SZ,20260928,4.55,4.55,4.39,4.45,4.52,-0.07,-1.5487,99117.83,44182.89552,300365,恒华科技,软件服务
300366.SZ,20260928,5.44,5.48,5.27,5.34,5.45,-0.11,-2.0183,45479.0,24313.977,300366,ST创意,软件服务
300368.SZ,20260928,9.33,9.54,9.21,9.28,9.37,-0.09,-0.9605,298260.0,277766.484,300368,汇金股份,IT设备
300369.SZ,20260928,9.02,9.13,8.61,8.95,8.85,0.1,1.1299,1038424.62,923702.85939,300369,绿盟科技,软件服务
300370.SZ,20260928,2.13,2.15,2.06,2.1,2.14,-0.04,-1.8692,220566.0,46075.19,300370,安控科技,电器仪表
300371.SZ,20260928,10.15,10.29,9.98,10.11,10.2,-0.09,-0.8824,21197.7,21441.32552,300371,汇中股份,电器仪表
300373.SZ,20260928,88.1,88.18,83.84,85.01,88.13,-3.12,-3.5402,92863.5,795351.90109,300373,扬杰科技,半导体
300374.SZ,20260928,10.05,10.2,9.98,10.03,10.05,-0.02,-0.199,36815.9,37030.5767,300374,中铁装配,其他建材
300375.SZ,20260928,4.1,4.12,4.0,4.05,4.07,-0.02,-0.4914,83250.14,33755.63698,300375,鹏翎股份,汽车配件
300376.SZ,20260928,4.15,4.17,4.03,4.06,4.13,-0.07,-1.6949,167950.39,68532.39656,300376,易事特,电气设备
300377.SZ,20260928,13.7,13.78,13.06,13.15,13.78,-0.63,-4.5718,173448.43,229976.22002,300377,赢时胜,软件服务
300378.SZ,20260928,37.49,39.0,35.8,37.93,37.66,0.27,0.7169,166977.37,623577.28994,300378,鼎捷数智,软件服务
300380.SZ,20260928,28.08,28.08,26.92,27.22,28.08,-0.86,-3.0627,14886.85,40696.20192,300380,安硕信息,软件服务
300381.SZ,20260928,5.74,5.78,5.6,5.66,5.68,-0.02,-0.3521,77642.09,43890.90385,300381,溢多利,化学制药
300382.SZ,20260928,15.76,16.5,14.63,14.69,15.69,-1.0,-6.3735,420546.24,651976.74818,300382,斯莱克,专用机械
300383.SZ,20260928,11.27,11.39,10.88,10.89,11.07,-0.18,-1.626,435454.77,488006.84176,300383,光环新网,软件服务
300384.SZ,20260928,12.25,12.29,11.7,11.82,12.24,-0.42,-3.4314,38993.71,46385.99624,300384,三联虹普,建筑工程
300385.SZ,20260928,13.3,13.39,12.88,12.92,13.36,-0.44,-3.2934,37437.0,48778.893,300385,ST雪浪,环境保护
300386.SZ,20260928,10.75,10.81,10.46,10.56,10.73,-0.17,-1.5843,39280.41,41582.46471,300386,飞天诚信,IT设备
300387.SZ,20260928,7.34,7.45,7.28,7.35,7.38,-0.03,-0.4065,45077.56,33106.19316,300387,富邦科技,农药化肥
300388.SZ,20260928,6.68,6.7,6.58,6.64,6.68,-0.04,-0.5988,24546.4,16272.1176,300388,节能国祯,环境保护
300389.SZ,20260928,13.19,13.19,12.69,12.76,13.08,-0.32,-2.4465,39233.66,50393.26842,300389,艾比森,元器件
300390.SZ,20260928,50.11,50.2,47.86,48.0,50.49,-2.49,-4.9317,186748.87,906747.19561,300390,天华新能,电气设备
300393.SZ,20260928,6.01,6.04,5.75,5.82,5.98,-0.16,-2.6756,163862.91,95734.98774,300393,中来股份,塑料
300394.SZ,20260928,262.5,264.0,243.0,244.8,267.93,-23.13,-8.6329,335953.5,8393956.09972,300394,天孚通信,通信设备
300395.SZ,20260928,95.09,95.3,87.48,88.49,95.56,-7.07,-7.3985,182533.28,1640726.62365,300395,菲利华,玻璃
300396.SZ,20260928,7.09,7.09,6.93,6.99,7.05,-0.06,-0.8511,13065.01,9127.59795,300396,ST迪瑞,医疗保健
300397.SZ,20260928,12.14,12.23,11.18,11.28,12.12,-0.84,-6.9307,382564.98,439200.18402,300397,天和防务,通信设备
300398.SZ,20260928,37.77,38.1,35.35,35.6,37.77,-2.17,-5.7453,304205.28,1106650.17111,300398,飞凯材料,化工原料
300399.SZ,20260928,19.27,19.5,18.65,18.92,19.3,-0.38,-1.9689,28438.11,53924.18194,300399,天利科技,互联网
300400.SZ,20260928,35.01,35.34,32.43,33.13,34.92,-1.79,-5.126,102690.27,342979.14847,300400,劲拓股份,专用机械
300401.SZ,20260928,16.06,16.09,15.07,15.24,15.96,-0.72,-4.5113,197033.17,302267.55925,300401,花园生物,化学制药
300402.SZ,20260928,14.77,14.79,14.37,14.46,14.79,-0.33,-2.2312,19573.0,28364.567,300402,宝色股份,专用机械
300403.SZ,20260928,8.9,9.03,8.71,8.72,8.93,-0.21,-2.3516,78139.65,68951.3564,300403,汉宇集团,家用电器
300404.SZ,20260928,14.35,14.65,14.0,14.23,14.44,-0.21,-1.4543,340096.68,485742.66706,300404,博济医药,医疗保健
300405.SZ,20260928,5.81,5.84,5.69,5.76,5.8,-0.04,-0.6897,67437.2,38873.43188,300405,科隆股份,化工原料
300406.SZ,20260928,11.73,11.94,11.73,11.87,11.72,0.15,1.2799,64097.03,75946.10409,300406,九强生物,医疗保健
300407.SZ,20260928,10.58,10.67,10.33,10.4,10.58,-0.18,-1.7013,44502.0,46399.051,300407,凯发电气,电气设备
300408.SZ,20260928,123.73,124.1,114.9,115.54,123.31,-7.77,-6.3012,391802.28,4607662.4747,300408,三环集团,元器件
300409.SZ,20260928,17.13,17.13,16.16,16.31,17.19,-0.88,-5.1193,158988.04,261879.14808,300409,道氏技术,电气设备
300410.SZ,20260928,8.66,8.74,8.33,8.37,8.79,-0.42,-4.7782,206913.0,175536.17,300410,正业科技,专用机械
300411.SZ,20260928,8.65,8.68,8.09,8.13,8.5,-0.37,-4.3529,123447.95,101677.46776,300411,金盾股份,专用机械
300412.SZ,20260928,4.48,4.54,4.44,4.49,4.5,-0.01,-0.2222,83596.06,37466.75117,300412,迦南科技,医疗保健
300413.SZ,20260928,19.18,19.4,18.49,18.76,19.0,-0.24,-1.2632,469802.54,884388.4251,300413,芒果超媒,影视音像
300414.SZ,20260928,10.97,10.98,10.38,10.55,10.97,-0.42,-3.8286,71847.06,75795.92109,300414,中光防雷,通信设备
300415.SZ,20260928,18.92,18.96,18.48,18.81,18.95,-0.14,-0.7388,33430.61,62586.58704,300415,伊之密,专用机械
300416.SZ,20260928,14.16,14.19,13.58,13.69,14.22,-0.53,-3.7271,101111.88,139636.35145,300416,苏试试验,电器仪表
300417.SZ,20260928,12.22,12.29,11.84,12.05,12.23,-0.18,-1.4718,34988.15,42047.09863,300417,南华仪器,电器仪表
300418.SZ,20260928,42.12,42.17,40.17,40.36,41.76,-1.4,-3.3525,319592.62,1301375.55769,300418,昆仑万维,互联网
300419.SZ,20260928,7.45,7.6,7.27,7.52,7.44,0.08,1.0753,61626.0,45972.429,300419,ST浩丰,软件服务
300420.SZ,20260928,7.86,7.89,7.36,7.44,7.92,-0.48,-6.0606,485182.76,363453.96837,300420,五洋自控,机械基件
300421.SZ,20260928,17.58,17.58,16.93,17.18,17.3,-0.12,-0.6936,53712.45,91980.14708,300421,力星股份,机械基件
300422.SZ,20260928,4.06,4.08,4.0,4.04,4.06,-0.02,-0.4926,73996.39,29852.87617,300422,博世科,环境保护
300423.SZ,20260928,5.41,5.44,5.28,5.33,5.41,-0.08,-1.4787,62349.29,33314.18084,300423,昇辉科技,电气设备
300424.SZ,20260928,13.49,13.5,12.97,13.05,13.52,-0.47,-3.4763,117903.24,155090.33992,300424,航新科技,航空
300425.SZ,20260928,4.06,4.07,3.96,4.0,4.05,-0.05,-1.2346,112283.8,44964.07674,300425,中建环能,环境保护
300426.SZ,20260928,8.11,8.18,7.47,7.55,7.85,-0.3,-3.8217,207534.01,158841.49186,300426,华智数媒,影视音像
300427.SZ,20260928,6.2,6.32,5.97,6.04,6.46,-0.42,-6.5015,487830.0,297677.50061,300427,红相股份,电气设备
300428.SZ,20260928,19.47,19.48,18.84,19.05,19.38,-0.33,-1.7028,41076.87,78091.93981,300428,立中集团,汽车配件
300429.SZ,20260928,11.51,11.51,10.82,11.08,11.51,-0.43,-3.7359,150185.6,166524.99394,300429,强力新材,化工原料
300430.SZ,20260928,4.58,4.58,4.3,4.32,4.59,-0.27,-5.8824,140669.0,61633.643,300430,*ST益通,电器仪表
300432.SZ,20260928,12.99,13.0,12.57,12.63,13.06,-0.43,-3.2925,276958.73,352668.03282,300432,富临精工,汽车配件
300433.SZ,20260928,33.16,33.29,31.44,31.6,32.87,-1.27,-3.8637,583777.65,1870928.09218,300433,蓝思科技,元器件
300434.SZ,20260928,12.48,13.11,12.37,12.58,12.41,0.17,1.3699,340950.64,431697.34856,300434,金石亚药,化学制药
300435.SZ,20260928,16.22,16.22,15.38,15.58,16.24,-0.66,-4.064,62772.69,98278.97506,300435,中泰股份,供气供热
300436.SZ,20260928,84.81,85.6,82.5,83.56,84.68,-1.12,-1.3226,18944.85,159134.15262,300436,广生堂,化学制药
300437.SZ,20260928,10.69,10.9,10.46,10.52,10.73,-0.21,-1.9571,41563.26,43958.4934,300437,清水源,化工原料
300438.SZ,20260928,48.69,48.82,46.35,46.84,48.9,-2.06,-4.2127,155000.84,732429.14792,300438,鹏辉能源,电气设备
300439.SZ,20260928,10.23,10.41,10.17,10.31,10.33,-0.02,-0.1936,57914.49,59541.98575,300439,美康生物,医疗保健
300440.SZ,20260928,17.19,17.19,16.04,16.18,17.13,-0.95,-5.5458,90294.38,147868.62338,300440,运达科技,软件服务
300441.SZ,20260928,7.19,7.19,6.97,7.01,7.14,-0.13,-1.8207,44894.71,31593.53495,300441,鲍斯股份,机床制造
300442.SZ,20260928,67.71,67.73,64.75,65.05,68.01,-2.96,-4.3523,235752.1,1545784.65151,300442,润泽科技,软件服务
300443.SZ,20260928,19.96,21.1,19.7,20.93,19.95,0.98,4.9123,144127.01,293357.8866,300443,金雷股份,电气设备
300444.SZ,20260928,8.62,8.65,8.39,8.43,8.64,-0.21,-2.4306,125497.33,106322.74771,300444,双杰电气,电气设备
300445.SZ,20260928,19.05,19.18,18.47,18.63,19.05,-0.42,-2.2047,23661.6,44206.2994,300445,康斯特,电器仪表
300446.SZ,20260928,12.65,12.71,12.25,12.38,12.67,-0.29,-2.2889,52947.36,65684.17042,300446,航天智造,汽车配件
300447.SZ,20260928,14.01,14.16,13.67,13.74,14.06,-0.32,-2.276,33840.5,46743.78515,300447,全信股份,电气设备
300448.SZ,20260928,5.6,5.67,5.37,5.44,5.58,-0.14,-2.509,128412.65,70017.54165,300448,浩云科技,软件服务
300449.SZ,20260928,6.73,6.83,6.58,6.66,6.73,-0.07,-1.0401,68589.31,45826.10079,300449,汉邦高科,IT设备
300450.SZ,20260928,31.93,32.02,30.94,31.2,32.11,-0.91,-2.834,243348.47,762638.89629,300450,先导智能,专用机械
300451.SZ,20260928,3.43,3.49,3.37,3.43,3.45,-0.02,-0.5797,170040.06,57978.03678,300451,创业慧康,软件服务
300452.SZ,20260928,13.2,13.28,13.04,13.25,13.12,0.13,0.9909,35806.76,47230.3766,300452,山河药辅,化学制药
300453.SZ,20260928,9.02,9.07,8.86,9.04,9.02,0.02,0.2217,46442.04,41644.74496,300453,三鑫医疗,医疗保健
300454.SZ,20260928,143.55,144.98,138.72,139.37,141.99,-2.62,-1.8452,138131.98,1943634.27141,300454,深信服,软件服务
300455.SZ,20260928,16.94,17.06,16.23,16.36,16.94,-0.58,-3.4238,56337.56,92686.10399,300455,航天智装,IT设备
300456.SZ,20260928,37.44,37.53,34.88,35.05,37.54,-2.49,-6.6329,259465.54,924421.14894,300456,赛微电子,半导体
300457.SZ,20260928,20.87,20.94,20.08,20.27,20.87,-0.6,-2.8749,78709.63,160586.20798,300457,赢合科技,专用机械
300458.SZ,20260928,33.29,33.49,31.91,32.27,33.41,-1.14,-3.4122,296875.75,961769.05391,300458,全志科技,半导体
300459.SZ,20260928,3.48,3.5,3.41,3.44,3.49,-0.05,-1.4327,605918.35,208539.05858,300459,汤姆猫,互联网
300460.SZ,20260928,9.01,9.08,8.83,8.91,9.06,-0.15,-1.6556,38220.4,34125.8452,300460,ST惠伦,元器件
300461.SZ,20260928,35.95,36.55,34.84,35.31,35.95,-0.64,-1.7803,58923.6,208278.10247,300461,田中精机,专用机械
300462.SZ,20260928,11.52,11.52,11.16,11.26,11.49,-0.23,-2.0017,11497.0,12970.614,300462,ST华铭,IT设备
300463.SZ,20260928,9.4,9.42,9.24,9.3,9.3,0.0,0.0,41956.45,39070.46041,300463,迈克生物,医疗保健
300464.SZ,20260928,11.5,11.61,10.23,10.41,11.44,-1.03,-9.0035,307307.5,325595.352,300464,星徽股份,机械基件
300465.SZ,20260928,11.08,11.17,10.81,10.92,11.13,-0.21,-1.8868,70504.07,76994.68751,300465,高伟达,软件服务
300466.SZ,20260928,7.12,7.15,6.97,7.01,7.13,-0.12,-1.683,40169.47,28248.32488,300466,赛摩智能,电器仪表
300467.SZ,20260928,32.67,32.83,31.9,32.31,32.68,-0.37,-1.1322,25000.55,80834.11893,300467,迅游科技,互联网
300468.SZ,20260928,21.15,21.24,20.53,20.75,21.22,-0.47,-2.2149,146534.52,304962.20015,300468,四方精创,软件服务
300469.SZ,20260928,48.51,48.92,46.2,46.44,48.89,-2.45,-5.0112,48256.78,227166.27205,300469,信息发展,软件服务
300470.SZ,20260928,27.6,27.6,27.01,27.06,27.62,-0.56,-2.0275,11738.58,31890.07886,300470,中密控股,机械基件
300471.SZ,20260928,9.98,10.0,9.7,9.76,9.97,-0.21,-2.1063,33352.94,32620.85921,300471,厚普股份,专用机械
300472.SZ,20260928,6.72,6.84,6.52,6.66,6.87,-0.21,-3.0568,37068.76,24751.8254,300472,ST新元,专用机械
300473.SZ,20260928,36.71,37.24,35.7,36.07,36.36,-0.29,-0.7976,116528.88,422890.86914,300473,德尔股份,汽车配件
300474.SZ,20260928,52.02,52.5,51.5,52.1,52.58,-0.48,-0.9129,74222.71,385783.59381,300474,景嘉微,元器件
300475.SZ,20260928,170.07,170.98,158.47,159.7,172.87,-13.17,-7.6184,203119.79,3299979.81049,300475,香农芯创,元器件
300476.SZ,20260928,231.0,231.49,213.29,213.5,232.69,-19.19,-8.247,271964.96,5950407.40564,300476,胜宏科技,元器件
300477.SZ,20260928,2.64,2.67,2.61,2.64,2.64,0.0,0.0,126860.22,33389.03042,300477,ST合纵,电气设备
300478.SZ,20260928,34.78,34.96,32.9,33.96,34.77,-0.81,-2.3296,41435.02,139563.5489,300478,杭州高新,塑料
300479.SZ,20260928,14.81,14.94,14.55,14.73,14.76,-0.03,-0.2033,24932.01,36753.95666,300479,神思电子,软件服务
300480.SZ,20260928,31.99,32.25,29.9,30.03,32.15,-2.12,-6.5941,103815.18,317685.82663,300480,光力科技,专用机械
300481.SZ,20260928,14.06,14.08,13.32,13.52,14.04,-0.52,-3.7037,70860.63,95961.86832,300481,濮阳惠成,化工原料
300482.SZ,20260928,16.5,16.63,16.32,16.38,16.41,-0.03,-0.1828,41081.63,67478.32073,300482,万孚生物,医疗保健
300483.SZ,20260928,23.47,23.47,22.35,22.96,23.14,-0.18,-0.7779,106815.52,243191.16126,300483,首华燃气,石油开采
300484.SZ,20260928,12.85,13.25,12.73,12.89,12.85,0.04,0.3113,40118.35,52053.56285,300484,蓝海华腾,电气设备
300485.SZ,20260928,8.5,8.68,8.42,8.48,8.51,-0.03,-0.3525,43267.74,36815.06079,300485,赛升药业,生物制药
300486.SZ,20260928,17.91,17.98,17.04,17.04,17.83,-0.79,-4.4307,53282.43,92522.73347,300486,东杰智能,专用机械
300487.SZ,20260928,68.31,69.31,66.37,67.0,68.71,-1.71,-2.4887,34026.16,228061.22946,300487,蓝晓科技,化工原料
300488.SZ,20260928,37.46,37.5,36.5,36.53,37.51,-0.98,-2.6126,39883.61,146851.60501,300488,恒锋工具,机械基件
300489.SZ,20260928,281.0,284.0,256.0,257.9,271.15,-13.25,-4.8866,120020.72,3182139.75412,300489,光智科技,专用机械
300490.SZ,20260928,10.59,10.59,10.05,10.16,10.59,-0.43,-4.0604,102002.87,104162.39952,300490,华自科技,专用机械
300491.SZ,20260928,38.32,38.32,34.01,34.69,38.32,-3.63,-9.4729,107813.93,383208.00367,300491,通合科技,电气设备
300492.SZ,20260928,21.86,21.98,20.6,20.64,21.96,-1.32,-6.0109,30738.11,64417.85931,300492,华图山鼎,文教休闲
300493.SZ,20260928,13.19,13.2,12.62,12.73,13.14,-0.41,-3.1202,108016.09,138354.45444,300493,润欣科技,元器件
300494.SZ,20260928,7.92,7.96,7.76,7.8,7.94,-0.14,-1.7632,49130.09,38444.73047,300494,盛天网络,互联网
300496.SZ,20260928,54.97,55.21,53.2,53.21,55.04,-1.83,-3.3249,68990.67,370418.15291,300496,中科创达,软件服务
300497.SZ,20260928,18.5,18.62,17.22,17.49,18.58,-1.09,-5.8665,409403.52,718887.40925,300497,富祥股份,化学制药
300498.SZ,20260928,14.5,14.96,14.46,14.91,14.51,0.4,2.7567,388080.0,572983.74623,300498,温氏股份,农业综合
300499.SZ,20260928,35.93,36.27,33.27,33.5,35.92,-2.42,-6.7372,203046.44,691932.00104,300499,高澜股份,专用机械
300500.SZ,20260928,9.67,9.78,9.48,9.72,9.65,0.07,0.7254,42428.95,40951.5587,300500,启迪设计,建筑工程
300501.SZ,20260928,9.58,10.46,9.48,10.45,9.45,1.0,10.582,151231.17,151694.31693,300501,海顺新材,广告包装
300502.SZ,20260928,432.39,434.0,397.5,399.7,435.0,-35.3,-8.1149,387037.43,15810203.7551,300502,新易盛,通信设备
300503.SZ,20260928,65.7,66.03,61.75,61.81,65.32,-3.51,-5.3735,105029.95,663084.79674,300503,昊志机电,机械基件
300504.SZ,20260928,18.64,18.64,17.23,17.32,18.64,-1.32,-7.0815,92238.93,162203.06632,300504,天邑股份,通信设备
300505.SZ,20260928,18.8,19.19,17.95,18.95,18.77,0.18,0.959,147732.1,273371.56099,300505,川金诺,农药化肥
300506.SZ,20260928,5.03,5.05,4.69,4.7,5.0,-0.3,-6.0,149546.95,72115.83415,300506,名家汇,建筑工程
300507.SZ,20260928,6.39,6.41,6.15,6.27,6.38,-0.11,-1.7241,86252.4,53859.73,300507,苏奥传感,汽车配件
300508.SZ,20260928,39.31,39.45,36.77,37.16,39.05,-1.89,-4.8399,20709.66,77803.2686,300508,维宏股份,软件服务
300509.SZ,20260928,8.8,9.01,8.7,8.94,8.83,0.11,1.2458,52698.7,46619.31565,300509,新美星,专用机械
300510.SZ,20260928,3.38,3.42,3.32,3.39,3.38,0.01,0.2959,142220.93,47876.96055,300510,金冠股份,电气设备
300511.SZ,20260928,4.85,4.89,4.71,4.75,4.84,-0.09,-1.8595,150813.78,71799.77159,300511,雪榕生物,种植业
300512.SZ,20260928,7.59,7.62,7.35,7.42,7.62,-0.2,-2.6247,59187.0,44061.7955,300512,中亚股份,专用机械
300513.SZ,20260928,7.45,7.45,7.27,7.34,7.35,-0.01,-0.1361,54160.07,39773.69908,300513,恒实科技,软件服务
300514.SZ,20260928,10.0,10.17,9.95,10.11,9.91,0.2,2.0182,48357.25,48712.32325,300514,友讯达,电器仪表
300515.SZ,20260928,16.88,16.95,16.18,16.33,16.88,-0.55,-3.2583,45441.53,74675.63933,300515,三德科技,电器仪表
300516.SZ,20260928,35.45,35.48,33.61,34.0,35.61,-1.61,-4.5212,45179.65,154872.06102,300516,久之洋,电器仪表
300517.SZ,20260928,11.68,11.85,11.34,11.43,11.77,-0.34,-2.8887,41128.0,47208.95465,300517,海波重科,建筑工程
300518.SZ,20260928,25.32,26.28,25.09,25.79,25.57,0.22,0.8604,93123.12,238328.25824,300518,新迅达,互联网
300519.SZ,20260928,14.62,14.78,14.42,14.65,14.56,0.09,0.6181,22027.57,32103.64842,300519,新光药业,中成药
300520.SZ,20260928,23.75,23.86,22.4,22.58,23.87,-1.29,-5.4043,143909.93,329065.00248,300520,科大国创,软件服务
300521.SZ,20260928,25.27,25.27,23.65,24.02,25.0,-0.98,-3.92,26572.0,63998.46,300521,爱司凯,专用机械
300522.SZ,20260928,15.64,15.68,14.08,14.14,15.75,-1.61,-10.2222,231201.86,336639.04692,300522,世名科技,染料涂料
300523.SZ,20260928,22.0,22.45,21.43,21.87,22.01,-0.14,-0.6361,49375.87,108171.89106,300523,辰安科技,软件服务
300525.SZ,20260928,7.73,7.76,7.58,7.68,7.73,-0.05,-0.6468,83678.53,64165.95492,300525,博思软件,软件服务
300527.SZ,20260928,8.17,8.18,7.96,7.99,8.18,-0.19,-2.3227,56784.05,45638.3789,300527,ST应急,专用机械
300528.SZ,20260928,14.03,14.21,13.28,13.34,13.59,-0.25,-1.8396,132831.0,183421.9208,300528,幸福蓝海,影视音像
300529.SZ,20260928,15.03,15.1,14.86,15.0,14.96,0.04,0.2674,32146.59,48078.36278,300529,健帆生物,医疗保健
300530.SZ,20260928,18.82,19.05,18.45,18.66,18.98,-0.32,-1.686,23785.05,44325.54715,300530,领湃科技,电气设备
300531.SZ,20260928,15.22,15.28,14.79,14.9,15.23,-0.33,-2.1668,47633.67,71298.62245,300531,优博讯,IT设备
300532.SZ,20260928,7.36,7.43,7.3,7.36,7.41,-0.05,-0.6748,57470.21,42264.94911,300532,今天国际,软件服务
300533.SZ,20260928,13.9,13.96,13.6,13.65,13.92,-0.27,-1.9397,31674.23,43439.34906,300533,冰川网络,互联网
300534.SZ,20260928,13.5,13.77,12.89,13.0,13.84,-0.84,-6.0694,439430.05,576693.56233,300534,陇神戎发,中成药
300535.SZ,20260928,15.75,15.92,15.43,15.65,15.82,-0.17,-1.0746,20798.36,32503.51269,300535,达威股份,化工原料
300536.SZ,20260928,8.34,8.39,7.99,8.17,8.35,-0.18,-2.1557,45606.0,37201.862,300536,农尚环境,建筑工程
300537.SZ,20260928,21.09,21.24,20.0,20.38,21.24,-0.86,-4.049,79894.9,163905.3274,300537,广信材料,染料涂料
300538.SZ,20260928,15.2,15.21,14.17,14.31,15.2,-0.89,-5.8553,40363.32,58302.42187,300538,同益股份,塑料
300539.SZ,20260928,17.97,17.98,17.33,17.39,17.92,-0.53,-2.9576,58081.93,101714.55885,300539,横河精密,塑料
300540.SZ,20260928,26.3,26.64,25.09,25.4,26.49,-1.09,-4.1148,101760.48,260259.33186,300540,蜀道装备,专用机械
300541.SZ,20260928,9.51,9.53,9.16,9.25,9.42,-0.17,-1.8047,48331.27,44849.4874,300541,先进数通,软件服务
300542.SZ,20260928,12.35,12.35,11.98,12.22,12.25,-0.03,-0.2449,37198.3,45308.244,300542,新晨科技,软件服务
300543.SZ,20260928,7.87,7.94,7.72,7.8,7.87,-0.07,-0.8895,35905.76,28007.45926,300543,朗科智能,元器件
300545.SZ,20260928,28.72,28.78,26.55,26.73,27.72,-0.99,-3.5714,96253.73,262648.88474,300545,联得装备,专用机械
300546.SZ,20260928,16.62,16.68,16.26,16.47,16.65,-0.18,-1.0811,28006.4,46119.55539,300546,雄帝科技,IT设备
300547.SZ,20260928,24.52,24.52,23.05,23.67,24.55,-0.88,-3.5845,62585.46,147470.1229,300547,川环科技,汽车配件
300548.SZ,20260928,230.19,231.01,210.6,213.01,231.02,-18.01,-7.7959,118671.59,2575236.22425,300548,长芯博创,通信设备
300549.SZ,20260928,15.0,15.1,14.73,14.89,14.95,-0.06,-0.4013,20581.88,30657.21632,300549,优德精密,专用机械
300550.SZ,20260928,14.06,14.18,13.76,13.86,14.06,-0.2,-1.4225,36069.97,50196.91696,300550,和仁科技,软件服务
300551.SZ,20260928,11.67,11.99,11.4,11.58,11.71,-0.13,-1.1102,57815.83,67027.23163,300551,古鳌科技,软件服务
300552.SZ,20260928,20.03,20.29,19.5,19.66,20.03,-0.37,-1.8472,26207.66,51756.4009,300552,万集科技,IT设备
300553.SZ,20260928,65.06,65.32,58.91,59.89,65.71,-5.82,-8.8571,56812.85,345133.12181,300553,集智股份,电器仪表
300554.SZ,20260928,24.18,24.48,22.98,23.16,23.91,-0.75,-3.1368,80815.52,190433.98502,300554,三超新材,矿物制品
300555.SZ,20260928,12.45,12.45,12.1,12.19,12.45,-0.26,-2.0884,9167.15,11244.7994,300555,ST路通,通信设备
300556.SZ,20260928,15.97,16.02,15.67,15.83,15.98,-0.15,-0.9387,30090.0,47590.597,300556,丝路视觉,软件服务
300557.SZ,20260928,25.18,25.18,23.6,23.86,25.09,-1.23,-4.9024,24677.26,59212.57917,300557,理工光科,电器仪表
300558.SZ,20260928,48.23,48.66,47.23,47.71,48.23,-0.52,-1.0782,72187.93,344527.75793,300558,贝达药业,化学制药
300559.SZ,20260928,12.8,12.86,12.51,12.67,12.72,-0.05,-0.3931,46856.0,59300.12276,300559,佳发教育,软件服务
300560.SZ,20260928,16.98,17.2,15.68,15.92,17.19,-1.27,-7.388,150445.9,241340.4211,300560,中富通,通信设备
300561.SZ,20260928,14.7,14.75,14.35,14.35,14.73,-0.38,-2.5798,90512.62,131112.29786,300561,汇金科技,软件服务
300562.SZ,20260928,17.36,17.44,16.0,16.04,17.35,-1.31,-7.5504,150385.6,245993.1442,300562,乐心股份,医疗保健
300563.SZ,20260928,25.77,25.77,23.88,24.11,25.77,-1.66,-6.4416,68466.02,167054.54122,300563,神宇股份,通信设备
300564.SZ,20260928,12.43,12.77,12.43,12.45,12.49,-0.04,-0.3203,23826.0,29876.42,300564,筑博设计,建筑工程
300565.SZ,20260928,9.73,9.84,9.47,9.58,9.78,-0.2,-2.045,66889.86,64248.11924,300565,科信技术,通信设备
300566.SZ,20260928,26.06,26.29,23.99,24.27,26.14,-1.87,-7.1538,187055.99,463127.40407,300566,激智科技,元器件
300567.SZ,20260928,200.02,204.28,191.1,194.15,202.7,-8.55,-4.2181,50602.98,992250.92443,300567,精测电子,电器仪表
300568.SZ,20260928,17.3,17.43,15.98,16.12,17.5,-1.38,-7.8857,731648.2,1198225.24425,300568,星源材质,化工原料
300569.SZ,20260928,5.25,5.59,5.2,5.5,5.28,0.22,4.1667,838540.45,453638.17535,300569,天能重工,电气设备
300570.SZ,20260928,217.33,217.86,200.0,202.37,219.11,-16.74,-7.64,123573.84,2534218.72666,300570,太辰光,通信设备
300571.SZ,20260928,29.1,29.1,27.23,27.47,29.1,-1.63,-5.6014,53485.71,148550.15754,300571,平治信息,互联网
300572.SZ,20260928,24.58,24.64,23.06,23.2,24.58,-1.38,-5.6143,45802.0,107610.17766,300572,安车检测,电器仪表
300573.SZ,20260928,35.88,36.08,35.41,35.58,35.88,-0.3,-0.8361,28982.0,103354.43571,300573,兴齐眼药,化学制药
300575.SZ,20260928,6.22,6.24,5.96,6.08,6.25,-0.17,-2.72,218038.06,132193.75086,300575,中旗股份,农药化肥
300576.SZ,20260928,28.95,29.01,27.01,27.65,29.11,-1.46,-5.0155,115481.23,322917.18786,300576,容大感光,染料涂料
300577.SZ,20260928,19.46,19.51,18.7,18.75,19.34,-0.59,-3.0507,15948.0,30193.256,300577,开润股份,纺织
300578.SZ,20260928,15.78,15.78,14.83,15.23,15.5,-0.27,-1.7419,34477.8,52109.8308,300578,会畅科技,通信设备
300579.SZ,20260928,23.5,23.95,22.86,23.64,23.23,0.41,1.765,56723.87,133033.20802,300579,数字认证,软件服务
300580.SZ,20260928,18.46,18.58,17.89,18.1,18.46,-0.36,-1.9502,43923.39,79555.72008,300580,贝斯特,汽车配件
300581.SZ,20260928,10.1,10.13,9.82,9.92,10.08,-0.16,-1.5873,73256.03,72789.47962,300581,晨曦航空,航空
300582.SZ,20260928,10.62,10.63,10.33,10.48,10.6,-0.12,-1.1321,55303.13,57873.08422,300582,英飞特,元器件
300583.SZ,20260928,13.54,13.85,13.45,13.51,13.52,-0.01,-0.074,36587.0,49702.054,300583,赛托生物,化学制药
300584.SZ,20260928,30.44,30.51,29.4,29.71,30.24,-0.53,-1.7526,17415.09,51774.01183,300584,海辰药业,化学制药
300585.SZ,20260928,15.28,15.83,13.83,13.83,16.86,-3.03,-17.9715,178414.62,255443.90276,300585,奥联电子,汽车配件
300586.SZ,20260928,9.35,9.35,8.55,8.64,9.37,-0.73,-7.7908,231773.44,202964.71841,300586,美联新材,化工原料
300587.SZ,20260928,4.75,4.75,4.34,4.41,4.79,-0.38,-7.9332,388839.87,173549.36372,300587,天铁科技,橡胶
300588.SZ,20260928,21.76,21.93,20.98,21.15,21.76,-0.61,-2.8033,23425.8,49719.7604,300588,熙菱信息,IT设备
300589.SZ,20260928,13.56,13.59,13.05,13.2,13.6,-0.4,-2.9412,124053.15,164540.70073,300589,江龙船艇,船舶
300590.SZ,20260928,11.55,11.59,11.0,11.11,11.62,-0.51,-4.389,134028.3,149931.51495,300590,移为通信,通信设备
300591.SZ,20260928,6.47,6.52,6.28,6.38,6.47,-0.09,-1.391,85527.5,54353.7055,300591,万里马,服饰
300592.SZ,20260928,19.74,19.95,18.91,19.25,19.86,-0.61,-3.0715,87700.22,169363.89232,300592,华凯易佰,互联网
300593.SZ,20260928,32.63,32.76,29.88,30.03,33.42,-3.39,-10.1436,178235.9,547076.32782,300593,新雷能,电气设备
300594.SZ,20260928,15.05,15.27,14.71,15.15,15.19,-0.04,-0.2633,13094.0,19622.87,300594,ST朗进,运输设备
300595.SZ,20260928,10.12,10.17,9.94,10.02,10.09,-0.07,-0.6938,58362.67,58529.22333,300595,欧普康视,医疗保健
300596.SZ,20260928,40.34,40.4,38.75,39.24,40.68,-1.44,-3.5398,22275.28,87521.70101,300596,利安隆,化工原料
300597.SZ,20260928,7.95,8.02,7.75,7.93,7.95,-0.02,-0.2516,37187.96,29299.32248,300597,吉大通信,通信设备
300598.SZ,20260928,30.6,30.93,29.7,30.53,30.77,-0.24,-0.78,55639.99,169433.17308,300598,诚迈科技,软件服务
300599.SZ,20260928,13.7,15.47,13.57,14.74,13.69,1.05,7.6698,392299.21,574921.62033,300599,雄塑科技,塑料
300600.SZ,20260928,10.26,10.29,9.96,10.1,10.27,-0.17,-1.6553,53329.31,53789.13432,300600,国瑞科技,船舶
300601.SZ,20260928,12.9,13.0,12.75,12.86,12.88,-0.02,-0.1553,117952.34,151744.01312,300601,康泰生物,生物制药
300602.SZ,20260928,37.46,37.66,34.81,35.17,37.47,-2.3,-6.1382,144980.54,516145.82651,300602,飞荣达,元器件
300603.SZ,20260928,8.06,8.11,7.74,7.82,8.05,-0.23,-2.8571,88486.89,69537.20028,300603,立昂技术,通信设备
300604.SZ,20260928,259.01,264.33,247.6,248.93,261.0,-12.07,-4.6245,159327.54,4056200.97179,300604,长川科技,半导体
300605.SZ,20260928,10.24,10.54,10.15,10.42,10.24,0.18,1.7578,92195.68,95546.37497,300605,恒锋信息,软件服务
300606.SZ,20260928,35.99,36.02,32.67,32.76,35.98,-3.22,-8.9494,67422.74,225602.72486,300606,金太阳,机械基件
300607.SZ,20260928,31.96,32.07,30.3,30.6,32.22,-1.62,-5.0279,191124.15,590055.04161,300607,拓斯达,专用机械
300608.SZ,20260928,9.87,9.94,9.61,9.67,9.86,-0.19,-1.927,63745.54,61998.19351,300608,思特奇,软件服务
300609.SZ,20260928,24.6,24.9,23.37,23.9,24.91,-1.01,-4.0546,27657.0,66395.344,300609,汇纳科技,软件服务
300610.SZ,20260928,10.43,10.47,10.16,10.29,10.49,-0.2,-1.9066,40572.47,41743.43269,300610,晨化股份,化工原料
300611.SZ,20260928,27.96,28.08,26.88,27.14,27.82,-0.68,-2.4443,38023.01,103694.94744,300611,美力科技,汽车配件
300612.SZ,20260928,12.41,12.41,11.94,11.99,12.27,-0.28,-2.282,42899.62,51725.61462,300612,宣亚国际,广告包装
300613.SZ,20260928,86.7,86.8,81.39,82.04,86.88,-4.84,-5.5709,146469.46,1216311.05175,300613,富瀚微,半导体
300614.SZ,20260928,10.33,10.4,10.11,10.3,10.31,-0.01,-0.097,26269.81,26983.04415,300614,百川畅银,环境保护
300615.SZ,20260928,13.75,13.85,13.03,13.21,13.86,-0.65,-4.6898,97741.73,129836.88855,300615,欣天科技,通信设备
300616.SZ,20260928,10.9,10.96,10.46,10.51,10.83,-0.32,-2.9548,37075.77,39255.70542,300616,尚品宅配,家居用品
300617.SZ,20260928,35.24,35.44,33.98,34.23,35.32,-1.09,-3.0861,30727.53,105627.00465,300617,安靠智电,电气设备
300618.SZ,20260928,31.35,31.35,29.98,30.21,31.28,-1.07,-3.4207,32142.87,97504.43352,300618,寒锐钴业,小金属
300619.SZ,20260928,26.35,26.51,23.12,23.45,26.69,-3.24,-12.1394,118313.57,283818.38162,300619,金银河,专用机械
300620.SZ,20260928,276.19,276.49,251.2,255.27,278.0,-22.73,-8.1763,103340.04,2674687.36353,300620,光库科技,通信设备
300621.SZ,20260928,7.1,7.15,6.97,7.04,7.09,-0.05,-0.7052,34259.46,24183.98492,300621,维业股份,装修装饰
300622.SZ,20260928,15.16,15.27,14.68,14.74,15.16,-0.42,-2.7704,46870.49,69586.48761,300622,博士眼镜,其他商业
300623.SZ,20260928,33.94,33.94,32.41,33.05,33.94,-0.89,-2.6223,193017.37,637490.63656,300623,捷捷微电,半导体
300624.SZ,20260928,48.91,49.46,46.55,46.97,48.74,-1.77,-3.6315,64868.6,306821.15933,300624,万兴科技,软件服务
300625.SZ,20260928,10.02,10.13,9.85,9.94,10.02,-0.08,-0.7984,20735.01,20657.87998,300625,三雄极光,家用电器
300626.SZ,20260928,29.12,29.68,28.41,28.67,29.12,-0.45,-1.5453,41155.0,118892.313,300626,华瑞股份,电气设备
300627.SZ,20260928,26.27,26.44,25.85,26.01,26.28,-0.27,-1.0274,47917.12,124970.1368,300627,华测导航,通信设备
300628.SZ,20260928,41.31,42.2,40.9,41.1,40.96,0.14,0.3418,85053.1,352279.45374,300628,亿联网络,通信设备
300629.SZ,20260928,18.88,19.19,18.21,18.54,19.08,-0.54,-2.8302,149595.9,278779.77851,300629,新劲刚,元器件
300631.SZ,20260928,21.49,21.49,20.73,20.84,21.31,-0.47,-2.2055,12971.34,27207.62562,300631,久吾高科,环境保护
300632.SZ,20260928,19.17,19.25,17.63,17.84,19.39,-1.55,-7.9938,129109.21,234516.30107,300632,光莆股份,半导体
300633.SZ,20260928,19.42,19.51,19.0,19.29,19.26,0.03,0.1558,27395.7,52613.40192,300633,开立医疗,医疗保健
300634.SZ,20260928,21.06,21.31,20.45,20.63,21.2,-0.57,-2.6887,88437.85,183223.22995,300634,彩讯股份,软件服务
300635.SZ,20260928,11.91,11.97,11.62,11.74,11.88,-0.14,-1.1785,31092.0,36552.488,300635,中达安,建筑工程
300636.SZ,20260928,7.04,7.11,6.99,7.06,7.04,0.02,0.2841,60351.21,42484.78608,300636,同和药业,化学制药
300637.SZ,20260928,9.4,9.45,9.25,9.33,9.43,-0.1,-1.0604,31683.29,29527.91787,300637,扬帆新材,化工原料
300638.SZ,20260928,20.38,20.38,19.7,19.97,20.38,-0.41,-2.0118,122959.27,245630.48031,300638,广和通,通信设备
300639.SZ,20260928,6.34,6.6,6.21,6.29,6.22,0.07,1.1254,213598.68,134938.65656,300639,凯普生物,医疗保健
300640.SZ,20260928,6.4,6.43,6.24,6.26,6.41,-0.15,-2.3401,79790.36,50456.98252,300640,德艺文创,家居用品
300641.SZ,20260928,13.49,13.5,12.97,12.98,13.42,-0.44,-3.2787,45365.02,59452.6506,300641,正丹股份,化工原料
300642.SZ,20260928,21.0,21.02,19.6,20.32,20.59,-0.27,-1.3113,217619.44,445362.1379,300642,透景生命,医疗保健
300643.SZ,20260928,17.6,17.68,16.87,17.2,17.6,-0.4,-2.2727,42358.82,72482.14163,300643,万通智控,汽车配件
300644.SZ,20260928,21.5,21.5,20.55,20.62,21.44,-0.82,-3.8246,26103.9,54437.95622,300644,南京聚隆,塑料
300645.SZ,20260928,13.89,14.05,13.71,13.89,13.92,-0.03,-0.2155,31606.66,43809.67414,300645,正元智慧,软件服务
300647.SZ,20260928,9.5,9.94,8.96,9.52,9.56,-0.04,-0.4184,912477.27,864031.01919,300647,超频三,化工原料
300648.SZ,20260928,39.03,39.4,37.01,37.63,39.19,-1.56,-3.9806,17409.7,65639.02188,300648,星云股份,电气设备
300649.SZ,20260928,27.35,27.69,26.0,26.58,27.63,-1.05,-3.8002,38062.17,102369.46852,300649,杭州园林,建筑工程
300650.SZ,20260928,12.63,12.63,12.04,12.16,12.68,-0.52,-4.1009,49041.2,59921.84181,300650,太龙股份,元器件
300651.SZ,20260928,16.32,16.36,15.91,15.96,16.16,-0.2,-1.2376,30821.0,49404.213,300651,金陵体育,文教休闲
300652.SZ,20260928,28.3,28.69,27.57,27.72,28.65,-0.93,-3.2461,34573.56,96510.80037,300652,雷迪克,汽车配件
300653.SZ,20260928,15.45,15.7,15.33,15.6,15.42,0.18,1.1673,23176.29,36012.60072,300653,正海生物,医疗保健
300654.SZ,20260928,9.57,9.64,9.3,9.3,9.57,-0.27,-2.8213,67411.44,63153.9577,300654,世纪天鸿,出版业
300655.SZ,20260928,13.35,13.4,12.68,12.8,13.34,-0.54,-4.048,276184.34,357424.53052,300655,晶瑞电材,半导体
300656.SZ,20260928,29.58,29.67,27.8,28.3,29.58,-1.28,-4.3272,62631.38,177780.44677,300656,民德电子,IT设备
300657.SZ,20260928,35.5,35.73,33.31,33.43,36.04,-2.61,-7.242,243919.47,830310.98279,300657,弘信电子,元器件
300658.SZ,20260928,10.65,10.65,10.1,10.12,10.56,-0.44,-4.1667,56762.1,58286.1859,300658,延江股份,纺织
300659.SZ,20260928,10.91,11.91,10.91,11.6,10.71,0.89,8.31,308433.52,353188.31473,300659,中孚信息,IT设备
300660.SZ,20260928,23.55,23.89,23.25,23.41,23.63,-0.22,-0.931,39612.0,93024.45375,300660,江苏雷利,电气设备
300661.SZ,20260928,119.66,123.53,116.6,117.0,120.55,-3.55,-2.9448,106178.56,1264981.47586,300661,圣邦股份,半导体
300662.SZ,20260928,20.65,20.65,20.11,20.26,20.6,-0.34,-1.6505,15769.87,32003.78892,300662,科锐国际,文教休闲
300663.SZ,20260928,7.55,7.56,7.33,7.44,7.49,-0.05,-0.6676,130981.34,97447.15596,300663,科蓝软件,软件服务
300664.SZ,20260928,4.58,4.61,4.52,4.57,4.59,-0.02,-0.4357,54662.93,24912.62308,300664,鹏鹞环保,环境保护
300665.SZ,20260928,8.8,8.87,8.56,8.66,8.86,-0.2,-2.2573,45043.0,39005.335,300665,飞鹿股份,染料涂料
300666.SZ,20260928,242.05,244.97,229.6,232.64,243.62,-10.98,-4.507,67542.13,1590355.45186,300666,江丰电子,半导体
300667.SZ,20260928,15.01,15.14,14.5,14.54,15.15,-0.61,-4.0264,68468.62,100863.41623,300667,必创科技,电器仪表
300668.SZ,20260928,32.29,33.5,31.5,31.53,31.76,-0.23,-0.7242,49279.32,160103.9466,300668,杰恩股份,装修装饰
300669.SZ,20260928,25.6,26.5,24.02,24.78,25.54,-0.76,-2.9757,31255.75,77777.21875,300669,沪宁股份,运输设备
300670.SZ,20260928,7.44,7.5,7.16,7.23,7.41,-0.18,-2.4291,98857.0,71989.5695,300670,大烨智能,电气设备
300671.SZ,20260928,59.9,59.9,56.28,56.9,60.15,-3.25,-5.4032,111658.88,643400.1141,300671,富满微,半导体
300672.SZ,20260928,191.61,193.48,173.6,175.8,193.3,-17.5,-9.0533,97558.69,1752793.90964,300672,国科微,半导体
300673.SZ,20260928,14.87,15.14,14.58,14.71,14.82,-0.11,-0.7422,28050.3,41461.7871,300673,佩蒂股份,饲料
300674.SZ,20260928,16.12,16.13,15.63,15.83,16.14,-0.31,-1.9207,97939.85,155108.35582,300674,宇信科技,软件服务
300675.SZ,20260928,13.07,15.33,12.95,13.93,13.1,0.83,6.3359,136944.42,195399.1801,300675,建科院,建筑工程
300676.SZ,20260928,46.6,46.99,44.01,44.6,45.12,-0.52,-1.1525,168989.44,756701.33364,300676,华大基因,医疗保健
300677.SZ,20260928,49.62,50.24,48.32,48.4,49.14,-0.74,-1.5059,68678.12,337811.4339,300677,英科医疗,医疗保健
300678.SZ,20260928,21.12,21.18,20.46,20.66,21.14,-0.48,-2.2706,33747.22,70001.71855,300678,中科信息,软件服务
300679.SZ,20260928,44.42,44.6,40.5,41.01,44.72,-3.71,-8.2961,173982.28,728434.6755,300679,电连技术,元器件
300680.SZ,20260928,20.68,20.68,20.14,20.22,20.68,-0.46,-2.2244,41149.72,83928.50076,300680,隆盛科技,汽车配件
300681.SZ,20260928,22.32,22.47,21.06,21.2,22.51,-1.31,-5.8196,129619.52,278218.17863,300681,英搏尔,汽车配件
300682.SZ,20260928,8.75,8.78,8.58,8.67,8.74,-0.07,-0.8009,93771.5,81054.74912,300682,朗新科技,软件服务
300683.SZ,20260928,25.3,25.48,24.57,24.82,25.16,-0.34,-1.3514,28240.92,70270.14879,300683,海特生物,生物制药
300684.SZ,20260928,120.0,120.0,108.0,109.2,118.62,-9.42,-7.9413,244594.83,2725679.79672,300684,中石科技,元器件
300685.SZ,20260928,21.15,21.38,20.4,20.85,20.81,0.04,0.1922,135211.15,281311.84525,300685,艾德生物,医疗保健
300686.SZ,20260928,14.68,14.83,14.01,14.14,14.77,-0.63,-4.2654,51847.0,74237.035,300686,智动力,元器件
300687.SZ,20260928,29.2,29.42,27.23,27.57,29.45,-1.88,-6.3837,131685.48,367392.62433,300687,赛意信息,软件服务
300688.SZ,20260928,35.47,35.48,32.79,33.06,35.61,-2.55,-7.1609,89344.76,300585.00958,300688,创业黑马,文教休闲
300689.SZ,20260928,66.22,67.36,58.7,59.23,66.87,-7.64,-11.4252,50931.95,313433.03866,300689,澄天伟业,通信设备
300690.SZ,20260928,25.16,26.0,24.46,26.0,25.11,0.89,3.5444,149027.26,377165.46042,300690,双一科技,电气设备
300691.SZ,20260928,22.01,22.2,20.05,20.27,21.68,-1.41,-6.5037,307644.63,640362.71637,300691,联合光电,元器件
300692.SZ,20260928,9.12,9.24,8.81,8.85,9.11,-0.26,-2.854,124407.44,111151.7976,300692,中赋科技,环境保护
300693.SZ,20260928,37.3,37.47,35.3,35.84,37.06,-1.22,-3.292,95867.71,344844.16074,300693,盛弘股份,电气设备
300694.SZ,20260928,10.69,10.76,10.47,10.57,10.69,-0.12,-1.1225,30089.0,31842.963,300694,蠡湖股份,汽车配件
300695.SZ,20260928,51.18,51.33,48.2,48.47,51.13,-2.66,-5.2024,16186.5,79783.9937,300695,兆丰股份,汽车配件
300696.SZ,20260928,20.4,20.49,18.87,19.45,20.4,-0.95,-4.6569,50588.09,98251.80371,300696,爱乐达,航空
300697.SZ,20260928,14.79,14.79,14.01,14.03,14.82,-0.79,-5.3306,106419.32,151636.27778,300697,电工合金,铜
300698.SZ,20260928,27.52,27.74,26.23,26.52,27.72,-1.2,-4.329,26275.64,69890.55456,300698,万马科技,通信设备
300699.SZ,20260928,23.04,23.12,22.35,22.58,23.03,-0.45,-1.954,84822.71,191659.73847,300699,光威复材,化纤
300700.SZ,20260928,17.68,17.97,16.52,16.83,17.42,-0.59,-3.3869,81547.29,138975.56756,300700,岱勒新材,矿物制品
300701.SZ,20260928,10.02,10.15,9.8,9.89,10.06,-0.17,-1.6899,29283.27,29044.72419,300701,森霸传感,元器件
300702.SZ,20260928,21.68,22.25,21.13,22.25,21.3,0.95,4.4601,35023.77,76012.2693,300702,天宇股份,化学制药
300703.SZ,20260928,13.87,14.29,13.5,13.61,13.7,-0.09,-0.6569,56228.91,77518.95056,300703,创源股份,文教休闲
300705.SZ,20260928,10.78,10.89,10.72,10.78,10.76,0.02,0.1859,38537.41,41541.61177,300705,九典制药,化学制药
300706.SZ,20260928,50.05,50.46,47.56,48.02,50.36,-2.34,-4.6465,56344.26,274141.55228,300706,阿石创,元器件
300707.SZ,20260928,12.3,12.3,11.87,11.96,12.14,-0.18,-1.4827,23768.0,28547.546,300707,威唐工业,汽车配件
300708.SZ,20260928,9.41,9.46,9.11,9.14,9.45,-0.31,-3.2804,377839.42,349255.51068,300708,聚灿光电,半导体
300709.SZ,20260928,37.91,38.0,35.0,35.4,37.74,-2.34,-6.2003,70216.07,251260.66822,300709,精研科技,元器件
300710.SZ,20260928,31.78,31.99,29.65,29.7,32.15,-2.45,-7.6205,40764.0,123594.376,300710,万隆光电,通信设备
300711.SZ,20260928,18.08,18.12,16.93,17.02,18.34,-1.32,-7.1974,73124.09,125751.25715,300711,广哈通信,通信设备
300712.SZ,20260928,20.23,20.29,19.53,19.73,20.44,-0.71,-3.4736,16644.16,32939.35856,300712,永福股份,建筑工程
300713.SZ,20260928,13.62,13.67,13.33,13.39,13.55,-0.16,-1.1808,23859.44,32114.6038,300713,英可瑞,电气设备
300715.SZ,20260928,14.51,15.03,13.81,14.08,14.52,-0.44,-3.0303,149923.46,214551.45222,300715,凯伦股份,其他建材
300716.SZ,20260928,17.85,17.85,16.89,17.43,17.85,-0.42,-2.3529,16408.0,28406.27,300716,*ST泉为,塑料
300717.SZ,20260928,19.43,19.55,18.7,19.01,19.32,-0.31,-1.6046,38201.0,72978.411,300717,华信新材,塑料
300718.SZ,20260928,52.97,58.5,52.97,57.31,54.38,2.93,5.388,129340.25,724648.94157,300718,长盛轴承,机械基件
300719.SZ,20260928,11.97,12.03,11.7,11.77,11.97,-0.2,-1.6708,25722.71,30437.11759,300719,安达维尔,航空
300720.SZ,20260928,62.5,63.57,56.95,58.1,61.8,-3.7,-5.9871,82248.2,486388.98602,300720,海川智能,电器仪表
300721.SZ,20260928,22.1,22.11,20.75,20.99,22.21,-1.22,-5.493,57891.0,122755.4998,300721,怡达股份,化工原料
300722.SZ,20260928,21.26,21.4,20.87,20.99,21.45,-0.46,-2.1445,19774.73,41601.33412,300722,新余国科,航空
300723.SZ,20260928,33.34,33.51,32.26,32.5,33.2,-0.7,-2.1084,32912.02,107429.66476,300723,一品红,化学制药
300724.SZ,20260928,54.56,55.38,53.23,53.75,54.35,-0.6,-1.104,66230.33,358263.80151,300724,捷佳伟创,专用机械
300725.SZ,20260928,52.78,53.52,51.01,51.58,52.08,-0.5,-0.9601,189527.01,984172.66722,300725,药石科技,化学制药
300726.SZ,20260928,57.85,58.0,51.95,52.39,58.43,-6.04,-10.3372,115515.39,622999.9246,300726,宏达电子,元器件
300727.SZ,20260928,34.5,34.78,32.83,32.93,34.78,-1.85,-5.3191,44768.03,149650.0738,300727,润禾材料,化工原料
300729.SZ,20260928,11.41,11.58,11.2,11.2,11.3,-0.1,-0.885,52089.71,59126.59278,300729,乐歌股份,家居用品
300730.SZ,20260928,11.46,11.46,11.06,11.23,11.38,-0.15,-1.3181,36991.0,41427.589,300730,科创信息,软件服务
300731.SZ,20260928,51.62,52.0,45.01,45.79,52.82,-7.03,-13.3094,114344.91,538394.45673,300731,科创新源,橡胶
300732.SZ,20260928,5.75,5.83,5.68,5.77,5.74,0.03,0.5226,41591.84,23927.56891,300732,设研院,建筑工程
300733.SZ,20260928,13.43,13.44,12.84,12.89,13.39,-0.5,-3.7341,44788.32,58507.77768,300733,西菱动力,汽车配件
300735.SZ,20260928,18.5,18.58,17.18,17.6,18.47,-0.87,-4.7103,134167.24,236035.29681,300735,光弘科技,元器件
300736.SZ,20260928,34.86,34.86,32.85,33.62,34.98,-1.36,-3.8879,46166.5,155585.826,300736,百邦科技,通信设备
300737.SZ,20260928,4.6,4.64,4.4,4.44,4.57,-0.13,-2.8446,269833.64,120773.63536,300737,科顺股份,其他建材
300738.SZ,20260928,19.22,19.3,18.62,18.71,19.31,-0.6,-3.1072,226643.0,427734.64307,300738,奥飞数据,软件服务
300739.SZ,20260928,30.16,30.26,27.85,28.19,30.16,-1.97,-6.5318,193878.96,556112.88432,300739,明阳电路,元器件
300740.SZ,20260928,21.31,21.58,19.98,20.36,21.3,-0.94,-4.4131,373358.89,766982.78009,300740,水羊股份,日用化工
300741.SZ,20260928,27.0,27.0,24.7,25.5,26.6,-1.1,-4.1353,260982.79,670326.06353,300741,华宝股份,食品
300743.SZ,20260928,14.5,14.55,14.25,14.34,14.51,-0.17,-1.1716,18589.0,26759.82028,300743,天地数码,IT设备
300745.SZ,20260928,27.6,27.7,26.08,26.25,27.89,-1.64,-5.8802,64747.75,172400.82362,300745,欣锐科技,汽车配件
300746.SZ,20260928,15.01,15.58,14.78,14.96,15.0,-0.04,-0.2667,66654.63,101008.6973,300746,汉嘉数智,建筑工程
300747.SZ,20260928,39.32,39.35,35.92,36.14,39.36,-3.22,-8.1809,204384.08,755651.4273,300747,锐科激光,专用机械
300748.SZ,20260928,25.03,25.05,23.92,24.1,25.29,-1.19,-4.7054,132948.38,322636.22601,300748,金力永磁,矿物制品
300749.SZ,20260928,23.84,23.89,22.13,22.24,23.97,-1.73,-7.2174,52967.0,119789.249,300749,顶固集创,家居用品
300750.SZ,20260928,289.0,292.66,286.66,291.99,293.5,-1.51,-0.5145,339143.6,9829828.12697,300750,宁德时代,电气设备
300751.SZ,20260928,192.89,194.0,181.57,182.6,194.5,-11.9,-6.1183,42725.14,793032.91193,300751,迈为股份,专用机械
300752.SZ,20260928,13.27,13.31,12.7,12.86,13.12,-0.26,-1.9817,71370.91,92118.97878,300752,隆利科技,元器件
300753.SZ,20260928,21.03,21.28,20.48,20.55,21.17,-0.62,-2.9287,36800.3,76337.0787,300753,爱朋医疗,医疗保健
300755.SZ,20260928,11.42,12.15,11.01,11.11,11.38,-0.27,-2.3726,93952.24,107072.55124,300755,华致酒行,其他商业
300756.SZ,20260928,32.61,33.08,30.66,30.87,32.39,-1.52,-4.6928,53178.41,169513.27091,300756,金马游乐,专用机械
300757.SZ,20260928,562.01,567.0,525.89,530.31,565.86,-35.55,-6.2825,60916.99,3283478.96404,300757,罗博特科,专用机械
300758.SZ,20260928,11.27,11.37,10.87,10.99,11.31,-0.32,-2.8294,56206.15,61840.44503,300758,七彩化学,染料涂料
300759.SZ,20260928,44.0,44.34,42.95,43.13,43.5,-0.37,-0.8506,334585.55,1453853.32524,300759,康龙化成,化学制药
300760.SZ,20260928,153.9,158.85,153.87,158.29,153.86,4.43,2.8792,90253.24,1418129.42871,300760,迈瑞医疗,医疗保健
300761.SZ,20260928,20.37,21.1,20.25,20.88,20.43,0.45,2.2026,111897.8,232202.1082,300761,立华股份,农业综合
300762.SZ,20260928,26.12,26.45,24.9,25.06,26.4,-1.34,-5.0758,142205.6,360445.12687,300762,上海瀚讯,通信设备
300763.SZ,20260928,53.17,53.45,51.33,52.25,53.15,-0.9,-1.6933,90916.45,475319.19079,300763,锦浪科技,电气设备
300765.SZ,20260928,44.3,44.63,43.53,44.03,44.15,-0.12,-0.2718,91176.14,401732.87053,300765,石药创新,生物制药
300766.SZ,20260928,21.65,21.78,20.95,21.1,21.65,-0.55,-2.5404,93837.31,199242.61827,300766,每日互动,互联网
300767.SZ,20260928,20.99,21.05,19.03,19.27,21.16,-1.89,-8.9319,117358.38,230761.73322,300767,震安科技,橡胶
300768.SZ,20260928,15.28,15.35,14.75,15.03,15.06,-0.03,-0.1992,83480.78,125403.23826,300768,迪普科技,软件服务
300769.SZ,20260928,39.8,39.8,37.8,38.11,40.06,-1.95,-4.8677,83925.57,323001.56748,300769,德方纳米,化工原料
300770.SZ,20260928,35.08,35.6,34.7,34.95,35.22,-0.27,-0.7666,34090.67,119844.21138,300770,新媒股份,影视音像
300771.SZ,20260928,11.4,11.49,11.18,11.23,11.43,-0.2,-1.7498,30263.27,34233.2225,300771,智莱科技,IT设备
300772.SZ,20260928,9.55,9.99,9.55,9.85,9.47,0.38,4.0127,342715.71,333915.19887,300772,运达股份,电气设备
300773.SZ,20260928,14.72,14.76,14.36,14.38,14.73,-0.35,-2.3761,203683.93,294881.46818,300773,拉卡拉,软件服务
300774.SZ,20260928,9.76,9.81,9.42,9.5,9.77,-0.27,-2.7636,63177.18,60315.91928,300774,倍杰特,环境保护
300775.SZ,20260928,20.62,20.63,19.97,20.19,20.65,-0.46,-2.2276,79143.71,160183.50094,300775,三角防务,航空
300776.SZ,20260928,136.29,137.0,127.0,129.74,129.97,-0.23,-0.177,184240.27,2425461.58861,300776,帝尔激光,专用机械
300777.SZ,20260928,21.21,21.28,19.97,20.08,21.05,-0.97,-4.6081,79245.0,160614.4803,300777,中简科技,化纤
300778.SZ,20260928,10.96,11.37,10.7,10.85,10.85,0.0,0.0,51293.8,56234.1449,300778,新城市,建筑工程
300779.SZ,20260928,52.02,52.25,49.58,50.79,52.14,-1.35,-2.5892,62763.27,317143.90185,300779,惠城环保,环境保护
300780.SZ,20260928,20.05,20.08,18.66,18.97,20.13,-1.16,-5.7625,42186.0,80907.371,300780,德恩精工,机械基件
300781.SZ,20260928,26.97,26.97,25.57,25.79,26.75,-0.96,-3.5888,26445.21,68557.28243,300781,因赛集团,广告包装
300782.SZ,20260928,75.53,75.7,69.95,70.25,75.78,-5.53,-7.2974,123211.41,878896.44094,300782,卓胜微,半导体
300783.SZ,20260928,16.64,16.74,16.23,16.42,16.56,-0.14,-0.8454,57507.13,94246.10359,300783,三只松鼠,食品
300784.SZ,20260928,42.65,42.9,41.75,42.18,42.86,-0.68,-1.5866,5236.01,22110.26701,300784,利安科技,塑料
300785.SZ,20260928,34.84,35.17,33.5,33.52,34.78,-1.26,-3.6228,73709.64,250766.48131,300785,值得买,互联网
300786.SZ,20260928,14.86,14.88,14.04,14.18,14.83,-0.65,-4.383,62445.68,89417.26836,300786,国林科技,环境保护
300787.SZ,20260928,11.63,11.88,11.32,11.7,11.7,0.0,0.0,84204.54,96836.63768,300787,海能实业,元器件
300788.SZ,20260928,30.09,30.58,28.52,28.66,30.08,-1.42,-4.7207,113463.46,329972.89289,300788,中信出版,出版业
300789.SZ,20260928,16.29,16.58,15.71,16.03,16.39,-0.36,-2.1965,23102.48,36965.51508,300789,唐源电气,运输设备
300790.SZ,20260928,19.68,19.86,17.94,18.08,19.67,-1.59,-8.0834,282851.02,523248.17003,300790,宇瞳光学,元器件
300791.SZ,20260928,17.68,17.76,17.36,17.43,17.52,-0.09,-0.5137,7850.45,13736.34798,300791,仙乐健康,医疗保健
300792.SZ,20260928,24.34,24.83,23.7,23.86,24.33,-0.47,-1.9318,74258.0,179690.245,300792,壹网壹创,互联网
300793.SZ,20260928,11.93,11.98,11.69,11.84,11.92,-0.08,-0.6711,45764.18,54170.54976,300793,佳禾智能,IT设备
300795.SZ,20260928,13.03,13.47,12.63,12.81,13.1,-0.29,-2.2137,162898.65,211068.2867,300795,米奥会展,文教休闲
300796.SZ,20260928,6.87,6.97,6.8,6.91,6.87,0.04,0.5822,34292.0,23537.975,300796,贝斯美,农药化肥
300797.SZ,20260928,13.43,13.43,13.01,13.09,13.49,-0.4,-2.9652,34231.38,45052.91954,300797,钢研纳克,电器仪表
300798.SZ,20260928,8.31,8.4,8.01,8.26,8.38,-0.12,-1.432,226067.12,185575.63964,300798,锦鸡股份,染料涂料
300800.SZ,20260928,10.6,10.68,10.38,10.54,10.55,-0.01,-0.0948,30511.0,32110.991,300800,力合科技,环境保护
300801.SZ,20260928,21.56,21.56,20.62,20.81,21.58,-0.77,-3.5681,27233.72,56985.18479,300801,泰和科技,化工原料
300802.SZ,20260928,26.26,26.36,24.65,25.03,26.26,-1.23,-4.6839,87308.93,220767.89396,300802,矩子科技,专用机械
300803.SZ,20260928,56.1,56.45,53.61,53.97,56.5,-2.53,-4.4779,160658.05,876761.87599,300803,指南针,软件服务
300804.SZ,20260928,45.0,45.49,43.66,44.35,45.76,-1.41,-3.0813,9419.6,41839.67725,300804,广康生化,农药化肥
300805.SZ,20260928,8.69,8.74,8.38,8.45,8.65,-0.2,-2.3121,128414.0,109431.63728,300805,电声股份,广告包装
300806.SZ,20260928,53.03,53.24,48.05,48.25,53.45,-5.2,-9.7287,262766.79,1314111.96442,300806,斯迪克,塑料
300807.SZ,20260928,35.97,36.02,34.65,34.91,35.72,-0.81,-2.2676,8800.09,30876.63572,300807,天迈科技,软件服务
300808.SZ,20260928,20.86,20.89,19.88,20.07,20.84,-0.77,-3.6948,29562.15,59825.9057,300808,久量股份,家用电器
300809.SZ,20260928,24.4,24.5,23.5,23.79,24.38,-0.59,-2.42,25170.18,60071.49859,300809,华辰装备,机床制造
300810.SZ,20260928,24.9,25.03,24.15,24.39,25.04,-0.65,-2.5958,13253.0,32393.26675,300810,中科海讯,船舶
300811.SZ,20260928,83.02,83.27,76.88,78.0,83.28,-5.28,-6.3401,142323.41,1126047.66249,300811,铂科新材,矿物制品
300812.SZ,20260928,20.01,20.23,18.9,18.98,20.04,-1.06,-5.2894,63518.22,122891.53722,300812,易天股份,专用机械
300813.SZ,20260928,22.68,22.92,21.86,22.12,22.6,-0.48,-2.1239,27320.4,60652.3822,300813,泰林生物,医疗保健
300814.SZ,20260928,137.0,137.68,125.36,126.82,138.43,-11.61,-8.3869,53435.91,692578.82833,300814,中富电路,元器件
300815.SZ,20260928,15.41,15.5,14.86,14.97,15.4,-0.43,-2.7922,40891.29,61441.02463,300815,玉禾田,环境保护
300816.SZ,20260928,64.21,64.21,58.36,58.42,64.28,-5.86,-9.1164,23936.72,144227.2535,300816,艾可蓝,汽车配件
300817.SZ,20260928,16.54,18.7,16.37,17.63,16.52,1.11,6.7191,91820.8,160403.1272,300817,双飞集团,机械基件
300818.SZ,20260928,16.42,16.42,15.63,15.79,16.4,-0.61,-3.7195,27651.15,43802.1471,300818,耐普矿机,专用机械
300819.SZ,20260928,48.45,48.73,44.58,45.14,48.83,-3.69,-7.5568,34965.23,161014.8365,300819,聚杰微纤,纺织
300820.SZ,20260928,72.06,72.46,66.66,67.47,71.94,-4.47,-6.2135,57788.12,395196.92262,300820,英杰电气,电气设备
300821.SZ,20260928,15.57,15.58,14.56,14.66,15.51,-0.85,-5.4803,340321.17,505024.27803,300821,东岳硅材,化工原料
300822.SZ,20260928,11.56,11.56,11.17,11.26,11.5,-0.24,-2.087,21800.0,24614.455,300822,贝仕达克,元器件
300823.SZ,20260928,14.69,14.79,14.42,14.55,14.7,-0.15,-1.0204,20963.06,30586.32798,300823,建科智能,专用机械
300824.SZ,20260928,7.9,8.34,7.85,8.08,7.88,0.2,2.5381,107623.5,87329.54504,300824,北鼎股份,家用电器
300825.SZ,20260928,11.95,12.26,11.47,11.64,11.93,-0.29,-2.4308,311032.58,367056.57286,300825,阿尔特,汽车服务
300826.SZ,20260928,15.5,15.5,14.31,14.53,15.37,-0.84,-5.4652,56414.99,82623.05418,300826,测绘股份,建筑工程
300827.SZ,20260928,25.22,25.47,24.39,24.6,25.31,-0.71,-2.8052,71345.9,177099.04477,300827,上能电气,电气设备
300828.SZ,20260928,16.77,18.3,16.1,18.0,16.68,1.32,7.9137,137481.23,236853.71523,300828,锐新科技,机械基件
300829.SZ,20260928,27.29,27.5,22.49,22.7,27.56,-4.86,-17.6343,433803.13,1029834.22437,300829,金丹科技,食品
300830.SZ,20260928,8.03,8.04,7.79,7.87,7.99,-0.12,-1.5019,78657.2,62003.67002,300830,金现代,软件服务
300831.SZ,20260928,13.83,13.9,13.3,13.4,13.91,-0.51,-3.6664,38296.47,51875.5189,300831,ST派瑞,半导体
300832.SZ,20260928,47.83,49.9,47.73,49.61,47.73,1.88,3.9388,46486.02,228719.51524,300832,新产业,医疗保健
300833.SZ,20260928,42.93,44.97,42.93,44.43,42.91,1.52,3.5423,24047.03,106219.12684,300833,浩洋股份,专用机械
300834.SZ,20260928,40.43,40.75,38.01,38.35,40.66,-2.31,-5.6813,16449.36,64078.64473,300834,星辉环材,化工原料
300835.SZ,20260928,189.81,194.46,180.78,185.78,189.93,-4.15,-2.185,29641.14,554481.95325,300835,龙磁科技,矿物制品
300836.SZ,20260928,57.24,57.8,53.08,54.3,57.4,-3.1,-5.4007,20251.6,110728.17038,300836,佰奥智能,专用机械
300837.SZ,20260928,22.82,23.12,22.18,22.24,22.69,-0.45,-1.9833,16587.37,37387.73783,300837,浙矿股份,专用机械
300838.SZ,20260928,14.42,14.51,14.14,14.31,14.46,-0.15,-1.0373,20855.09,29873.79898,300838,浙江力诺,机械基件
300839.SZ,20260928,13.0,13.1,12.44,12.57,13.08,-0.51,-3.8991,52869.0,66639.2184,300839,博汇股份,石油加工
300840.SZ,20260928,19.28,19.28,18.3,18.53,19.27,-0.74,-3.8402,69465.0,129075.887,300840,酷特智能,服饰
300841.SZ,20260928,55.13,55.85,54.02,54.88,54.88,0.0,0.0,25182.77,137813.70256,300841,康华生物,生物制药
300842.SZ,20260928,66.0,66.27,59.5,60.42,66.21,-5.79,-8.7449,66697.83,411228.0755,300842,帝科股份,电气设备
300843.SZ,20260928,120.59,122.32,114.6,116.9,122.91,-6.01,-4.8898,63642.99,749383.01284,300843,胜蓝股份,元器件
300844.SZ,20260928,24.16,24.84,24.02,24.6,24.13,0.47,1.9478,21292.92,52069.12448,300844,山水比德,建筑工程
300845.SZ,20260928,14.2,14.6,13.9,14.45,14.2,0.25,1.7606,84587.4,120540.23454,300845,捷安高科,软件服务
300846.SZ,20260928,19.79,19.8,18.46,18.63,19.79,-1.16,-5.8615,176204.76,331465.2727,300846,首都在线,软件服务
300847.SZ,20260928,14.3,14.97,14.21,14.67,14.4,0.27,1.875,94848.37,138119.68684,300847,中船汉光,化工原料
300848.SZ,20260928,11.41,11.41,10.82,10.9,11.23,-0.33,-2.9386,29377.07,32152.38181,300848,美瑞新材,化工原料
300849.SZ,20260928,22.51,22.67,21.0,21.49,22.52,-1.03,-4.5737,35769.0,77078.7815,300849,锦盛新材,塑料
300850.SZ,20260928,29.25,30.88,28.17,30.22,29.25,0.97,3.3162,238665.83,699015.16878,300850,新强联,机械基件
300851.SZ,20260928,24.69,25.07,24.42,24.9,24.69,0.21,0.8505,13120.0,32510.135,300851,交大思诺,运输设备
300852.SZ,20260928,71.23,72.5,67.19,67.91,72.95,-5.04,-6.9088,112172.17,773750.74329,300852,四会富仕,元器件
300853.SZ,20260928,30.4,30.4,28.38,29.05,30.33,-1.28,-4.2202,45003.27,131342.03894,300853,申昊科技,专用机械
300854.SZ,20260928,15.39,15.41,14.8,14.9,15.37,-0.47,-3.0579,25921.84,38848.64336,300854,中兰环保,环境保护
300855.SZ,20260928,34.37,34.96,33.71,33.88,34.37,-0.49,-1.4257,35784.85,122001.30365,300855,图南股份,小金属
300856.SZ,20260928,10.42,10.48,10.19,10.29,10.4,-0.11,-1.0577,18617.89,19143.39256,300856,科思股份,日用化工
300857.SZ,20260928,267.01,270.98,244.1,245.99,268.58,-22.59,-8.4109,153283.35,3884473.01198,300857,协创数据,IT设备
300858.SZ,20260928,14.79,14.92,14.52,14.59,14.78,-0.19,-1.2855,25690.7,37535.8056,300858,科拓生物,食品
300859.SZ,20260928,23.68,23.7,22.65,23.08,23.59,-0.51,-2.1619,38152.0,87809.371,300859,西域旅游,旅游服务
300860.SZ,20260928,29.11,29.29,28.2,28.46,29.3,-0.84,-2.8669,25021.06,71716.75202,300860,锋尚文化,文教休闲
300861.SZ,20260928,15.88,15.95,15.13,15.25,15.85,-0.6,-3.7855,78515.69,120852.70471,300861,美畅股份,矿物制品
300862.SZ,20260928,56.71,57.0,45.99,47.48,56.23,-8.75,-15.5611,344533.34,1725556.93964,300862,蓝盾光电,电器仪表
300863.SZ,20260928,41.06,41.07,37.34,37.93,41.25,-3.32,-8.0485,79514.33,304970.62387,300863,卡倍亿,汽车配件
300864.SZ,20260928,25.9,26.35,24.69,24.84,25.7,-0.86,-3.3463,34503.55,86903.14971,300864,南大环境,环境保护
300865.SZ,20260928,32.8,32.8,28.44,28.87,32.8,-3.93,-11.9817,51537.0,152949.7024,300865,大宏立,专用机械
300866.SZ,20260928,124.1,127.9,120.0,121.1,122.6,-1.5,-1.2235,36545.96,449135.96074,300866,安克创新,元器件
300867.SZ,20260928,17.51,17.51,16.79,16.85,17.62,-0.77,-4.37,43944.12,74706.26535,300867,圣元环保,环境保护
300868.SZ,20260928,82.83,82.98,74.75,77.55,82.84,-5.29,-6.3858,33848.0,262055.271,300868,杰美特,元器件
300869.SZ,20260928,11.48,11.6,11.3,11.35,11.46,-0.11,-0.9599,32144.62,36636.59009,300869,康泰医学,医疗保健
300870.SZ,20260928,203.0,205.0,179.26,182.13,202.1,-19.97,-9.8812,59726.92,1124914.01653,300870,欧陆通,电气设备
300871.SZ,20260928,20.98,21.27,20.58,20.7,20.89,-0.19,-0.9095,34901.34,72832.05097,300871,回盛生物,农业综合
300872.SZ,20260928,15.04,15.19,14.7,14.87,15.15,-0.28,-1.8482,80134.43,119412.75292,300872,天阳科技,软件服务
300873.SZ,20260928,15.5,15.77,14.16,14.28,15.59,-1.31,-8.4028,146003.4,212065.07314,300873,海晨股份,仓储物流
300875.SZ,20260928,31.6,31.66,30.53,30.97,31.6,-0.63,-1.9937,17214.99,53298.47574,300875,捷强装备,专用机械
300876.SZ,20260928,15.23,15.43,14.89,15.33,15.19,0.14,0.9217,23648.33,35755.80794,300876,蒙泰高新,化纤
300877.SZ,20260928,27.29,27.6,26.08,26.29,27.45,-1.16,-4.2259,15401.56,40888.0131,300877,金春股份,纺织
300878.SZ,20260928,31.11,31.14,29.65,29.8,30.9,-1.1,-3.5599,16384.44,49291.90144,300878,维康药业,中成药
300879.SZ,20260928,17.9,17.9,17.15,17.32,17.71,-0.39,-2.2021,35518.15,61622.85675,300879,大叶股份,农用机械
300880.SZ,20260928,18.98,18.98,17.96,18.23,18.98,-0.75,-3.9515,27764.34,50746.57924,300880,迦南智能,电器仪表
300881.SZ,20260928,30.67,31.06,29.64,29.81,30.67,-0.86,-2.804,10539.23,31596.91245,300881,盛德鑫泰,钢加工
300882.SZ,20260928,13.39,13.39,12.99,13.07,13.29,-0.22,-1.6554,13524.38,17769.62599,300882,万胜智能,电器仪表
300883.SZ,20260928,6.42,6.47,6.27,6.32,6.42,-0.1,-1.5576,46411.89,29359.86626,300883,龙利得,造纸
300884.SZ,20260928,12.21,12.21,11.8,11.93,12.2,-0.27,-2.2131,41512.18,49594.94645,300884,狄耐克,IT设备
300885.SZ,20260928,18.9,19.05,18.48,18.56,18.9,-0.34,-1.7989,23421.37,43782.67642,300885,海昌新材,机械基件
300886.SZ,20260928,23.97,24.45,23.6,23.65,23.97,-0.32,-1.335,12450.16,29731.26742,300886,华业香料,化工原料
300887.SZ,20260928,7.08,7.09,6.89,6.95,7.02,-0.07,-0.9972,65674.21,45619.73963,300887,谱尼测试,电器仪表
300888.SZ,20260928,29.47,29.61,29.12,29.24,29.47,-0.23,-0.7805,19174.71,56163.85493,300888,稳健医疗,医疗保健
300889.SZ,20260928,23.15,23.2,21.25,21.37,22.75,-1.38,-6.0659,52328.86,113287.05382,300889,爱克股份,电气设备
300890.SZ,20260928,26.2,26.25,25.26,25.44,26.25,-0.81,-3.0857,34073.62,87029.96128,300890,翔丰华,电气设备
300891.SZ,20260928,7.58,7.63,7.42,7.5,7.6,-0.1,-1.3158,38929.85,29142.121,300891,惠云钛业,化工原料
300892.SZ,20260928,22.62,22.8,22.22,22.44,22.39,0.05,0.2233,15238.15,34211.6153,300892,品渥食品,乳制品
300893.SZ,20260928,13.64,13.7,13.14,13.18,13.73,-0.55,-4.0058,29284.25,38931.7379,300893,松原安全,汽车配件
300894.SZ,20260928,10.31,10.31,9.88,9.92,10.26,-0.34,-3.3138,44869.13,44833.53958,300894,火星人,家用电器
300895.SZ,20260928,62.69,62.69,58.9,59.11,62.69,-3.58,-5.7106,67456.38,405203.43214,300895,铜牛信息,软件服务
300896.SZ,20260928,92.0,92.88,91.46,91.63,92.26,-0.63,-0.6829,16658.84,153302.90957,300896,爱美客,医疗保健
300897.SZ,20260928,17.83,18.69,16.69,16.8,17.51,-0.71,-4.0548,58692.13,101004.69655,300897,山科智能,电器仪表
300898.SZ,20260928,20.2,21.1,20.02,20.25,19.75,0.5,2.5316,56030.77,114748.62128,300898,熊猫乳品,乳制品
300899.SZ,20260928,30.19,30.19,29.06,29.5,30.19,-0.69,-2.2855,7474.0,22162.597,300899,上海凯鑫,环境保护
300900.SZ,20260928,22.51,22.8,21.6,21.67,22.65,-0.98,-4.3267,97127.91,213217.02246,300900,广联航空,航空
300901.SZ,20260928,17.75,17.95,16.24,16.73,17.75,-1.02,-5.7465,66258.75,111245.92585,300901,中胤时尚,服饰
300902.SZ,20260928,18.67,19.07,17.65,17.87,18.74,-0.87,-4.6425,73988.64,133532.19643,300902,国安达,专用机械
300903.SZ,20260928,103.2,103.59,94.0,94.6,103.6,-9.0,-8.6873,180069.33,1758826.24093,300903,科翔股份,元器件
300904.SZ,20260928,46.96,48.46,45.09,47.92,47.0,0.92,1.9574,43590.96,203339.70164,300904,威力传动,电气设备
300905.SZ,20260928,37.43,37.7,34.8,34.97,37.5,-2.53,-6.7467,74686.55,265203.99753,300905,宝丽迪,染料涂料
300906.SZ,20260928,28.72,28.78,27.73,28.16,28.8,-0.64,-2.2222,9307.14,26140.63222,300906,日月明,运输设备
300907.SZ,20260928,56.5,56.5,51.29,51.54,56.44,-4.9,-8.6818,43388.24,229300.19386,300907,康平科技,电气设备
300908.SZ,20260928,16.99,17.38,16.95,17.27,16.89,0.38,2.2499,25564.79,44031.04458,300908,仲景食品,食品
300909.SZ,20260928,66.0,66.87,61.1,61.2,64.71,-3.51,-5.4242,61198.6,388106.8234,300909,汇创达,元器件
300910.SZ,20260928,27.71,27.74,26.92,27.29,27.71,-0.42,-1.5157,37940.0,103682.58348,300910,瑞丰新材,化工原料
300911.SZ,20260928,34.75,35.2,32.58,32.83,35.15,-2.32,-6.6003,85847.9,285875.86817,300911,亿田智能,家用电器
300912.SZ,20260928,19.88,19.88,19.2,19.44,19.94,-0.5,-2.5075,24680.64,48049.39504,300912,凯龙高科,汽车配件
300913.SZ,20260928,39.36,39.36,35.4,36.03,39.51,-3.48,-8.8079,145431.07,530588.41654,300913,兆龙互连,通信设备
300915.SZ,20260928,23.5,23.79,23.07,23.27,23.07,0.2,0.8669,28677.76,67115.98062,300915,海融科技,乳制品
300916.SZ,20260928,27.73,28.5,26.96,27.53,27.76,-0.23,-0.8285,34955.88,96482.88839,300916,朗特智能,元器件
300917.SZ,20260928,31.18,32.46,30.66,31.88,31.45,0.43,1.3672,145107.23,458293.24241,300917,特发服务,房产服务
300918.SZ,20260928,10.88,11.17,10.67,10.7,10.89,-0.19,-1.7447,87691.4,95244.01341,300918,南山智尚,纺织
300919.SZ,20260928,37.21,37.49,35.99,36.17,37.6,-1.43,-3.8032,71485.78,260428.33561,300919,中伟新材,电气设备
300920.SZ,20260928,33.76,33.76,31.2,31.36,33.68,-2.32,-6.8884,15240.77,48891.90193,300920,润阳科技,塑料
300921.SZ,20260928,16.13,16.19,15.39,15.64,16.12,-0.48,-2.9777,56897.67,89120.89772,300921,南凌科技,互联网
300922.SZ,20260928,17.69,17.7,16.97,17.09,17.7,-0.61,-3.4463,50257.41,86392.42604,300922,天秦装备,专用机械
300923.SZ,20260928,24.13,24.13,23.46,23.7,24.14,-0.44,-1.8227,15056.17,35746.29309,300923,研奥股份,运输设备
300925.SZ,20260928,13.84,13.87,13.41,13.56,13.84,-0.28,-2.0231,39862.17,54005.7709,300925,法本信息,软件服务
300926.SZ,20260928,16.5,16.55,15.97,16.02,16.52,-0.5,-3.0266,24570.0,39717.238,300926,博俊科技,汽车配件
300927.SZ,20260928,27.19,27.19,26.44,26.79,27.18,-0.39,-1.4349,54056.45,144523.49907,300927,江天化学,化工原料
300928.SZ,20260928,24.68,24.98,23.77,24.06,24.73,-0.67,-2.7093,17187.5,41549.16778,300928,华安鑫创,汽车配件
300929.SZ,20260928,16.11,16.36,15.52,15.66,16.02,-0.36,-2.2472,22676.4,35764.40363,300929,华骐环保,环境保护
300930.SZ,20260928,26.0,26.3,25.18,25.45,25.67,-0.22,-0.857,14544.67,37083.43742,300930,屹通新材,小金属
300931.SZ,20260928,17.4,18.12,16.72,17.0,17.46,-0.46,-2.6346,233147.1,399789.64112,300931,通用电梯,运输设备
300932.SZ,20260928,11.06,11.22,10.59,10.8,11.06,-0.26,-2.3508,109328.75,118010.43173,300932,三友联众,电气设备
300933.SZ,20260928,6.53,6.53,6.23,6.3,6.52,-0.22,-3.3742,83282.85,52742.35454,300933,中辰股份,电气设备
300935.SZ,20260928,27.61,27.93,26.66,27.2,27.61,-0.41,-1.485,15467.62,41935.20523,300935,盈建科,软件服务
300936.SZ,20260928,78.78,79.16,70.7,71.79,78.94,-7.15,-9.0575,30669.61,224023.93294,300936,中英科技,元器件
300937.SZ,20260928,24.37,24.56,23.97,24.1,24.37,-0.27,-1.1079,21422.49,51789.44311,300937,药易购,医药商业
300938.SZ,20260928,31.88,32.25,29.63,30.31,31.4,-1.09,-3.4713,111581.36,339638.64827,300938,信测标准,电器仪表
300939.SZ,20260928,103.0,104.5,95.68,96.95,102.33,-5.38,-5.2575,62200.58,613510.53989,300939,秋田微,元器件
300940.SZ,20260928,13.66,13.71,13.22,13.33,13.66,-0.33,-2.4158,28717.91,38515.48061,300940,南极光,元器件
300941.SZ,20260928,15.01,15.19,14.72,14.96,15.03,-0.07,-0.4657,29654.53,44409.99053,300941,创识科技,IT设备
300942.SZ,20260928,6.55,6.65,6.49,6.52,6.55,-0.03,-0.458,32053.16,20979.60602,300942,易瑞生物,医疗保健
300943.SZ,20260928,35.3,35.8,32.46,32.97,36.07,-3.1,-8.5944,105286.5,355384.52371,300943,春晖智控,机械基件
300945.SZ,20260928,11.33,11.36,11.04,11.14,11.39,-0.25,-2.1949,52485.97,58397.31085,300945,曼卡龙,服饰
300946.SZ,20260928,37.14,37.2,36.17,36.34,37.22,-0.88,-2.3643,9488.3,34599.72385,300946,恒而达,机械基件
300947.SZ,20260928,15.62,15.74,15.12,15.21,15.62,-0.41,-2.6248,41579.42,63648.85978,300947,德必集团,房产服务
300948.SZ,20260928,19.62,19.67,17.86,18.13,19.63,-1.5,-7.6414,63355.52,117063.6929,300948,冠中生态,环境保护
300949.SZ,20260928,23.69,23.96,23.28,23.74,23.69,0.05,0.2111,9272.65,21814.95505,300949,奥雅股份,建筑工程
300950.SZ,20260928,20.48,20.75,19.95,20.5,20.5,0.0,0.0,24774.75,50337.40188,300950,德固特,专用机械
300951.SZ,20260928,90.69,90.69,79.0,79.1,90.72,-11.62,-12.8086,74514.75,611783.27256,300951,博硕科技,元器件
300952.SZ,20260928,17.22,17.3,16.75,16.8,16.95,-0.15,-0.885,56633.02,96005.19913,300952,恒辉安防,纺织
300953.SZ,20260928,96.8,97.37,92.13,93.75,96.8,-3.05,-3.1508,49145.05,461013.12434,300953,震裕科技,电气设备
300955.SZ,20260928,29.06,29.08,27.71,27.88,28.77,-0.89,-3.0935,12598.67,35570.75427,300955,嘉亨家化,日用化工
300956.SZ,20260928,11.33,11.5,10.92,11.03,11.33,-0.3,-2.6478,38418.1,42629.7337,300956,英力股份,元器件
300957.SZ,20260928,32.98,33.13,32.33,32.45,32.94,-0.49,-1.4876,45962.6,149981.58298,300957,贝泰妮,日用化工
300958.SZ,20260928,12.29,12.53,12.23,12.39,12.37,0.02,0.1617,25870.3,32049.62461,300958,建工修复,环境保护
300959.SZ,20260928,91.08,91.08,84.47,86.0,91.04,-5.04,-5.536,25931.04,224591.73552,300959,线上线下,电信运营
300960.SZ,20260928,18.98,19.08,18.06,18.97,18.99,-0.02,-0.1053,58028.98,108168.39982,300960,通业科技,运输设备
300961.SZ,20260928,11.8,11.81,11.5,11.58,11.84,-0.26,-2.1959,34112.94,39553.45546,300961,深水海纳,环境保护
300962.SZ,20260928,13.11,13.27,12.93,12.96,13.16,-0.2,-1.5198,14745.61,19255.53817,300962,中金辐照,医疗保健
300963.SZ,20260928,11.05,11.05,10.56,10.61,10.91,-0.3,-2.7498,46246.52,49368.62213,300963,中洲特材,小金属
300964.SZ,20260928,75.59,76.25,70.8,71.88,76.26,-4.38,-5.7435,63239.48,460725.82426,300964,本川智能,元器件
300965.SZ,20260928,43.2,43.35,41.48,42.12,43.09,-0.97,-2.2511,4967.76,20966.83034,300965,恒宇信通,航空
300966.SZ,20260928,25.48,25.74,24.32,24.74,25.48,-0.74,-2.9042,21199.8,52752.21248,300966,共同药业,化学制药
300967.SZ,20260928,16.11,16.32,15.86,16.15,16.15,0.0,0.0,28546.62,45910.0193,300967,晓鸣股份,农业综合
300968.SZ,20260928,9.89,9.89,9.41,9.55,9.81,-0.26,-2.6504,49508.94,47309.76413,300968,格林精密,元器件
300969.SZ,20260928,78.22,78.23,74.0,74.56,78.26,-3.7,-4.7278,17463.92,131653.05348,300969,恒帅股份,汽车配件
300970.SZ,20260928,17.72,18.08,16.89,17.03,17.62,-0.59,-3.3485,69010.86,118662.10619,300970,华绿生物,种植业
300971.SZ,20260928,17.67,17.76,17.32,17.4,17.67,-0.27,-1.528,19182.27,33580.32954,300971,博亚精工,机械基件
300972.SZ,20260928,156.0,158.28,152.98,155.6,155.26,0.34,0.219,13856.07,215510.03132,300972,万辰集团,食品
300973.SZ,20260928,25.39,25.66,25.22,25.51,25.39,0.12,0.4726,16171.81,41258.07737,300973,立高食品,食品
300975.SZ,20260928,25.88,25.89,23.75,23.92,26.03,-2.11,-8.106,322485.22,785210.1794,300975,商络电子,元器件
300976.SZ,20260928,62.43,62.58,56.9,57.59,62.43,-4.84,-7.7527,48506.83,284499.89945,300976,达瑞电子,元器件
300977.SZ,20260928,19.43,19.6,18.69,18.9,19.52,-0.62,-3.1762,39604.73,75232.86877,300977,深圳瑞捷,建筑工程
300978.SZ,20260928,8.74,8.9,8.66,8.74,8.77,-0.03,-0.3421,34297.43,29974.89741,300978,东箭科技,汽车配件
300979.SZ,20260928,33.89,34.98,33.02,34.02,34.18,-0.16,-0.4681,46058.42,157251.09366,300979,华利集团,服饰
300980.SZ,20260928,23.57,23.83,22.71,22.98,23.69,-0.71,-2.997,26454.53,60968.05254,300980,祥源新材,塑料
300981.SZ,20260928,17.7,19.99,17.62,18.57,17.61,0.96,5.4514,321011.47,610230.54332,300981,中红医疗,医疗保健
300982.SZ,20260928,14.34,14.48,14.15,14.22,14.34,-0.12,-0.8368,16601.86,23687.30334,300982,苏文电能,建筑工程
300983.SZ,20260928,37.62,38.0,36.7,37.24,38.0,-0.76,-2.0,6898.14,25586.36126,300983,尤安设计,建筑工程
300984.SZ,20260928,31.95,31.96,30.7,30.89,31.91,-1.02,-3.1965,33259.5,103268.3354,300984,金沃股份,机械基件
300985.SZ,20260928,37.94,37.94,34.44,34.89,37.73,-2.84,-7.5272,32966.96,117120.79562,300985,致远新能,汽车配件
300986.SZ,20260928,11.66,11.66,10.9,11.04,11.59,-0.55,-4.7455,175372.68,195376.78807,300986,志特新材,建筑工程
300987.SZ,20260928,14.22,14.58,14.04,14.05,14.32,-0.27,-1.8855,59718.48,84782.41361,300987,川网传媒,互联网
300988.SZ,20260928,16.36,16.36,15.97,16.14,16.36,-0.22,-1.3447,36090.52,58221.62725,300988,津荣天宇,机械基件
300989.SZ,20260928,15.15,15.23,14.5,14.73,15.23,-0.5,-3.283,30617.44,45023.24506,300989,蕾奥规划,建筑工程
300990.SZ,20260928,106.17,106.44,97.68,99.1,104.53,-5.43,-5.1947,47522.43,472939.95423,300990,同飞股份,专用机械
300991.SZ,20260928,29.03,29.11,25.83,26.2,28.91,-2.71,-9.3739,48224.22,129164.19535,300991,创益通,元器件
300992.SZ,20260928,28.13,28.44,27.32,27.69,28.44,-0.75,-2.6371,26641.4,73768.3464,300992,泰福泵业,机械基件
300993.SZ,20260928,9.95,9.95,9.7,9.72,9.94,-0.22,-2.2133,27231.35,26641.46275,300993,玉马科技,家居用品
300994.SZ,20260928,11.3,11.45,11.2,11.36,11.23,0.13,1.1576,25880.02,29332.82925,300994,久祺股份,文教休闲
300995.SZ,20260928,26.48,26.48,25.6,26.05,26.33,-0.28,-1.0634,13587.99,35199.57185,300995,奇德新材,塑料
300996.SZ,20260928,12.46,12.56,11.95,12.05,12.44,-0.39,-3.135,137801.1,167044.42282,300996,普联软件,软件服务
300997.SZ,20260928,15.48,15.57,15.05,15.09,15.4,-0.31,-2.013,58320.5,88648.5855,300997,欢乐家,软饮料
300998.SZ,20260928,29.6,30.72,28.88,29.32,29.63,-0.31,-1.0462,56000.05,167203.45068,300998,宁波方正,专用机械
300999.SZ,20260928,24.55,24.69,24.15,24.18,24.55,-0.37,-1.5071,77135.31,187354.59391,300999,金龙鱼,食品
301000.SZ,20260928,24.39,24.53,23.51,23.73,24.39,-0.66,-2.706,33874.62,80890.2505,301000,肇民科技,汽车配件
301001.SZ,20260928,25.54,25.7,24.99,25.31,25.55,-0.24,-0.9393,11568.26,29224.88864,301001,凯淳股份,互联网
301002.SZ,20260928,27.4,27.68,26.0,26.29,27.48,-1.19,-4.3304,26570.79,70353.43117,301002,崧盛股份,电气设备
301003.SZ,20260928,57.99,58.28,55.99,56.4,58.22,-1.82,-3.1261,19571.04,110921.57711,301003,江苏博云,塑料
301004.SZ,20260928,34.48,39.24,34.48,38.28,32.7,5.58,17.0642,47611.54,177021.16249,301004,嘉益股份,家居用品
301005.SZ,20260928,60.7,61.5,57.8,58.36,60.86,-2.5,-4.1078,55479.04,326821.62876,301005,超捷股份,汽车配件
301006.SZ,20260928,13.86,14.05,13.72,13.76,13.91,-0.15,-1.0784,15475.89,21483.74661,301006,迈拓股份,电器仪表
301007.SZ,20260928,32.27,32.39,30.18,30.4,32.27,-1.87,-5.7949,22805.71,70453.2856,301007,德迈仕,汽车配件
301008.SZ,20260928,58.09,58.49,53.87,55.4,58.14,-2.74,-4.7128,110426.26,618113.20549,301008,宏昌科技,家用电器
301009.SZ,20260928,9.38,9.38,9.16,9.2,9.29,-0.09,-0.9688,22336.72,20612.0617,301009,可靠股份,造纸
301010.SZ,20260928,19.46,19.81,18.99,19.46,19.38,0.08,0.4128,39551.26,76912.094,301010,晶雪节能,其他建材
301011.SZ,20260928,15.9,16.2,15.3,15.35,15.96,-0.61,-3.8221,32780.09,50806.57087,301011,华立科技,文教休闲
301012.SZ,20260928,22.9,22.95,22.0,22.17,22.95,-0.78,-3.3987,32525.8,72462.02362,301012,扬电科技,电气设备
301013.SZ,20260928,37.45,37.86,34.12,34.54,37.62,-3.08,-8.1871,143557.82,506171.21375,301013,利和兴,专用机械
301015.SZ,20260928,25.34,25.8,24.8,24.95,25.23,-0.28,-1.1098,45677.26,114665.98264,301015,百洋医药,医药商业
301016.SZ,20260928,15.25,15.5,14.81,15.11,15.27,-0.16,-1.0478,53526.89,80895.58438,301016,雷尔伟,运输设备
301017.SZ,20260928,13.25,13.27,12.9,12.97,13.25,-0.28,-2.1132,65433.29,85230.59211,301017,漱玉平民,医药商业
301018.SZ,20260928,97.99,98.6,90.0,91.74,97.6,-5.86,-6.0041,95372.88,885696.62284,301018,申菱环境,专用机械
301019.SZ,20260928,15.61,15.75,15.47,15.66,15.65,0.01,0.0639,14109.7,22031.3937,301019,宁波色母,塑料
301020.SZ,20260928,23.89,24.0,22.53,22.63,24.54,-1.91,-7.7832,68864.24,158254.76703,301020,密封科技,汽车配件
301021.SZ,20260928,85.81,87.47,79.85,81.15,86.15,-5.0,-5.8038,81885.71,675595.18406,301021,英诺激光,专用机械
301022.SZ,20260928,22.25,22.53,21.9,22.19,22.3,-0.11,-0.4933,9063.41,20051.54357,301022,海泰科,专用机械
301023.SZ,20260928,29.11,29.38,28.64,28.94,29.11,-0.17,-0.584,11461.92,33207.85294,301023,奕帆传动,电气设备
301024.SZ,20260928,33.71,34.11,32.91,33.59,33.96,-0.37,-1.0895,9465.79,31687.80226,301024,霍普股份,建筑工程
301025.SZ,20260928,9.92,10.19,9.76,9.84,9.99,-0.15,-1.5015,105688.6,104411.91943,301025,读客文化,出版业
301026.SZ,20260928,18.76,18.93,18.29,18.43,18.86,-0.43,-2.28,43684.53,81010.40297,301026,浩通科技,小金属
301027.SZ,20260928,19.28,19.38,18.52,18.78,19.3,-0.52,-2.6943,37923.58,71201.77782,301027,华蓝集团,建筑工程
301028.SZ,20260928,13.77,13.8,12.92,13.04,13.86,-0.82,-5.9163,73543.83,97216.63838,301028,鼎熔岩,专用机械
301029.SZ,20260928,24.97,25.0,24.04,24.37,24.97,-0.6,-2.4029,64068.83,156341.81508,301029,怡合达,专用机械
301030.SZ,20260928,5.28,5.33,4.76,4.85,5.33,-0.48,-9.0056,172921.04,86220.7796,301030,*ST仕净,环境保护
301031.SZ,20260928,100.07,100.86,93.88,94.23,99.48,-5.25,-5.2774,23157.05,222327.16574,301031,中熔电气,电气设备
301032.SZ,20260928,10.26,10.36,10.1,10.28,10.22,0.06,0.5871,39785.2,40732.3364,301032,新柴股份,工程机械
301033.SZ,20260928,54.8,54.96,53.17,53.93,54.35,-0.42,-0.7728,8333.88,45101.54648,301033,迈普医学,医疗保健
301035.SZ,20260928,48.33,49.0,47.71,48.77,48.23,0.54,1.1196,16550.83,80447.51956,301035,润丰股份,农药化肥
301036.SZ,20260928,22.6,22.6,22.01,22.26,22.42,-0.16,-0.7136,9473.06,21025.42851,301036,双乐股份,染料涂料
301037.SZ,20260928,13.1,13.32,12.82,13.16,13.12,0.04,0.3049,20149.32,26272.68786,301037,保立佳,染料涂料
301038.SZ,20260928,16.58,16.93,16.1,16.36,16.52,-0.16,-0.9685,33457.9,55077.2686,301038,深水规院,建筑工程
301039.SZ,20260928,7.23,7.28,7.11,7.26,7.19,0.07,0.9736,102174.93,73516.69618,301039,中集车辆,汽车整车
301040.SZ,20260928,26.09,26.61,25.45,25.88,26.42,-0.54,-2.0439,12088.0,31076.537,301040,中环海陆,机械基件
301041.SZ,20260928,36.94,37.39,34.59,35.22,37.57,-2.35,-6.255,124408.74,443794.86005,301041,金百泽,元器件
301042.SZ,20260928,31.0,31.0,28.98,29.2,30.8,-1.6,-5.1948,28132.12,82994.00745,301042,安联锐视,IT设备
301043.SZ,20260928,49.25,49.25,47.2,48.35,48.91,-0.56,-1.145,8882.83,42742.01404,301043,绿岛风,机械基件
301045.SZ,20260928,72.01,72.3,66.0,66.62,72.49,-5.87,-8.0977,35369.56,241531.57045,301045,天禄科技,元器件
301046.SZ,20260928,34.81,35.15,32.89,33.65,34.47,-0.82,-2.3789,69756.41,235814.77938,301046,能辉科技,建筑工程
301047.SZ,20260928,154.0,157.58,143.01,146.0,146.86,-0.86,-0.5856,113006.19,1678614.57244,301047,义翘神州,生物制药
301048.SZ,20260928,8.9,8.99,8.81,8.91,8.92,-0.01,-0.1121,25300.44,22522.41663,301048,金鹰重工,运输设备
301049.SZ,20260928,20.63,20.68,20.08,20.38,20.63,-0.25,-1.2118,9677.54,19722.68397,301049,超越科技,环境保护
301050.SZ,20260928,27.72,27.89,26.72,26.96,27.83,-0.87,-3.1261,28757.08,77914.80026,301050,雷电微力,航空
301051.SZ,20260928,18.4,18.47,17.0,17.29,18.4,-1.11,-6.0326,55916.57,97758.31796,301051,信濠光电,元器件
301052.SZ,20260928,24.28,24.79,23.28,23.61,24.31,-0.7,-2.8795,37996.77,90166.94506,301052,果麦文化,出版业
301053.SZ,20260928,36.13,36.24,33.76,34.73,36.13,-1.4,-3.8749,23492.6,81440.8827,301053,远信工业,专用机械
301055.SZ,20260928,31.41,31.41,29.21,29.7,31.51,-1.81,-5.7442,31287.92,93673.21303,301055,张小泉,家居用品
301056.SZ,20260928,13.69,13.83,12.98,13.07,13.42,-0.35,-2.608,35116.0,46405.345,301056,森赫股份,运输设备
301057.SZ,20260928,24.5,24.5,22.15,22.36,24.48,-2.12,-8.6601,45451.82,103566.9357,301057,汇隆新材,化纤
301058.SZ,20260928,8.45,8.55,8.36,8.39,8.5,-0.11,-1.2941,68370.74,57540.70835,301058,中粮科工,建筑工程
301059.SZ,20260928,13.21,13.45,12.96,13.05,13.21,-0.16,-1.2112,36370.49,47763.65636,301059,金三江,化工原料
301060.SZ,20260928,12.0,12.36,11.77,11.85,11.86,-0.01,-0.0843,135347.32,161363.45425,301060,兰卫医学,医疗保健
301061.SZ,20260928,42.14,42.86,41.05,41.28,42.05,-0.77,-1.8312,27009.28,112711.57201,301061,匠心家居,家居用品
301062.SZ,20260928,6.95,7.08,6.81,6.86,7.0,-0.14,-2.0,43852.81,30199.62403,301062,上海艾录,广告包装
301063.SZ,20260928,18.38,18.82,18.21,18.53,18.43,0.1,0.5426,27003.42,49918.36057,301063,海锅股份,电气设备
301065.SZ,20260928,20.05,20.15,19.81,20.0,19.95,0.05,0.2506,14626.9,29242.79517,301065,本立科技,化学制药
301066.SZ,20260928,12.6,12.79,12.35,12.39,12.66,-0.27,-2.1327,47971.09,59869.57773,301066,万事利,纺织
301067.SZ,20260928,34.62,34.83,32.41,32.65,34.61,-1.96,-5.6631,37411.09,124320.11931,301067,显盈科技,元器件
301068.SZ,20260928,25.06,25.06,23.77,23.84,25.07,-1.23,-4.9063,14986.57,36217.00333,301068,大地海洋,环境保护
301069.SZ,20260928,15.85,15.85,15.23,15.34,15.85,-0.51,-3.2177,33455.32,51494.6641,301069,凯盛新材,化工原料
301070.SZ,20260928,66.45,67.26,63.1,64.37,65.6,-1.23,-1.875,28829.67,186384.59219,301070,开勒股份,机械基件
301071.SZ,20260928,69.58,69.9,64.5,65.98,69.04,-3.06,-4.4322,168747.98,1122624.12111,301071,力量钻石,矿物制品
301072.SZ,20260928,47.99,47.99,42.19,45.29,47.47,-2.18,-4.5924,47394.75,214034.49463,301072,中捷精工,汽车配件
301073.SZ,20260928,17.84,17.85,17.13,17.21,17.75,-0.54,-3.0423,50953.3,88368.34623,301073,君亭酒店,酒店餐饮
301075.SZ,20260928,66.83,66.83,63.16,63.84,66.26,-2.42,-3.6523,8976.0,57861.052,301075,多瑞医药,化学制药
301076.SZ,20260928,21.15,21.19,20.31,20.48,21.15,-0.67,-3.1678,33212.03,68426.75643,301076,新瀚新材,化工原料
301077.SZ,20260928,21.99,21.99,21.11,21.37,21.9,-0.53,-2.4201,12095.16,25885.17676,301077,星华新材,化工原料
301078.SZ,20260928,6.92,6.96,6.79,6.85,6.92,-0.07,-1.0116,104807.38,71757.84683,301078,孩子王,其他商业
301079.SZ,20260928,27.58,27.98,26.75,26.98,27.64,-0.66,-2.3878,46452.44,125999.00987,301079,邵阳液压,机械基件
301080.SZ,20260928,126.14,128.08,116.56,120.82,121.41,-0.59,-0.486,146813.75,1792788.78762,301080,百普赛斯,生物制药
301081.SZ,20260928,16.6,18.35,16.6,17.59,16.6,0.99,5.9639,105028.92,186063.99139,301081,严牌股份,环境保护
301082.SZ,20260928,9.74,9.74,9.46,9.55,9.71,-0.16,-1.6478,34026.37,32579.03056,301082,久盛电气,电气设备
301083.SZ,20260928,14.6,14.6,14.1,14.26,14.6,-0.34,-2.3288,22107.45,31682.97042,301083,百胜智能,专用机械
301085.SZ,20260928,83.25,84.33,75.88,76.18,83.99,-7.81,-9.2987,61509.98,479291.58036,301085,亚康股份,软件服务
301086.SZ,20260928,167.55,167.56,153.0,157.99,166.89,-8.9,-5.3329,37496.54,593156.85603,301086,鸿富瀚,元器件
301087.SZ,20260928,54.41,54.79,53.21,53.23,54.21,-0.98,-1.8078,13246.09,71378.29951,301087,可孚医疗,医疗保健
301088.SZ,20260928,13.85,13.85,13.3,13.31,13.59,-0.28,-2.0603,11843.0,15927.8155,301088,戎美股份,服饰
301089.SZ,20260928,24.02,24.48,23.67,24.42,23.96,0.46,1.9199,28072.9,68105.23092,301089,拓新药业,化学制药
301090.SZ,20260928,7.08,7.1,6.87,6.93,7.08,-0.15,-2.1186,57580.85,40007.18489,301090,华润材料,化工原料
301091.SZ,20260928,19.66,20.0,19.32,19.49,19.63,-0.14,-0.7132,56147.51,110339.35107,301091,深城交,建筑工程
301092.SZ,20260928,44.99,45.22,41.99,42.39,44.9,-2.51,-5.5902,17035.9,72818.71204,301092,争光股份,化工原料
301093.SZ,20260928,69.1,69.48,62.66,63.38,67.75,-4.37,-6.4502,68383.05,441389.45027,301093,华兰股份,医疗保健
301095.SZ,20260928,74.5,74.8,69.55,70.56,74.96,-4.4,-5.8698,48393.38,344193.46542,301095,广立微,半导体
301096.SZ,20260928,47.82,48.88,45.5,45.99,48.23,-2.24,-4.6444,39428.54,183266.17667,301096,百诚医药,医疗保健
301097.SZ,20260928,34.9,34.91,34.3,34.4,34.45,-0.05,-0.1451,5581.05,19257.37318,301097,天益医疗,医疗保健
301098.SZ,20260928,8.84,8.89,8.46,8.59,8.9,-0.31,-3.4831,54607.11,47019.36118,301098,金埔园林,建筑工程
301099.SZ,20260928,55.85,59.16,53.0,56.48,55.15,1.33,2.4116,222342.44,1266320.8413,301099,雅创电子,元器件
301100.SZ,20260928,15.79,17.08,15.78,16.11,15.77,0.34,2.156,42813.0,69783.88196,301100,风光股份,化工原料
301101.SZ,20260928,30.26,30.26,29.53,29.9,30.08,-0.18,-0.5984,14906.0,44497.12495,301101,明月镜片,文教休闲
301102.SZ,20260928,9.49,9.59,9.26,9.44,9.5,-0.06,-0.6316,18376.78,17261.43428,301102,兆讯传媒,广告包装
301103.SZ,20260928,16.57,16.68,16.36,16.45,16.57,-0.12,-0.7242,16180.23,26673.80209,301103,何氏眼科,医疗保健
301105.SZ,20260928,50.67,50.87,47.86,48.15,49.9,-1.75,-3.507,4140.0,20188.446,301105,鸿铭股份,专用机械
301106.SZ,20260928,19.27,19.39,18.53,18.69,19.28,-0.59,-3.0602,22667.11,42540.63429,301106,骏成科技,元器件
301107.SZ,20260928,25.39,25.39,23.42,23.51,25.29,-1.78,-7.0384,33873.7,81079.1231,301107,瑜欣电子,机械基件
301108.SZ,20260928,51.5,55.88,51.5,52.55,51.71,0.84,1.6244,42574.44,227371.57113,301108,洁雅股份,日用化工
301109.SZ,20260928,12.75,12.8,12.47,12.56,12.7,-0.14,-1.1024,32925.7,41484.4891,301109,军信股份,环境保护
301110.SZ,20260928,36.75,36.89,35.22,35.3,36.5,-1.2,-3.2877,20678.6,74141.68705,301110,青木科技,互联网
301111.SZ,20260928,22.5,22.5,21.45,21.63,22.38,-0.75,-3.3512,37707.36,82039.00051,301111,粤万年青,中成药
301112.SZ,20260928,30.3,30.3,29.12,29.46,30.3,-0.84,-2.7723,7168.68,21148.786,301112,信邦智能,专用机械
301113.SZ,20260928,17.69,17.84,17.42,17.57,17.74,-0.17,-0.9583,14650.04,25820.27735,301113,雅艺科技,家居用品
301115.SZ,20260928,38.0,38.3,32.66,33.9,38.38,-4.48,-11.6727,121305.11,415264.06476,301115,联检科技,建筑工程
301116.SZ,20260928,9.08,9.24,9.06,9.16,9.12,0.04,0.4386,50668.05,46326.89484,301116,益客食品,食品
301117.SZ,20260928,12.48,12.55,11.71,11.91,12.98,-1.07,-8.2435,93504.53,111957.63211,301117,ST佳缘,软件服务
301118.SZ,20260928,23.65,23.7,22.65,23.11,23.42,-0.31,-1.3237,25200.24,58125.81072,301118,恒光股份,化工原料
301119.SZ,20260928,26.69,26.96,25.77,26.24,26.85,-0.61,-2.2719,37056.25,97574.05287,301119,正强股份,汽车配件
301120.SZ,20260928,14.55,14.7,14.0,14.15,14.63,-0.48,-3.2809,49166.1,69740.94619,301120,新特电气,电气设备
301121.SZ,20260928,36.55,36.65,34.9,35.4,36.19,-0.79,-2.1829,11933.98,42158.58599,301121,紫建电子,电气设备
301122.SZ,20260928,63.0,65.87,62.0,64.71,63.54,1.17,1.8414,97946.16,629039.26654,301122,采纳股份,医疗保健
301123.SZ,20260928,76.75,76.92,68.9,69.84,76.8,-6.96,-9.0625,60817.1,435049.93527,301123,奕东电子,元器件
301125.SZ,20260928,14.84,14.84,14.02,14.37,14.71,-0.34,-2.3114,50784.2,72970.8608,301125,腾亚精工,机械基件
301126.SZ,20260928,10.37,10.49,10.16,10.31,10.36,-0.05,-0.4826,33093.39,34113.32952,301126,达嘉维康,医药商业
301127.SZ,20260928,16.5,16.5,14.93,15.04,16.56,-1.52,-9.1787,231250.11,357425.69666,301127,武汉天源,环境保护
301128.SZ,20260928,117.56,117.56,106.89,107.6,117.7,-10.1,-8.5811,48327.73,532262.12897,301128,强瑞技术,专用机械
301129.SZ,20260928,24.13,24.23,23.52,23.67,24.16,-0.49,-2.0281,16381.19,38896.18156,301129,瑞纳智能,电器仪表
301130.SZ,20260928,28.16,29.05,28.0,28.15,28.19,-0.04,-0.1419,43948.86,124630.7072,301130,西点药业,化学制药
301131.SZ,20260928,33.69,33.95,33.0,33.07,33.61,-0.54,-1.6067,8326.39,27753.53339,301131,聚赛龙,塑料
301132.SZ,20260928,67.32,68.36,62.86,64.75,70.37,-5.62,-7.9864,132437.74,861479.16187,301132,满坤科技,元器件
301133.SZ,20260928,26.5,26.84,25.43,25.59,26.77,-1.18,-4.4079,20073.01,51848.61675,301133,金钟股份,汽车配件
301135.SZ,20260928,18.24,18.4,17.66,18.02,17.91,0.11,0.6142,14697.15,26289.18794,301135,瑞德智能,元器件
301136.SZ,20260928,12.66,13.0,12.47,12.75,13.3,-0.55,-4.1353,305896.34,388172.66664,301136,招标股份,建筑工程
301137.SZ,20260928,30.86,30.91,29.64,29.86,30.74,-0.88,-2.8627,19017.44,57103.73832,301137,哈焊华通,机械基件
301138.SZ,20260928,29.69,30.01,28.81,29.11,29.93,-0.82,-2.7397,11009.37,32180.28308,301138,华研精机,专用机械
301141.SZ,20260928,37.32,37.9,35.65,35.76,37.79,-2.03,-5.3718,22750.31,82667.87076,301141,中科磁业,矿物制品
301148.SZ,20260928,58.68,59.25,56.52,57.19,58.56,-1.37,-2.3395,11042.02,63442.11822,301148,嘉戎技术,环境保护
301149.SZ,20260928,8.91,8.91,8.48,8.56,8.91,-0.35,-3.9282,295771.85,254170.65021,301149,隆华新材,化工原料
301150.SZ,20260928,45.08,45.45,41.4,41.71,46.0,-4.29,-9.3261,307042.69,1310113.04449,301150,中一科技,电气设备
301151.SZ,20260928,21.47,21.6,20.63,20.82,21.48,-0.66,-3.0726,39609.61,82985.31962,301151,冠龙节能,机械基件
301152.SZ,20260928,21.0,21.04,20.31,20.67,21.02,-0.35,-1.6651,28210.27,58072.75535,301152,天力锂能,小金属
301153.SZ,20260928,17.0,17.3,16.7,16.92,17.04,-0.12,-0.7042,28675.0,48586.995,301153,中科江南,软件服务
301155.SZ,20260928,42.48,42.86,40.52,42.41,43.1,-0.69,-1.6009,57452.93,238861.539,301155,海力风电,电气设备
301156.SZ,20260928,11.77,11.96,11.71,11.88,11.81,0.07,0.5927,31606.7,37412.4745,301156,美农生物,饲料
301157.SZ,20260928,65.53,66.49,62.46,63.0,66.19,-3.19,-4.8195,6407.43,40847.36233,301157,华塑科技,电气设备
301158.SZ,20260928,14.35,14.35,13.94,14.15,14.27,-0.12,-0.8409,27905.38,39322.5931,301158,德石股份,专用机械
301159.SZ,20260928,32.4,32.46,31.06,31.64,32.25,-0.61,-1.8915,14319.4,45211.4314,301159,三维天地,软件服务
301160.SZ,20260928,44.94,45.56,40.91,41.29,45.11,-3.82,-8.4682,52693.62,222456.07534,301160,翔楼新材,机械基件
301161.SZ,20260928,30.83,30.83,28.94,29.25,30.7,-1.45,-4.7231,26945.8,79435.08166,301161,唯万密封,工程机械
301162.SZ,20260928,36.72,36.99,35.98,36.62,36.73,-0.11,-0.2995,12894.02,46983.38491,301162,国能日新,软件服务
301163.SZ,20260928,23.65,23.75,23.13,23.64,23.44,0.2,0.8532,15052.52,35366.65199,301163,宏德股份,电气设备
301165.SZ,20260928,110.98,111.5,102.01,102.37,111.7,-9.33,-8.3527,121567.34,1268484.29341,301165,锐捷网络,通信设备
301166.SZ,20260928,33.15,33.75,32.75,33.15,33.02,0.13,0.3937,29866.77,99237.3059,301166,优宁维,医药商业
301167.SZ,20260928,13.42,13.6,13.23,13.5,13.37,0.13,0.9723,20221.52,27105.30294,301167,建研设计,建筑工程
301168.SZ,20260928,39.84,40.18,39.35,39.98,39.82,0.16,0.4018,8702.67,34566.89261,301168,通灵股份,电气设备
301169.SZ,20260928,53.2,53.2,49.6,51.04,53.2,-2.16,-4.0602,14165.79,72345.18295,301169,零点有数,文教休闲
301170.SZ,20260928,23.26,23.26,22.7,22.97,23.08,-0.11,-0.4766,7720.93,17712.93084,301170,锡南科技,汽车配件
301171.SZ,20260928,33.55,33.8,31.92,32.19,33.51,-1.32,-3.9391,324335.94,1058126.7742,301171,易点天下,互联网
301172.SZ,20260928,18.5,18.5,17.28,17.45,18.29,-0.84,-4.5927,51439.46,90626.77429,301172,君逸数码,软件服务
301173.SZ,20260928,33.01,33.68,32.88,33.53,33.21,0.32,0.9636,5603.46,18635.78266,301173,毓恬冠佳,汽车配件
301175.SZ,20260928,5.56,5.57,5.46,5.52,5.55,-0.03,-0.5405,92060.99,50715.20851,301175,中科环保,环境保护
301176.SZ,20260928,57.31,57.88,52.76,53.54,58.43,-4.89,-8.369,133099.3,723595.91804,301176,逸豪新材,元器件
301177.SZ,20260928,23.1,23.22,22.49,22.86,23.06,-0.2,-0.8673,10712.78,24335.0187,301177,迪阿股份,服饰
301178.SZ,20260928,35.93,36.36,34.31,34.7,35.88,-1.18,-3.2887,24116.13,84309.18852,301178,天亿马,软件服务
301179.SZ,20260928,20.02,20.2,19.3,19.44,19.98,-0.54,-2.7027,38962.6,76532.4982,301179,泽宇智能,软件服务
301180.SZ,20260928,11.61,11.61,11.14,11.41,11.55,-0.14,-1.2121,37148.0,41972.296,301180,万祥科技,元器件
301181.SZ,20260928,26.4,26.45,25.35,25.75,26.39,-0.64,-2.4252,24172.23,62392.55188,301181,标榜股份,汽车配件
301182.SZ,20260928,68.88,68.88,60.88,61.33,68.91,-7.58,-10.9999,35582.78,224664.41288,301182,凯旺科技,元器件
301183.SZ,20260928,308.6,308.88,276.0,282.0,306.6,-24.6,-8.0235,53610.49,1535423.36994,301183,东田微,元器件
301185.SZ,20260928,17.35,17.41,16.96,17.1,17.35,-0.25,-1.4409,16411.95,28132.31782,301185,鸥玛软件,软件服务
301186.SZ,20260928,36.93,36.94,33.06,33.22,36.63,-3.41,-9.3093,33775.12,114975.39838,301186,超达装备,专用机械
301187.SZ,20260928,15.96,16.6,15.75,15.76,15.72,0.04,0.2545,61915.93,98892.04055,301187,欧圣电气,家用电器
301188.SZ,20260928,36.53,37.47,33.3,33.88,35.45,-1.57,-4.4288,174997.69,614145.14603,301188,力诺药包,玻璃
301189.SZ,20260928,74.9,75.0,69.6,69.86,75.79,-5.93,-7.8243,79856.92,566480.17425,301189,奥尼电子,IT设备
301190.SZ,20260928,20.96,24.95,20.95,24.95,20.79,4.16,20.0096,166219.79,382851.17588,301190,善水科技,染料涂料
301191.SZ,20260928,84.77,85.8,78.16,79.11,84.73,-5.62,-6.6328,39869.48,319182.71362,301191,菲菱科思,通信设备
301192.SZ,20260928,19.9,20.0,19.4,19.62,19.81,-0.19,-0.9591,10472.74,20598.35492,301192,泰祥股份,汽车配件
301193.SZ,20260928,23.93,23.93,22.38,22.51,23.81,-1.3,-5.4599,74841.28,171511.03735,301193,家联科技,家居用品
301195.SZ,20260928,27.37,27.37,26.55,26.83,27.14,-0.31,-1.1422,11742.0,31502.815,301195,北路智控,软件服务
301196.SZ,20260928,87.04,88.7,81.12,82.2,87.2,-5.0,-5.7339,46012.57,386237.64264,301196,唯科科技,专用机械
301197.SZ,20260928,26.99,27.57,25.82,26.4,27.56,-1.16,-4.209,23002.0,60744.79664,301197,工大科雅,软件服务
301198.SZ,20260928,14.72,14.73,13.78,13.86,14.71,-0.85,-5.7784,48711.0,68633.99,301198,喜悦智行,塑料
301199.SZ,20260928,18.1,18.35,17.85,18.03,18.11,-0.08,-0.4417,8577.23,15475.23411,301199,迈赫股份,专用机械
301200.SZ,20260928,243.01,245.4,231.03,233.38,243.52,-10.14,-4.1639,27049.46,638563.57616,301200,大族数控,专用机械
301201.SZ,20260928,30.14,30.98,29.41,29.41,30.15,-0.74,-2.4544,68537.36,205490.35946,301201,诚达药业,生物制药
301202.SZ,20260928,37.84,37.84,36.23,36.32,37.84,-1.52,-4.0169,16176.31,59313.86096,301202,朗威股份,机械基件
301203.SZ,20260928,34.15,34.24,32.8,33.06,33.93,-0.87,-2.5641,7100.0,23716.994,301203,国泰环保,环境保护
301205.SZ,20260928,308.1,308.1,263.88,266.8,308.0,-41.2,-13.3766,95687.75,2653691.71289,301205,联特科技,通信设备
301206.SZ,20260928,23.6,23.74,23.2,23.48,23.65,-0.17,-0.7188,23971.8,56093.67023,301206,三元生物,食品
301207.SZ,20260928,19.39,20.29,19.38,19.78,19.27,0.51,2.6466,131814.44,261297.63024,301207,华兰疫苗,生物制药
301208.SZ,20260928,30.29,30.4,29.61,29.97,30.23,-0.26,-0.8601,9843.82,29532.15523,301208,中亦科技,软件服务
301209.SZ,20260928,59.74,60.5,55.51,59.19,60.9,-1.71,-2.8079,34003.84,199334.34866,301209,联合化学,染料涂料
301210.SZ,20260928,30.2,30.6,29.14,29.3,30.2,-0.9,-2.9801,39919.23,118344.18148,301210,金杨精密,电气设备
301211.SZ,20260928,12.36,12.69,12.17,12.43,12.23,0.2,1.6353,115421.57,143075.66288,301211,亨迪药业,化学制药
301212.SZ,20260928,26.47,26.47,25.76,26.02,26.3,-0.28,-1.0646,10501.0,27331.247,301212,联盛化学,化工原料
301213.SZ,20260928,44.48,44.5,42.7,42.71,44.5,-1.79,-4.0225,19604.69,84798.90364,301213,观想科技,软件服务
301215.SZ,20260928,5.34,5.39,5.19,5.22,5.29,-0.07,-1.3233,98606.65,51907.41537,301215,中汽股份,汽车服务
301216.SZ,20260928,17.03,17.09,16.27,16.4,17.05,-0.65,-3.8123,122311.71,201594.65546,301216,万凯新材,化工原料
301217.SZ,20260928,110.0,110.06,98.8,100.5,112.3,-11.8,-10.5076,236100.4,2444190.95736,301217,铜冠铜箔,元器件
301218.SZ,20260928,50.49,53.2,48.9,53.2,50.24,2.96,5.8917,183949.4,946245.833,301218,华是科技,软件服务
301219.SZ,20260928,39.82,39.85,38.36,38.75,40.05,-1.3,-3.2459,48165.66,186800.15831,301219,腾远钴业,小金属
301220.SZ,20260928,31.22,31.41,29.57,29.63,31.24,-1.61,-5.1536,19321.13,58251.54214,301220,亚香股份,化工原料
301221.SZ,20260928,27.14,27.3,26.45,26.68,27.11,-0.43,-1.5861,12390.31,33157.11914,301221,光庭信息,软件服务
301222.SZ,20260928,25.08,25.19,24.39,24.9,25.13,-0.23,-0.9152,21188.24,52487.16331,301222,浙江恒威,电气设备
301223.SZ,20260928,18.65,18.65,18.09,18.24,18.63,-0.39,-2.0934,10080.66,18440.80377,301223,中荣股份,广告包装
301225.SZ,20260928,60.0,60.79,57.29,57.73,60.1,-2.37,-3.9434,31091.5,182037.59341,301225,恒勃股份,汽车配件
301226.SZ,20260928,35.1,37.17,33.8,36.89,35.39,1.5,4.2385,53326.96,188655.21755,301226,祥明智能,电气设备
301227.SZ,20260928,32.65,32.65,30.55,31.16,32.47,-1.31,-4.0345,37441.46,116843.65006,301227,森鹰窗业,家居用品
301228.SZ,20260928,55.15,55.4,51.33,51.76,55.15,-3.39,-6.1469,19465.02,101731.648,301228,实朴检测,电器仪表
301229.SZ,20260928,12.0,12.04,11.66,11.79,11.98,-0.19,-1.586,34170.75,40362.4074,301229,纽泰格,汽车配件
301230.SZ,20260928,39.02,40.18,37.63,38.1,38.18,-0.08,-0.2095,149260.49,573397.84175,301230,泓博医药,生物制药
301231.SZ,20260928,29.45,30.35,28.71,28.9,29.92,-1.02,-3.4091,33339.91,97377.80014,301231,荣信文化,出版业
301232.SZ,20260928,89.29,89.8,83.0,84.45,89.52,-5.07,-5.6635,33498.8,285768.81485,301232,飞沃科技,机械基件
301233.SZ,20260928,35.82,35.87,33.6,35.07,35.82,-0.75,-2.0938,17552.81,60710.56584,301233,盛帮股份,汽车配件
301234.SZ,20260928,122.7,133.85,120.0,128.01,122.6,5.41,4.4127,28879.08,368775.98613,301234,五洲医疗,医疗保健
301235.SZ,20260928,46.0,46.45,42.07,42.67,46.2,-3.53,-7.6407,69859.04,302399.08689,301235,华康洁净,医疗保健
301236.SZ,20260928,35.9,36.13,35.33,35.55,35.95,-0.4,-1.1127,123322.86,440707.08325,301236,软通动力,软件服务
301237.SZ,20260928,40.26,40.27,37.02,37.35,40.27,-2.92,-7.2511,20851.45,79378.69415,301237,和顺科技,塑料
301238.SZ,20260928,15.7,15.75,15.03,15.23,15.71,-0.48,-3.0554,62599.62,95571.6386,301238,瑞泰新材,化工原料
301239.SZ,20260928,31.6,32.43,31.2,31.72,31.5,0.22,0.6984,22643.06,71893.67637,301239,普瑞眼科,医疗保健
301246.SZ,20260928,17.78,17.84,17.02,17.1,17.67,-0.57,-3.2258,55386.62,95731.5279,301246,宏源药业,化学制药
301248.SZ,20260928,58.92,59.69,54.0,54.63,58.91,-4.28,-7.2653,33661.65,187614.36798,301248,杰创智能,软件服务
301251.SZ,20260928,90.0,91.0,82.27,82.68,88.78,-6.1,-6.8709,125188.12,1059814.19084,301251,威尔高,元器件
301252.SZ,20260928,40.8,40.8,37.5,37.85,40.72,-2.87,-7.0481,26882.36,103553.51973,301252,同星科技,机械基件
301255.SZ,20260928,19.32,19.32,18.71,18.95,19.15,-0.2,-1.0444,10236.92,19375.35099,301255,通力科技,机械基件
301256.SZ,20260928,10.13,10.13,9.76,9.78,10.03,-0.25,-2.4925,34681.1,34179.24113,301256,华融化学,化工原料
301257.SZ,20260928,41.17,42.61,40.25,40.47,40.8,-0.33,-0.8088,31886.81,130854.67643,301257,普蕊斯,医疗保健
301258.SZ,20260928,26.8,27.26,26.32,26.44,26.81,-0.37,-1.3801,9830.17,26152.85761,301258,富士莱,化学制药
301259.SZ,20260928,20.62,20.7,19.28,19.43,20.83,-1.4,-6.7211,55826.47,109941.14169,301259,艾布鲁,环境保护
301260.SZ,20260928,11.76,11.98,11.52,11.66,11.76,-0.1,-0.8503,20572.76,24001.4014,301260,格力博,专用机械
301261.SZ,20260928,55.1,55.48,52.77,53.61,55.05,-1.44,-2.6158,14356.94,76958.95512,301261,恒工精密,机械基件
301262.SZ,20260928,19.94,20.3,19.61,20.06,19.73,0.33,1.6726,80865.04,161150.70057,301262,海看股份,影视音像
301263.SZ,20260928,19.8,19.8,18.51,18.8,19.81,-1.01,-5.0984,68022.37,129221.87939,301263,泰恩康,医药商业
301265.SZ,20260928,21.82,22.0,20.61,21.68,21.82,-0.14,-0.6416,94137.54,200567.86976,301265,华新科技,环境保护
301266.SZ,20260928,25.4,25.5,24.3,24.4,25.35,-0.95,-3.7475,28076.72,69341.0821,301266,宇邦新材,电气设备
301267.SZ,20260928,14.93,15.03,14.83,14.93,14.91,0.02,0.1341,21390.62,31924.57457,301267,华厦眼科,医疗保健
301268.SZ,20260928,12.04,12.06,11.48,11.63,12.01,-0.38,-3.164,31632.13,36909.86165,301268,铭利达,机械基件
301269.SZ,20260928,87.33,87.89,84.53,86.45,87.56,-1.11,-1.2677,41332.06,355546.58347,301269,华大九天,半导体
301270.SZ,20260928,32.62,32.65,31.13,31.42,32.45,-1.03,-3.1741,16188.0,50979.67,301270,汉仪股份,软件服务
301272.SZ,20260928,36.0,36.0,34.75,35.12,35.29,-0.17,-0.4817,7678.29,27019.84509,301272,英华特,专用机械
301273.SZ,20260928,37.21,37.34,34.47,36.18,36.83,-0.65,-1.7649,21104.86,74934.8238,301273,瑞晨环保,机械基件
301275.SZ,20260928,40.0,40.19,38.9,38.96,40.1,-1.14,-2.8429,35073.56,138111.30566,301275,汉朔科技,元器件
301276.SZ,20260928,17.67,17.67,17.19,17.3,17.54,-0.24,-1.3683,19646.65,34027.98305,301276,嘉曼服饰,服饰
301277.SZ,20260928,10.24,10.5,10.19,10.35,10.24,0.11,1.0742,30152.45,31192.80427,301277,新天地,化学制药
301278.SZ,20260928,29.44,29.7,28.69,28.81,29.44,-0.63,-2.1399,10614.0,30802.347,301278,快可电子,电气设备
301279.SZ,20260928,24.24,24.36,23.33,23.53,24.45,-0.92,-3.7628,21612.33,51076.07528,301279,金道科技,工程机械
301280.SZ,20260928,43.37,43.68,40.86,41.47,43.5,-2.03,-4.6667,27190.94,113458.16983,301280,珠城科技,元器件
301281.SZ,20260928,49.31,49.59,46.08,46.9,49.32,-2.42,-4.9067,24172.83,114465.00664,301281,科源制药,化学制药
301282.SZ,20260928,43.16,43.49,40.01,40.03,43.6,-3.57,-8.1881,147550.26,605233.22248,301282,金禄电子,元器件
301283.SZ,20260928,25.68,25.76,25.07,25.24,25.68,-0.44,-1.7134,6235.0,15774.35692,301283,聚胶股份,日用化工
301285.SZ,20260928,96.54,100.0,90.0,91.0,98.24,-7.24,-7.3697,21714.03,201261.91427,301285,鸿日达,元器件
301286.SZ,20260928,47.63,47.63,43.51,43.8,47.15,-3.35,-7.105,13092.0,58591.744,301286,侨源股份,化工原料
301287.SZ,20260928,41.0,41.88,40.69,41.39,41.0,0.39,0.9512,7611.0,31415.41,301287,康力源,文教休闲
301288.SZ,20260928,17.53,17.62,16.52,16.81,16.97,-0.16,-0.9428,14129.03,23875.51613,301288,清研环境,环境保护
301289.SZ,20260928,44.85,45.37,44.52,45.08,44.89,0.19,0.4233,10079.44,45340.99582,301289,国缆检测,电器仪表
301290.SZ,20260928,29.57,29.87,28.2,28.26,29.5,-1.24,-4.2034,19394.0,55469.014,301290,东星医疗,医疗保健
301291.SZ,20260928,34.92,35.36,33.66,33.99,35.11,-1.12,-3.19,60034.94,207766.94918,301291,明阳电气,电气设备
301292.SZ,20260928,57.15,57.15,54.66,55.02,57.16,-2.14,-3.7439,37388.22,207203.05812,301292,海科新源,化工原料
301293.SZ,20260928,49.77,50.36,48.12,48.29,49.95,-1.66,-3.3233,33616.24,163761.24455,301293,三博脑科,医疗保健
301295.SZ,20260928,37.19,37.3,35.72,36.35,37.29,-0.94,-2.5208,10610.84,38404.67692,301295,美硕科技,电气设备
301296.SZ,20260928,6.4,6.41,6.28,6.32,6.38,-0.06,-0.9404,20942.99,13242.5486,301296,新巨丰,广告包装
301297.SZ,20260928,51.85,51.85,46.66,46.91,50.72,-3.81,-7.5118,282794.33,1360443.9009,301297,富乐德,半导体
301298.SZ,20260928,12.84,12.94,12.6,12.79,12.82,-0.03,-0.234,13584.26,17303.84054,301298,东利机械,汽车配件
301299.SZ,20260928,46.0,47.03,45.0,45.39,46.45,-1.06,-2.282,11350.58,51791.99606,301299,卓创资讯,互联网
301300.SZ,20260928,32.74,32.83,31.96,32.12,32.73,-0.61,-1.8637,12046.55,38886.81484,301300,远翔新材,化工原料
301301.SZ,20260928,8.03,8.1,7.94,8.01,8.02,-0.01,-0.1247,82104.32,65638.35601,301301,川宁生物,化学制药
301302.SZ,20260928,21.6,21.86,20.66,20.93,21.72,-0.79,-3.6372,38014.01,80036.49841,301302,华如科技,软件服务
301303.SZ,20260928,14.2,14.46,13.75,13.88,14.45,-0.57,-3.9446,45350.82,63170.80584,301303,真兰仪表,电器仪表
301305.SZ,20260928,26.3,26.3,24.4,24.68,26.3,-1.62,-6.1597,63503.95,158481.5855,301305,朗坤科技,环境保护
301306.SZ,20260928,98.02,98.27,89.5,90.39,98.28,-7.89,-8.0281,35454.68,327275.82753,301306,西测测试,航空
301307.SZ,20260928,58.12,59.41,56.34,57.04,58.11,-1.07,-1.8413,72427.37,417139.52416,301307,美利信,通信设备
301308.SZ,20260928,330.12,330.86,311.51,312.0,331.77,-19.77,-5.9589,90408.38,2868279.18174,301308,江波龙,半导体
301309.SZ,20260928,30.4,30.74,29.42,29.85,30.43,-0.58,-1.906,7964.71,23787.94964,301309,万得凯,机械基件
301310.SZ,20260928,55.06,58.37,52.3,57.41,55.47,1.94,3.4974,82927.16,458809.62421,301310,鑫宏业,汽车配件
301311.SZ,20260928,17.93,19.51,17.27,18.3,17.98,0.32,1.7798,398145.3,740836.89262,301311,昆船智能,机械基件
301312.SZ,20260928,87.89,88.5,80.12,80.91,87.0,-6.09,-7.0,55717.67,463654.12579,301312,智立方,专用机械
301313.SZ,20260928,30.74,30.91,29.08,29.36,30.82,-1.46,-4.7372,28947.56,85894.62895,301313,凡拓数创,文教休闲
301314.SZ,20260928,48.99,48.99,45.37,45.87,48.7,-2.83,-5.8111,10364.1,48117.1141,301314,科瑞思,元器件
301315.SZ,20260928,44.25,44.6,43.16,43.86,44.19,-0.33,-0.7468,17762.31,77963.54456,301315,威士顿,软件服务
301316.SZ,20260928,40.5,40.8,36.36,38.5,41.39,-2.89,-6.9824,200632.0,764205.67699,301316,慧博云通,软件服务
301317.SZ,20260928,48.45,48.49,43.91,44.36,48.69,-4.33,-8.893,25123.0,114009.875,301317,鑫磊股份,机械基件
301318.SZ,20260928,21.48,21.48,21.0,21.15,21.34,-0.19,-0.8903,8491.41,17984.40803,301318,维海德,IT设备
301319.SZ,20260928,95.3,95.33,85.82,86.66,95.33,-8.67,-9.0947,69058.75,612033.53107,301319,唯特偶,元器件
301320.SZ,20260928,14.16,14.25,13.92,14.07,14.04,0.03,0.2137,20527.02,28876.98124,301320,豪江智能,电气设备
301321.SZ,20260928,51.18,51.28,46.77,47.08,51.28,-4.2,-8.1903,73822.47,355597.1075,301321,翰博高新,元器件
301322.SZ,20260928,48.41,48.5,43.32,43.55,47.31,-3.76,-7.9476,54052.93,243842.06532,301322,绿通科技,摩托车
301323.SZ,20260928,77.42,77.42,73.19,73.98,77.58,-3.6,-4.6404,15567.31,115874.26807,301323,新莱福,橡胶
301325.SZ,20260928,31.3,31.96,29.73,30.16,31.3,-1.14,-3.6422,21966.27,66926.53,301325,曼恩斯特,专用机械
301326.SZ,20260928,105.22,105.23,92.21,94.41,105.22,-10.81,-10.2737,19357.69,186085.22377,301326,捷邦科技,元器件
301327.SZ,20260928,41.6,41.75,40.51,40.9,41.5,-0.6,-1.4458,6630.0,27113.628,301327,华宝新能,电气设备
301328.SZ,20260928,50.99,51.88,46.09,46.5,50.39,-3.89,-7.7198,29271.66,139561.32337,301328,维峰电子,元器件
301329.SZ,20260928,20.66,20.66,19.47,19.93,20.56,-0.63,-3.0642,34258.66,68320.38553,301329,信音电子,元器件
301330.SZ,20260928,25.91,26.4,25.46,25.58,25.93,-0.35,-1.3498,28244.88,72984.06855,301330,熵基科技,IT设备
301331.SZ,20260928,21.75,21.75,21.15,21.35,21.61,-0.26,-1.2031,11151.41,23796.33871,301331,恩威医药,中成药
301332.SZ,20260928,7.62,7.88,7.58,7.61,7.63,-0.02,-0.2621,45397.2,34787.02445,301332,德尔玛,家用电器
301333.SZ,20260928,65.0,67.2,64.31,66.19,64.29,1.9,2.9554,22621.88,148899.88327,301333,诺思格,医疗保健
301335.SZ,20260928,25.68,26.14,25.25,25.82,25.66,0.16,0.6235,28252.5,72863.01355,301335,天元宠物,文教休闲
301336.SZ,20260928,43.55,43.55,41.42,41.69,43.55,-1.86,-4.271,12229.38,51435.92493,301336,趣睡科技,家居用品
301337.SZ,20260928,27.75,27.89,27.05,27.23,27.85,-0.62,-2.2262,17445.53,47773.58571,301337,亚华电子,软件服务
301338.SZ,20260928,98.95,99.55,88.15,89.22,99.92,-10.7,-10.7086,63689.1,583173.08522,301338,凯格精机,专用机械
301339.SZ,20260928,13.34,13.58,12.5,12.61,13.45,-0.84,-6.2454,187504.89,241779.39666,301339,通行宝,IT设备
301345.SZ,20260928,235.23,240.0,226.0,229.61,236.46,-6.85,-2.8969,6528.44,150594.24658,301345,涛涛车业,摩托车
301348.SZ,20260928,22.45,22.75,21.84,21.95,22.56,-0.61,-2.7039,62161.34,137752.75074,301348,蓝箭电子,半导体
301349.SZ,20260928,46.7,47.44,43.01,43.33,46.15,-2.82,-6.1105,34128.35,151204.9825,301349,信德新材,化工原料
301353.SZ,20260928,20.26,20.65,19.92,20.29,20.53,-0.24,-1.169,19136.8,38741.2576,301353,普莱得,专用机械
301355.SZ,20260928,11.98,12.26,11.92,12.05,11.98,0.07,0.5843,41951.44,50642.57428,301355,南王科技,广告包装
301356.SZ,20260928,21.73,21.74,19.74,19.87,21.75,-1.88,-8.6437,40285.36,81879.94915,301356,天振股份,家居用品
301357.SZ,20260928,93.03,93.06,89.0,89.26,93.6,-4.34,-4.6368,23085.03,208328.08198,301357,北方长龙,专用机械
301358.SZ,20260928,50.85,51.05,49.44,49.5,51.38,-1.88,-3.659,107734.37,538411.42129,301358,湖南裕能,电气设备
301359.SZ,20260928,19.38,19.96,19.31,19.43,20.07,-0.64,-3.1888,19197.06,37611.306,301359,东南电子,元器件
301360.SZ,20260928,66.06,66.36,61.44,62.56,65.65,-3.09,-4.7068,22810.7,143810.88409,301360,荣旗科技,专用机械
301361.SZ,20260928,27.07,27.31,26.5,26.78,27.15,-0.37,-1.3628,7832.74,20942.46777,301361,众智科技,电气设备
301362.SZ,20260928,113.65,114.95,104.8,106.02,114.79,-8.77,-7.64,26006.23,280475.09531,301362,民爆光电,电气设备
301363.SZ,20260928,16.5,16.79,16.07,16.15,16.55,-0.4,-2.4169,74555.75,121242.18394,301363,美好医疗,医疗保健
301365.SZ,20260928,36.11,36.11,34.43,34.53,36.1,-1.57,-4.349,29342.99,102680.48218,301365,矩阵股份,建筑工程
301366.SZ,20260928,73.76,75.7,68.55,68.75,73.18,-4.43,-6.0536,173737.05,1231913.81317,301366,一博科技,元器件
301367.SZ,20260928,46.29,46.72,45.81,46.34,46.27,0.07,0.1513,16343.16,75697.34998,301367,瑞迈特,医疗保健
301368.SZ,20260928,39.15,39.41,38.2,38.6,38.95,-0.35,-0.8986,15841.58,61569.30762,301368,丰立智能,机械基件
301369.SZ,20260928,146.45,150.8,139.08,139.51,149.41,-9.9,-6.6261,54983.1,792802.21282,301369,联动科技,半导体
301370.SZ,20260928,8.64,8.66,8.49,8.55,8.58,-0.03,-0.3497,16970.73,14529.18484,301370,国科恒泰,医药商业
301371.SZ,20260928,20.9,21.05,20.53,20.61,20.88,-0.27,-1.2931,15599.72,32253.81012,301371,敷尔佳,日用化工
301372.SZ,20260928,34.75,34.87,33.46,34.04,34.48,-0.44,-1.2761,16901.99,57767.2173,301372,科净源,环境保护
301373.SZ,20260928,135.5,135.99,121.3,122.52,136.68,-14.16,-10.36,81657.89,1040500.07448,301373,凌玮科技,化工原料
301376.SZ,20260928,23.27,23.39,22.31,22.65,22.85,-0.2,-0.8753,40368.09,91705.20351,301376,致欧科技,家居用品
301377.SZ,20260928,377.14,382.99,343.67,350.31,378.99,-28.68,-7.5675,32953.68,1168630.43466,301377,鼎泰高科,机械基件
301378.SZ,20260928,25.28,25.33,24.5,24.93,25.19,-0.26,-1.0322,16669.85,41500.44057,301378,通达海,软件服务
301379.SZ,20260928,21.12,21.21,19.78,19.99,21.25,-1.26,-5.9294,88508.94,178963.22709,301379,天山电子,元器件
301380.SZ,20260928,34.5,34.56,33.35,33.85,34.5,-0.65,-1.8841,24339.59,82213.51304,301380,挖金客,软件服务
301381.SZ,20260928,24.39,24.65,23.62,23.83,24.2,-0.37,-1.5289,49684.89,119162.73642,301381,赛维时代,互联网
301382.SZ,20260928,39.25,39.35,36.2,37.69,38.95,-1.26,-3.2349,130702.5,486847.20263,301382,蜂助手,互联网
301383.SZ,20260928,23.83,23.94,22.8,23.13,23.94,-0.81,-3.3835,11664.65,27058.09228,301383,天键股份,元器件
301386.SZ,20260928,21.55,21.55,20.86,21.09,21.51,-0.42,-1.9526,14933.0,31461.074,301386,未来电器,电气设备
301387.SZ,20260928,55.44,55.44,50.12,50.69,55.67,-4.98,-8.9456,22795.0,118075.73542,301387,光大同创,元器件
301388.SZ,20260928,25.3,25.71,24.91,25.38,25.46,-0.08,-0.3142,12558.01,31599.42774,301388,欣灵电气,电气设备
301389.SZ,20260928,57.95,58.66,52.95,53.67,59.01,-5.34,-9.0493,92605.61,507221.25718,301389,隆扬电子,元器件
301390.SZ,20260928,43.09,43.21,39.86,40.19,44.21,-4.02,-9.093,52757.07,215366.55246,301390,经纬股份,建筑工程
301391.SZ,20260928,46.12,46.12,43.79,44.07,45.52,-1.45,-3.1854,12841.52,57129.50938,301391,卡莱特,IT设备
301392.SZ,20260928,169.51,173.51,154.8,157.65,169.51,-11.86,-6.9966,42071.51,674942.14781,301392,汇成真空,专用机械
301393.SZ,20260928,66.68,68.68,64.71,66.05,66.98,-0.93,-1.3885,35567.61,235257.22957,301393,昊帆生物,化工原料
301395.SZ,20260928,12.09,12.09,11.53,11.83,12.08,-0.25,-2.0695,42371.68,49850.02442,301395,仁信新材,化工原料
301396.SZ,20260928,174.42,175.2,163.17,165.07,176.85,-11.78,-6.661,91837.56,1533134.61327,301396,宏景科技,软件服务
301397.SZ,20260928,23.22,23.26,21.9,22.29,23.03,-0.74,-3.2132,18527.88,41290.89445,301397,溯联股份,汽车配件
301398.SZ,20260928,39.13,39.5,37.81,38.0,38.52,-0.52,-1.3499,25926.19,100113.19016,301398,星源卓镁,汽车配件
301399.SZ,20260928,21.46,21.77,20.13,20.42,21.46,-1.04,-4.8462,37005.31,75900.46302,301399,英特科技,机械基件
301408.SZ,20260928,14.85,14.93,14.5,14.57,14.85,-0.28,-1.8855,85889.99,125650.41816,301408,华人健康,医药商业
301413.SZ,20260928,55.5,56.2,52.27,52.76,55.55,-2.79,-5.0225,31259.04,166803.78215,301413,安培龙,电器仪表
301418.SZ,20260928,35.22,35.55,33.8,34.5,35.22,-0.72,-2.0443,11051.0,37967.936,301418,协昌科技,电气设备
301419.SZ,20260928,45.4,45.4,40.99,41.53,45.57,-4.04,-8.8655,58848.26,248589.56803,301419,阿莱德,通信设备
301421.SZ,20260928,78.15,78.8,72.02,73.14,78.84,-5.7,-7.2298,31943.67,237446.73328,301421,波长光电,元器件
301428.SZ,20260928,27.32,27.32,26.23,26.49,27.31,-0.82,-3.0026,17998.97,47854.47718,301428,世纪恒通,互联网
301429.SZ,20260928,17.42,17.5,17.04,17.37,17.41,-0.04,-0.2298,19652.28,33916.72602,301429,森泰股份,其他建材
301439.SZ,20260928,14.08,14.12,13.75,13.85,14.08,-0.23,-1.6335,31775.61,44125.7679,301439,泓淋电力,电气设备
301446.SZ,20260928,39.45,39.54,37.9,39.16,39.44,-0.28,-0.7099,8581.3,33271.00597,301446,福事特,机械基件
301448.SZ,20260928,52.57,53.75,51.14,53.29,51.56,1.73,3.3553,24741.9,129451.9043,301448,开创电气,机械基件
301449.SZ,20260928,40.3,40.69,38.91,39.76,40.49,-0.73,-1.8029,11268.32,44534.47741,301449,天溯计量,电器仪表
301456.SZ,20260928,25.35,26.0,24.63,25.7,25.31,0.39,1.5409,46926.83,118667.90869,301456,盘古智能,电气设备
301458.SZ,20260928,38.71,38.78,35.33,35.76,38.79,-3.03,-7.8113,66302.24,240300.22823,301458,钧崴电子,元器件
301459.SZ,20260928,31.86,32.03,31.17,31.51,31.84,-0.33,-1.0364,7192.25,22641.64262,301459,丰茂股份,汽车配件
301468.SZ,20260928,32.12,32.32,30.15,30.79,32.11,-1.32,-4.1109,33077.52,102980.82077,301468,博盈特焊,专用机械
301469.SZ,20260928,29.2,29.2,28.44,28.62,29.03,-0.41,-1.4123,8249.0,23735.45,301469,恒达新材,造纸
301479.SZ,20260928,51.7,51.78,48.29,48.8,51.8,-3.0,-5.7915,21936.63,108553.72926,301479,弘景光电,元器件
301486.SZ,20260928,204.0,204.82,180.5,182.0,206.0,-24.0,-11.6505,67856.31,1270814.8076,301486,致尚科技,元器件
301487.SZ,20260928,15.5,15.65,14.85,15.02,15.58,-0.56,-3.5944,89510.66,135043.03868,301487,盟固利,化工原料
301488.SZ,20260928,93.83,93.88,89.68,90.79,93.8,-3.01,-3.209,9961.76,90770.57625,301488,豪恩汽电,汽车配件
301489.SZ,20260928,124.99,125.19,110.71,112.6,124.31,-11.71,-9.42,48716.67,559756.56185,301489,思泉新材,元器件
301491.SZ,20260928,36.8,37.29,35.8,36.1,37.05,-0.95,-2.5641,5761.42,20886.57805,301491,汉桑科技,IT设备
301498.SZ,20260928,39.84,40.35,38.85,38.98,39.67,-0.69,-1.7393,39150.0,153991.04595,301498,乖宝宠物,饲料
301499.SZ,20260928,26.44,26.45,25.2,25.72,26.46,-0.74,-2.7967,25702.41,65786.42375,301499,维科精密,汽车配件
301500.SZ,20260928,24.85,25.11,23.8,23.87,25.24,-1.37,-5.4279,108373.4,262729.85167,301500,飞南资源,环境保护
301501.SZ,20260928,27.66,27.89,26.77,26.92,27.83,-0.91,-3.2699,9878.66,26740.59644,301501,恒鑫生活,造纸
301502.SZ,20260928,52.07,52.44,48.83,49.91,52.02,-2.11,-4.0561,7444.44,37366.31132,301502,华阳智能,电气设备
301503.SZ,20260928,22.52,22.52,21.87,22.1,22.22,-0.12,-0.5401,9022.6,19951.9418,301503,智迪科技,IT设备
301505.SZ,20260928,18.64,18.7,18.02,18.1,18.28,-0.18,-0.9847,21296.83,38933.95652,301505,苏州规划,建筑工程
301507.SZ,20260928,13.12,13.28,13.0,13.1,13.16,-0.06,-0.4559,36166.24,47441.3953,301507,民生健康,化学制药
301508.SZ,20260928,24.04,24.3,23.78,23.96,24.24,-0.28,-1.1551,7512.91,17977.83715,301508,中机认检,电器仪表
301509.SZ,20260928,31.43,31.74,30.61,30.8,31.19,-0.39,-1.2504,23795.99,73456.48094,301509,金凯生科,化学制药
301510.SZ,20260928,27.5,27.67,26.44,26.73,27.61,-0.88,-3.1873,61144.56,164235.71215,301510,固高科技,电器仪表
301511.SZ,20260928,102.05,103.17,93.01,93.8,103.3,-9.5,-9.1965,283759.8,2725705.28177,301511,德福科技,电气设备
301512.SZ,20260928,32.32,32.32,30.4,30.88,31.67,-0.79,-2.4945,10459.8,32297.696,301512,智信精密,专用机械
301513.SZ,20260928,45.22,45.22,42.42,42.85,44.61,-1.76,-3.9453,8568.33,36899.12463,301513,尚水智能,专用机械
301515.SZ,20260928,20.48,20.68,20.02,20.19,20.38,-0.19,-0.9323,14030.0,28398.74963,301515,港通医疗,医疗保健
301516.SZ,20260928,19.35,19.4,18.35,18.53,19.35,-0.82,-4.2377,58572.46,108976.58223,301516,中远通,电气设备
301517.SZ,20260928,37.51,37.78,35.56,35.8,37.66,-1.86,-4.9389,37052.94,134306.13746,301517,陕西华达,元器件
301518.SZ,20260928,24.43,24.67,23.77,24.0,24.7,-0.7,-2.834,17970.6,43221.13257,301518,长华化学,化工原料
301519.SZ,20260928,12.1,12.2,11.83,12.06,12.14,-0.08,-0.659,19369.1,23286.2191,301519,舜禹股份,专用机械
301520.SZ,20260928,76.08,77.5,71.01,72.02,74.19,-2.17,-2.9249,97469.05,711394.90348,301520,万邦医药,生物制药
301522.SZ,20260928,22.81,23.01,21.75,22.02,22.94,-0.92,-4.0105,39694.18,88198.40407,301522,上大股份,小金属
301525.SZ,20260928,39.73,40.54,38.72,39.13,39.2,-0.07,-0.1786,12632.29,49553.59589,301525,儒竞科技,家用电器
301526.SZ,20260928,29.07,29.16,27.28,27.66,29.21,-1.55,-5.3064,819084.16,2292820.76457,301526,国际复材,玻璃
301528.SZ,20260928,74.09,74.47,71.02,71.85,73.96,-2.11,-2.8529,12313.34,88862.58741,301528,多浦乐,电器仪表
301529.SZ,20260928,136.09,138.81,128.11,132.37,136.01,-3.64,-2.6763,40308.21,533260.02354,301529,福赛科技,汽车配件
301531.SZ,20260928,52.37,52.88,47.72,48.8,51.38,-2.58,-5.0214,34272.55,168721.35917,301531,春光集团,矿物制品
301533.SZ,20260928,28.81,28.96,28.03,28.28,28.69,-0.41,-1.4291,8625.2,24425.28496,301533,威马农机,农用机械
301535.SZ,20260928,13.78,13.82,13.32,13.45,13.83,-0.38,-2.7477,19304.27,26046.38429,301535,浙江华远,汽车配件
301536.SZ,20260928,129.77,130.5,120.8,124.01,130.6,-6.59,-5.0459,130435.63,1622203.40935,301536,星宸科技,半导体
301538.SZ,20260928,40.73,41.18,39.01,39.34,40.95,-1.61,-3.9316,13125.56,51983.40573,301538,骏鼎达,塑料
301539.SZ,20260928,15.19,15.3,14.96,15.22,15.2,0.02,0.1316,12206.64,18492.16962,301539,宏鑫科技,汽车配件
301548.SZ,20260928,55.69,55.69,51.5,52.21,55.22,-3.01,-5.4509,14414.49,76062.77412,301548,崇德科技,机械基件
301550.SZ,20260928,94.26,95.7,90.57,91.37,92.71,-1.34,-1.4454,92130.71,853803.00531,301550,斯菱智驱,汽车配件
301551.SZ,20260928,22.49,22.66,21.76,21.78,22.5,-0.72,-3.2,61524.41,135854.40696,301551,无线传媒,影视音像
301552.SZ,20260928,24.35,24.6,24.11,24.45,24.3,0.15,0.6173,7638.1,18625.75162,301552,科力装备,汽车配件
301555.SZ,20260928,36.93,36.96,35.43,35.65,36.7,-1.05,-2.861,19228.0,68931.96036,301555,惠柏新材,化工原料
301556.SZ,20260928,60.98,61.36,59.5,60.02,60.9,-0.88,-1.445,10281.39,62059.34694,301556,托普云农,软件服务
301557.SZ,20260928,87.29,87.59,78.86,82.2,86.9,-4.7,-5.4085,15081.68,123755.91419,301557,常友科技,电气设备
301558.SZ,20260928,6.98,7.26,6.71,6.75,6.73,0.02,0.2972,230980.62,160769.5905,301558,三态股份,互联网
301559.SZ,20260928,12.72,12.72,12.53,12.62,12.67,-0.05,-0.3946,9235.36,11640.0564,301559,中集环科,专用机械
301560.SZ,20260928,29.95,30.0,27.02,28.23,29.22,-0.99,-3.3881,104776.29,295241.81223,301560,众捷股份,汽车配件
301563.SZ,20260928,111.53,112.8,104.29,104.6,112.32,-7.72,-6.8732,13895.71,147699.88696,301563,云汉芯城,元器件
301565.SZ,20260928,19.95,20.1,19.14,19.32,19.95,-0.63,-3.1579,38184.35,74170.13204,301565,中仑新材,塑料
301566.SZ,20260928,26.68,26.76,24.24,24.33,26.77,-2.44,-9.1147,226764.91,566246.9766,301566,达利凯普,元器件
301567.SZ,20260928,38.04,38.87,36.43,36.88,38.23,-1.35,-3.5313,10137.01,37547.50254,301567,贝隆精密,元器件
301568.SZ,20260928,76.31,76.78,69.08,69.37,76.3,-6.93,-9.0826,45283.0,324764.2964,301568,思泰克,专用机械
301571.SZ,20260928,72.39,72.4,66.66,67.27,72.16,-4.89,-6.7766,52635.31,359538.13763,301571,国科天成,元器件
301575.SZ,20260928,24.7,25.28,24.2,24.64,24.68,-0.04,-0.1621,35939.21,89024.11433,301575,艾芬达,家居用品
301577.SZ,20260928,59.0,59.19,54.23,55.32,58.41,-3.09,-5.2902,12617.0,70046.591,301577,美信科技,元器件
301578.SZ,20260928,23.45,23.78,22.87,23.02,23.34,-0.32,-1.371,10098.35,23425.96504,301578,辰奕智能,IT设备
301580.SZ,20260928,58.13,58.18,52.12,52.26,57.43,-5.17,-9.0023,68283.4,369320.16731,301580,爱迪特,医疗保健
301581.SZ,20260928,36.4,36.84,35.25,36.15,36.4,-0.25,-0.6868,7200.0,25933.731,301581,黄山谷捷,半导体
301583.SZ,20260928,139.18,149.38,133.01,137.13,141.89,-4.76,-3.3547,114007.4,1627681.00223,301583,托伦斯,机械基件
301584.SZ,20260928,19.48,19.48,18.27,18.28,19.71,-1.43,-7.2552,36690.69,68158.28704,301584,建发致新,医药商业
301585.SZ,20260928,28.48,28.49,27.56,27.89,28.36,-0.47,-1.6573,5784.39,16159.09177,301585,蓝宇股份,染料涂料
301586.SZ,20260928,29.46,29.46,28.77,29.06,29.57,-0.51,-1.7247,8698.5,25300.59748,301586,佳力奇,航空
301587.SZ,20260928,22.04,22.96,22.01,22.48,22.04,0.44,1.9964,54864.15,122765.5133,301587,中瑞股份,电气设备
301588.SZ,20260928,26.62,26.72,25.01,25.8,26.72,-0.92,-3.4431,33069.34,84356.96857,301588,美新科技,家居用品
301589.SZ,20260928,159.1,159.49,155.97,156.03,159.1,-3.07,-1.9296,7111.26,111493.81981,301589,诺瓦星云,IT设备
301590.SZ,20260928,67.99,67.99,63.88,64.46,68.08,-3.62,-5.3173,7760.8,50394.1098,301590,优优绿能,电气设备
301591.SZ,20260928,43.0,43.51,40.5,41.11,43.08,-1.97,-4.5729,66409.35,274897.91705,301591,肯特股份,塑料
301592.SZ,20260928,115.59,115.96,111.21,111.4,115.97,-4.57,-3.9407,10888.8,122596.8072,301592,六九一二,软件服务
301595.SZ,20260928,49.51,49.7,46.26,46.83,49.53,-2.7,-5.4512,24080.47,114937.23639,301595,太力科技,橡胶
301596.SZ,20260928,46.16,46.35,44.94,45.71,46.16,-0.45,-0.9749,13987.22,63637.27502,301596,瑞迪智驱,机械基件
301598.SZ,20260928,52.5,52.5,50.75,51.28,51.83,-0.55,-1.0612,4853.0,24919.42003,301598,博科测试,专用机械
301599.SZ,20260928,32.6,32.6,30.78,31.04,32.58,-1.54,-4.7268,25740.44,80486.93945,301599,理奇智能,专用机械
301600.SZ,20260928,78.51,78.86,75.98,76.26,78.5,-2.24,-2.8535,6932.3,53149.14478,301600,慧翰股份,通信设备
301601.SZ,20260928,17.2,17.58,16.09,16.3,17.58,-1.28,-7.281,118504.43,195810.39121,301601,惠通科技,专用机械
301602.SZ,20260928,16.12,16.64,15.98,16.1,16.18,-0.08,-0.4944,25490.31,41114.45708,301602,超研股份,医疗保健
301603.SZ,20260928,124.05,124.36,112.61,114.8,122.11,-7.31,-5.9864,16947.21,196463.70072,301603,乔锋智能,机床制造
301606.SZ,20260928,52.54,52.9,49.95,50.05,52.51,-2.46,-4.6848,39938.2,202945.76391,301606,绿联科技,元器件
301607.SZ,20260928,44.25,44.97,41.52,42.35,43.46,-1.11,-2.5541,83137.04,356494.81771,301607,富特科技,汽车配件
301608.SZ,20260928,50.0,51.3,48.91,50.2,50.0,0.2,0.4,24015.97,120185.27564,301608,博实结,通信设备
301609.SZ,20260928,30.66,30.78,30.07,30.16,30.65,-0.49,-1.5987,9108.13,27539.14814,301609,山大电力,电气设备
301611.SZ,20260928,94.01,94.98,88.0,89.0,94.53,-5.53,-5.85,54217.61,490697.80474,301611,珂玛科技,半导体
301613.SZ,20260928,35.07,35.08,34.04,34.14,35.08,-0.94,-2.6796,6368.21,21883.91033,301613,新铝时代,汽车配件
301616.SZ,20260928,37.04,37.27,35.66,35.76,36.68,-0.92,-2.5082,13146.21,47463.42701,301616,浙江华业,机械基件
301617.SZ,20260928,53.02,53.22,50.19,51.31,52.92,-1.61,-3.0423,21507.79,110230.18521,301617,博苑新材,化工原料
301618.SZ,20260928,30.7,31.32,29.92,30.03,30.76,-0.73,-2.3732,6684.61,20227.25071,301618,长联科技,染料涂料
301622.SZ,20260928,37.33,37.5,35.96,36.2,37.33,-1.13,-3.0271,10061.06,36623.30914,301622,英思特,矿物制品
301626.SZ,20260928,326.0,326.0,298.01,301.4,324.39,-22.99,-7.0871,29260.24,898514.9199,301626,苏州天脉,元器件
301628.SZ,20260928,112.69,113.45,104.62,105.26,113.5,-8.24,-7.2599,43300.12,464688.33948,301628,强达电路,元器件
301629.SZ,20260928,272.71,277.94,256.4,264.56,274.31,-9.75,-3.5544,9307.37,248210.3472,301629,矽电股份,半导体
301630.SZ,20260928,214.39,214.39,195.02,196.06,215.4,-19.34,-8.9786,18680.4,376882.91573,301630,同宇新材,化工原料
301631.SZ,20260928,62.0,62.12,58.88,59.81,62.07,-2.26,-3.6411,19019.46,113987.80453,301631,壹连科技,元器件
301632.SZ,20260928,13.03,13.12,12.82,12.89,13.06,-0.17,-1.3017,27837.56,36015.6309,301632,广东建科,建筑工程
301633.SZ,20260928,64.19,64.73,59.71,59.8,64.69,-4.89,-7.5591,16610.38,101771.62208,301633,港迪技术,专用机械
301636.SZ,20260928,41.27,41.63,39.51,39.53,41.42,-1.89,-4.563,12483.15,50061.74525,301636,泽润新能,电气设备
301638.SZ,20260928,21.06,21.2,20.49,20.52,21.1,-0.58,-2.7488,55430.09,114534.55616,301638,南网数字,软件服务
301655.SZ,20260928,23.57,24.52,22.5,23.85,24.42,-0.57,-2.3342,111658.47,261736.83026,301655,绿控传动,汽车配件
301656.SZ,20260928,14.28,14.52,13.76,13.8,14.2,-0.4,-2.8169,59904.27,83989.95342,301656,联合动力,汽车配件
301658.SZ,20260928,22.16,22.2,21.21,21.49,21.95,-0.46,-2.0957,23421.78,50498.75733,301658,首航新能,电气设备
301662.SZ,20260928,65.0,65.41,61.37,62.8,65.38,-2.58,-3.9462,22431.87,140617.65051,301662,宏工科技,专用机械
301665.SZ,20260928,22.06,22.17,21.6,21.64,22.06,-0.42,-1.9039,9466.97,20574.00444,301665,泰禾股份,农药化肥
301666.SZ,20260928,380.12,386.0,359.11,360.5,385.88,-25.38,-6.5772,19939.17,732387.49864,301666,大普微,IT设备
301667.SZ,20260928,57.0,57.02,53.45,54.3,56.83,-2.53,-4.4519,14529.09,79199.36259,301667,纳百川,汽车配件
301668.SZ,20260928,31.48,31.5,29.7,29.81,31.71,-1.9,-5.9918,18817.94,56848.12037,301668,昊创瑞通,电气设备
301669.SZ,20260928,26.1,26.18,24.7,25.1,26.13,-1.03,-3.9418,52952.35,133306.41281,301669,高特电子,电气设备
301677.SZ,20260928,52.77,54.43,50.1,54.22,53.0,1.22,2.3019,53382.59,279950.72487,301677,欣兴工具,机械基件
301678.SZ,20260928,55.0,55.0,50.88,51.8,55.72,-3.92,-7.0352,94618.96,494500.78709,301678,新恒汇,半导体
301680.SZ,20260928,102.6,103.3,96.02,96.86,102.45,-5.59,-5.4563,10613.15,103903.35267,301680,固德电材,汽车配件
301682.SZ,20260928,110.51,111.0,102.56,103.53,113.1,-9.57,-8.4615,44696.25,470287.69391,301682,宏明电子,元器件
301683.SZ,20260928,102.99,103.91,99.5,99.5,102.79,-3.29,-3.2007,9193.04,93174.62274,301683,慧谷新材,染料涂料
301686.SZ,20260928,245.0,266.0,228.88,231.67,258.08,-26.41,-10.2333,40865.06,989427.00948,301686,C中塑股份,塑料
301687.SZ,20260928,53.09,53.09,49.84,50.17,53.09,-2.92,-5.5001,25528.09,129456.83501,301687,新广益,化工原料
301688.SZ,20260928,39.8,40.8,37.74,40.0,40.4,-0.4,-0.9901,68492.37,268489.83041,301688,格林生物,化工原料
301689.SZ,20260928,81.34,89.99,73.33,85.1,83.88,1.22,1.4545,327205.31,2601726.94997,301689,电科思仪,电器仪表
301696.SZ,20260928,93.06,93.1,88.89,89.25,93.53,-4.28,-4.5761,12403.46,112052.26509,301696,三瑞智能,电气设备
301697.SZ,20260928,29.18,29.4,27.16,28.59,30.08,-1.49,-4.9535,148615.28,418592.54523,301697,贝特利,化工原料
301699.SZ,20260928,37.0,42.36,34.03,40.68,35.54,5.14,14.4626,458529.47,1710375.61493,301699,洛轴股份,机械基件
301707.SZ,20260928,76.4,76.48,70.61,72.78,77.71,-4.93,-6.3441,52751.92,382306.23006,301707,展芯股份,元器件
301717.SZ,20260928,370.63,370.63,342.03,355.25,370.68,-15.43,-4.1626,22075.11,779447.55947,301717,超纯应材,半导体
302132.SZ,20260928,58.16,59.08,57.8,58.73,58.1,0.63,1.0843,53810.25,315494.44842,302132,中航成飞,航空
600000.SH,20260928,9.03,9.18,9.0,9.16,9.0,0.16,1.7778,1184852.98,1080846.77,600000,浦发银行,银行
600004.SH,20260928,7.61,7.65,7.55,7.62,7.58,0.04,0.5277,87232.26,66313.425,600004,白云机场,机场
600006.SH,20260928,5.45,5.95,5.44,5.83,5.49,0.34,6.1931,844223.54,483300.876,600006,东风股份,汽车整车
600007.SH,20260928,19.81,20.05,19.7,19.93,19.8,0.13,0.6566,20644.67,41128.505,600007,中国国贸,园区开发
600008.SH,20260928,2.7,2.71,2.66,2.68,2.71,-0.03,-1.107,617599.4,165475.437,600008,首创环保,水务
600009.SH,20260928,22.48,22.5,22.25,22.36,22.46,-0.1,-0.4452,51502.24,115124.595,600009,上海机场,机场
600010.SH,20260928,2.08,2.09,2.05,2.06,2.09,-0.03,-1.4354,2322173.4,478959.315,600010,包钢股份,普钢
600011.SH,20260928,6.75,6.96,6.73,6.94,6.74,0.2,2.9674,1277712.34,877581.443,600011,华能国际,火力发电
600012.SH,20260928,15.49,15.74,15.39,15.5,15.54,-0.04,-0.2574,35364.49,54997.816,600012,皖通高速,路桥
600015.SH,20260928,6.23,6.25,6.16,6.18,6.23,-0.05,-0.8026,779444.66,482475.575,600015,华夏银行,银行
600016.SH,20260928,3.46,3.49,3.42,3.44,3.46,-0.02,-0.578,1822444.1,628819.777,600016,民生银行,银行
600017.SH,20260928,2.8,2.8,2.76,2.79,2.79,0.0,0.0,229182.5,63748.145,600017,日照港,港口
600018.SH,20260928,5.38,5.42,5.36,5.38,5.36,0.02,0.3731,448481.63,241714.042,600018,上港集团,港口
600019.SH,20260928,5.82,5.88,5.79,5.8,5.84,-0.04,-0.6849,781345.05,455309.231,600019,宝钢股份,普钢
600020.SH,20260928,3.84,3.86,3.77,3.8,3.85,-0.05,-1.2987,138235.29,52702.014,600020,中原高速,路桥
600021.SH,20260928,13.06,13.06,12.71,12.77,13.08,-0.31,-2.37,197033.45,252861.82,600021,上海电力,火力发电
600022.SH,20260928,1.28,1.29,1.26,1.27,1.28,-0.01,-0.7813,914563.07,116640.938,600022,山东钢铁,普钢
600023.SH,20260928,5.13,5.23,5.11,5.19,5.14,0.05,0.9728,490105.39,254254.787,600023,浙能电力,火力发电
600025.SH,20260928,9.77,9.9,9.73,9.87,9.75,0.12,1.2308,360397.34,354547.866,600025,华能水电,水力发电
600026.SH,20260928,21.56,21.85,21.09,21.23,21.4,-0.17,-0.7944,537022.05,1149720.039,600026,中远海能,水运
600027.SH,20260928,4.82,4.9,4.82,4.89,4.83,0.06,1.2422,730037.75,355376.356,600027,华电国际,火力发电
600028.SH,20260928,5.32,5.42,5.28,5.41,5.32,0.09,1.6917,2261317.3,1214709.112,600028,中国石化,石油加工
600029.SH,20260928,4.86,4.86,4.79,4.82,4.86,-0.04,-0.823,444690.57,214093.367,600029,南方航空,空运
600030.SH,20260928,26.26,26.32,25.79,25.94,26.29,-0.35,-1.3313,836086.03,2171584.665,600030,中信证券,证券
600031.SH,20260928,17.1,17.33,17.0,17.19,17.2,-0.01,-0.0581,556505.75,956687.649,600031,三一重工,工程机械
600032.SH,20260928,6.81,7.43,6.8,7.43,6.75,0.68,10.0741,608576.91,441559.885,600032,浙江新能,新型电力
600033.SH,20260928,3.6,3.62,3.41,3.59,3.73,-0.14,-3.7534,674964.14,239209.429,600033,福建高速,路桥
600035.SH,20260928,3.65,3.66,3.6,3.65,3.65,0.0,0.0,129516.96,47029.854,600035,楚天高速,路桥
600036.SH,20260928,40.67,41.08,40.38,40.64,40.69,-0.05,-0.1229,543918.36,2212107.699,600036,招商银行,银行
600037.SH,20260928,7.07,7.13,6.93,6.94,7.07,-0.13,-1.8388,129108.4,90023.955,600037,歌华有线,影视音像
600038.SH,20260928,27.01,27.43,26.62,26.79,26.83,-0.04,-0.1491,42314.46,113947.415,600038,中直股份,航空
600039.SH,20260928,8.58,8.67,8.53,8.62,8.61,0.01,0.1161,145960.06,125559.495,600039,四川路桥,建筑工程
600048.SH,20260928,5.55,5.64,5.51,5.61,5.56,0.05,0.8993,1468737.89,820036.466,600048,保利发展,全国地产
600050.SH,20260928,4.14,4.15,4.09,4.13,4.15,-0.02,-0.4819,1067875.04,439859.445,600050,中国联通,电信运营
600051.SH,20260928,6.26,6.3,6.19,6.25,6.22,0.03,0.4823,43055.42,26902.16,600051,宁波联合,综合类
600052.SH,20260928,3.64,3.72,3.63,3.71,3.64,0.07,1.9231,134615.59,49443.798,600052,东望时代,供气供热
600053.SH,20260928,7.2,7.68,7.15,7.68,7.26,0.42,5.7851,32301.0,24004.282,600053,*ST九鼎,多元金融
600054.SH,20260928,10.64,10.66,10.41,10.51,10.64,-0.13,-1.2218,45135.46,47518.288,600054,黄山旅游,旅游景点
600055.SH,20260928,10.52,10.66,10.35,10.45,10.52,-0.07,-0.6654,37591.58,39240.861,600055,万东医疗,医疗保健
600056.SH,20260928,8.88,8.94,8.78,8.84,8.86,-0.02,-0.2257,72779.12,64242.129,600056,中国医药,医药商业
600057.SH,20260928,6.0,6.07,5.91,6.03,6.1,-0.07,-1.1475,162477.4,97665.746,600057,厦门象屿,仓储物流
600058.SH,20260928,8.81,9.01,8.5,8.66,8.83,-0.17,-1.9253,115319.83,99895.824,600058,五矿发展,商贸代理
600059.SH,20260928,11.2,12.1,11.2,11.73,11.0,0.73,6.6364,1228976.67,1451543.228,600059,古越龙山,红黄酒
600060.SH,20260928,27.25,27.38,26.89,27.26,27.1,0.16,0.5904,73827.77,200214.006,600060,海信视像,家用电器
600061.SH,20260928,6.2,6.22,6.07,6.09,6.19,-0.1,-1.6155,317753.27,194753.706,600061,国投资本,证券
600062.SH,20260928,16.14,16.18,15.91,15.98,16.05,-0.07,-0.4361,45134.85,72309.978,600062,华润双鹤,化学制药
600063.SH,20260928,5.51,5.52,5.31,5.35,5.54,-0.19,-3.4296,335221.1,180497.679,600063,皖维高新,化纤
600064.SH,20260928,7.65,7.66,7.56,7.63,7.62,0.01,0.1312,135201.87,102837.323,600064,南京高科,园区开发
600066.SH,20260928,25.97,26.4,25.75,26.22,26.01,0.21,0.8074,218888.15,571596.768,600066,宇通客车,汽车整车
600067.SH,20260928,2.63,2.67,2.57,2.58,2.63,-0.05,-1.9011,318475.64,83423.079,600067,冠城新材,电气设备
600071.SH,20260928,16.72,16.76,16.05,16.16,16.67,-0.51,-3.0594,24863.16,40418.239,600071,凤凰光学,元器件
600072.SH,20260928,8.76,8.81,8.65,8.74,8.77,-0.03,-0.3421,116031.7,101132.891,600072,中船科技,电气设备
600073.SH,20260928,5.42,5.49,5.37,5.46,5.4,0.06,1.1111,77065.53,41808.042,600073,光明肉业,食品
600075.SH,20260928,4.52,4.59,4.47,4.53,4.53,0.0,0.0,123331.31,55809.646,600075,新疆天业,化工原料
600076.SH,20260928,2.1,2.12,2.07,2.1,2.09,0.01,0.4785,337001.07,70618.139,600076,康欣新材,广告包装
600078.SH,20260928,9.97,9.97,9.56,9.66,9.99,-0.33,-3.3033,101312.28,98360.744,600078,澄星股份,化工原料
600079.SH,20260928,18.86,18.97,18.6,18.81,18.82,-0.01,-0.0531,75107.0,140678.25,600079,ST人福,化学制药
600080.SH,20260928,4.72,4.72,4.63,4.65,4.73,-0.08,-1.6913,16342.0,7626.921,600080,ST金花,中成药
600081.SH,20260928,10.61,10.9,10.6,10.65,10.7,-0.05,-0.4673,63564.83,68107.206,600081,东风科技,汽车配件
600082.SH,20260928,3.32,3.44,3.23,3.43,3.31,0.12,3.6254,127724.54,42707.885,600082,ST海泰,园区开发
600084.SH,20260928,4.4,4.43,4.29,4.32,4.38,-0.06,-1.3699,20079.01,8717.207,600084,*ST尼雅,红黄酒
600085.SH,20260928,23.34,23.54,23.18,23.33,23.34,-0.01,-0.0428,33376.43,77840.586,600085,同仁堂,中成药
600088.SH,20260928,12.88,13.05,12.45,12.61,12.91,-0.3,-2.3238,129378.49,163589.977,600088,中视传媒,影视音像
600089.SH,20260928,17.54,17.56,17.21,17.26,17.6,-0.34,-1.9318,471784.7,816633.815,600089,特变电工,电气设备
600094.SH,20260928,4.04,4.15,3.93,3.97,4.04,-0.07,-1.7327,342533.25,137635.872,600094,大名城,区域地产
600095.SH,20260928,8.55,8.71,8.48,8.52,8.82,-0.3,-3.4014,401472.3,343978.435,600095,湘财股份,证券
600096.SH,20260928,27.58,27.6,27.12,27.16,27.56,-0.4,-1.4514,139337.42,380470.21,600096,云天化,农药化肥
600097.SH,20260928,9.27,9.3,9.13,9.23,9.2,0.03,0.3261,25733.83,23661.127,600097,开创国际,渔业
600098.SH,20260928,6.25,6.3,6.22,6.25,6.25,0.0,0.0,163136.0,102074.445,600098,广州发展,火力发电
600099.SH,20260928,9.28,9.54,9.28,9.36,9.42,-0.06,-0.6369,33502.02,31359.731,600099,林海股份,汽车整车
600100.SH,20260928,6.68,6.69,6.39,6.48,6.66,-0.18,-2.7027,310095.48,200783.556,600100,同方股份,IT设备
600101.SH,20260928,7.83,7.85,7.75,7.77,7.8,-0.03,-0.3846,72575.04,56499.622,600101,明星电力,水力发电
600103.SH,20260928,3.57,3.58,3.38,3.42,3.61,-0.19,-5.2632,1253992.02,431244.769,600103,青山纸业,造纸
600104.SH,20260928,10.7,10.9,10.69,10.77,10.72,0.05,0.4664,373729.87,403218.127,600104,上汽集团,汽车整车
600105.SH,20260928,42.02,42.2,38.28,38.28,42.53,-4.25,-9.9929,955582.98,3727708.423,600105,永鼎股份,通信设备
600106.SH,20260928,4.43,4.46,4.26,4.31,4.46,-0.15,-3.3632,116576.68,50374.307,600106,重庆路桥,路桥
600107.SH,20260928,5.78,5.78,5.6,5.65,5.72,-0.07,-1.2238,7567.01,4280.687,600107,*ST尔雅,服饰
600108.SH,20260928,4.19,4.26,3.9,3.91,4.13,-0.22,-5.3269,1431023.23,569193.364,600108,亚盛集团,种植业
600109.SH,20260928,8.1,8.12,7.95,8.0,8.1,-0.1,-1.2346,197713.0,158183.502,600109,国金证券,证券
600110.SH,20260928,11.84,11.88,10.71,10.88,11.89,-1.01,-8.4945,1218879.47,1358363.279,600110,诺德股份,电气设备
600111.SH,20260928,36.91,36.95,35.42,35.57,37.06,-1.49,-4.0205,405864.15,1450132.854,600111,北方稀土,小金属
600113.SH,20260928,29.1,29.18,27.86,28.2,29.1,-0.9,-3.0928,31783.4,89680.278,600113,浙江东日,区域地产
600114.SH,20260928,26.74,26.83,24.81,25.19,26.78,-1.59,-5.9373,142500.22,362159.701,600114,东睦股份,机械基件
600115.SH,20260928,3.36,3.36,3.28,3.31,3.35,-0.04,-1.194,1529267.79,505188.315,600115,中国东航,空运
600116.SH,20260928,6.05,6.11,6.03,6.11,6.05,0.06,0.9917,99347.36,60399.333,600116,三峡水利,水力发电
600117.SH,20260928,2.16,2.18,2.11,2.13,2.17,-0.04,-1.8433,118416.54,25302.059,600117,西宁特钢,特种钢
600118.SH,20260928,57.4,57.54,55.75,56.11,57.91,-1.8,-3.1083,198789.39,1121260.028,600118,中国卫星,航空
600119.SH,20260928,4.94,5.03,4.76,4.79,5.0,-0.21,-4.2,20904.0,10152.497,600119,*ST长投,仓储物流
600120.SH,20260928,4.64,4.66,4.54,4.58,4.64,-0.06,-1.2931,216888.58,99291.964,600120,浙江东方,多元金融
600121.SH,20260928,4.82,5.22,4.58,5.1,4.9,0.2,4.0816,2040167.0,997821.833,600121,郑州煤电,煤炭开采
600123.SH,20260928,6.93,6.97,6.84,6.97,6.98,-0.01,-0.1433,177652.94,122688.907,600123,兰花科创,煤炭开采
600125.SH,20260928,5.24,5.25,5.17,5.2,5.24,-0.04,-0.7634,75293.14,39151.024,600125,铁龙物流,铁路
600126.SH,20260928,6.06,6.09,5.9,5.92,6.06,-0.14,-2.3102,255886.15,152040.188,600126,杭钢股份,普钢
600127.SH,20260928,16.15,16.2,14.84,14.84,16.49,-1.65,-10.0061,363610.9,558224.545,600127,金健米业,农业综合
600128.SH,20260928,8.63,8.68,8.5,8.61,8.55,0.06,0.7018,30636.84,26284.797,600128,苏豪弘业,商贸代理
600129.SH,20260928,13.36,13.5,13.17,13.34,13.33,0.01,0.075,62762.88,83310.829,600129,太极集团,中成药
600130.SH,20260928,4.68,4.7,4.48,4.53,4.7,-0.17,-3.617,172676.48,78543.391,600130,波导股份,元器件
600131.SH,20260928,14.11,14.11,13.91,14.05,14.08,-0.03,-0.2131,45530.0,63757.008,600131,国网信通,通信设备
600132.SH,20260928,37.51,38.02,37.39,37.6,37.56,0.04,0.1065,20189.6,75988.24,600132,重庆啤酒,啤酒
600133.SH,20260928,7.87,7.93,7.65,7.72,7.89,-0.17,-2.1546,102726.02,79544.644,600133,东湖高新,环境保护
600135.SH,20260928,7.62,7.64,7.33,7.41,7.62,-0.21,-2.7559,79558.55,59261.562,600135,乐凯胶片,塑料
600136.SH,20260928,1.48,1.48,1.45,1.45,1.48,-0.03,-2.027,78813.0,11513.76,600136,ST明诚,房产服务
600137.SH,20260928,18.09,18.17,17.65,17.88,17.93,-0.05,-0.2789,13056.0,23388.786,600137,浪莎股份,服饰
600138.SH,20260928,6.97,7.01,6.9,6.93,7.0,-0.07,-1.0,55902.53,38768.156,600138,中青旅,旅游景点
600141.SH,20260928,27.91,27.99,26.92,27.07,27.95,-0.88,-3.1485,168176.33,458312.548,600141,兴发集团,农药化肥
600143.SH,20260928,13.05,13.15,12.85,12.88,13.07,-0.19,-1.4537,176104.92,228002.936,600143,金发科技,塑料
600148.SH,20260928,15.86,15.89,15.64,15.74,15.77,-0.03,-0.1902,12907.0,20346.846,600148,长春一东,汽车配件
600149.SH,20260928,5.07,5.1,5.0,5.04,5.05,-0.01,-0.198,68417.94,34558.859,600149,廊坊发展,综合类
600150.SH,20260928,38.37,38.94,37.84,38.08,38.09,-0.01,-0.0263,982417.79,3763788.423,600150,中国船舶,船舶
600151.SH,20260928,9.32,9.4,9.06,9.18,9.35,-0.17,-1.8182,160525.44,147580.582,600151,航天机电,汽车配件
600152.SH,20260928,7.63,7.65,7.36,7.56,7.66,-0.1,-1.3055,126118.01,94794.421,600152,维科技术,电气设备
600153.SH,20260928,8.43,8.5,8.34,8.46,8.43,0.03,0.3559,148873.36,125270.53,600153,建发股份,仓储物流
600155.SH,20260928,5.94,5.96,5.78,5.81,5.94,-0.13,-2.1886,198214.64,115639.8,600155,华创云信,证券
600156.SH,20260928,8.68,8.76,8.25,8.26,9.17,-0.91,-9.9237,383912.05,319273.991,600156,华升股份,纺织
600157.SH,20260928,1.47,1.48,1.42,1.43,1.47,-0.04,-2.7211,4130236.6,595756.51,600157,永泰能源,火力发电
600158.SH,20260928,7.0,7.04,6.88,6.93,7.03,-0.1,-1.4225,156042.28,108274.413,600158,中体产业,文教休闲
600159.SH,20260928,2.72,2.75,2.69,2.72,2.73,-0.01,-0.3663,154157.0,41831.741,600159,大龙地产,区域地产
600160.SH,20260928,33.96,34.33,33.38,33.54,33.97,-0.43,-1.2658,263825.16,891824.083,600160,巨化股份,化工原料
600161.SH,20260928,12.08,12.28,12.06,12.22,12.1,0.12,0.9917,83892.13,101891.464,600161,天坛生物,生物制药
600162.SH,20260928,4.38,4.41,4.18,4.39,4.35,0.04,0.9195,948735.06,409237.239,600162,香江控股,全国地产
600163.SH,20260928,5.4,5.48,5.3,5.38,5.53,-0.15,-2.7125,469442.46,253289.575,600163,中闽能源,新型电力
600165.SH,20260928,3.21,3.42,3.17,3.37,3.21,0.16,4.9844,303430.55,101271.232,600165,宁科生物,化工原料
600166.SH,20260928,2.75,2.77,2.73,2.75,2.76,-0.01,-0.3623,648922.0,178407.468,600166,福田汽车,汽车整车
600167.SH,20260928,5.51,5.52,5.44,5.48,5.51,-0.03,-0.5445,57995.02,31759.618,600167,联美控股,供气供热
600168.SH,20260928,4.36,4.38,4.32,4.34,4.38,-0.04,-0.9132,38961.37,16953.136,600168,武汉控股,水务
600169.SH,20260928,2.18,2.19,2.15,2.16,2.18,-0.02,-0.9174,70512.0,15265.374,600169,ST太重,工程机械
600170.SH,20260928,2.19,2.2,2.16,2.17,2.2,-0.03,-1.3636,1016386.32,221064.933,600170,上海建工,建筑工程
600171.SH,20260928,22.8,22.88,22.02,22.18,22.88,-0.7,-3.0594,85381.93,190341.897,600171,上海贝岭,半导体
600172.SH,20260928,16.91,17.43,15.99,16.5,16.89,-0.39,-2.3091,2277837.61,3846752.065,600172,黄河旋风,矿物制品
600173.SH,20260928,5.84,5.84,5.69,5.73,5.78,-0.05,-0.8651,44640.66,25616.341,600173,卧龙新能,全国地产
600176.SH,20260928,42.66,42.85,39.0,39.27,43.06,-3.79,-8.8017,2156371.7,8699119.125,600176,中国巨石,玻璃
600177.SH,20260928,8.25,8.3,8.19,8.29,8.29,0.0,0.0,249191.69,205749.593,600177,雅戈尔,服饰
600178.SH,20260928,9.7,10.66,9.67,10.08,9.72,0.36,3.7037,211578.59,215919.603,600178,东安动力,汽车配件
600179.SH,20260928,4.43,4.46,4.37,4.39,4.45,-0.06,-1.3483,211483.32,93012.223,600179,安通控股,水运
600180.SH,20260928,1.55,1.56,1.47,1.5,1.55,-0.05,-3.2258,113983.0,17158.363,600180,*ST瑞茂,仓储物流
600182.SH,20260928,12.6,12.6,12.28,12.28,12.59,-0.31,-2.4623,14959.26,18512.262,600182,S佳通,汽车配件
600183.SH,20260928,136.0,138.5,130.0,131.95,137.33,-5.38,-3.9176,457068.68,6066528.475,600183,生益科技,元器件
600184.SH,20260928,19.43,19.44,17.94,18.06,19.45,-1.39,-7.1465,214302.11,394032.458,600184,光电股份,专用机械
600185.SH,20260928,4.68,4.72,4.6,4.66,4.7,-0.04,-0.8511,187135.39,87006.563,600185,珠免集团,旅游服务
600186.SH,20260928,12.82,13.32,12.01,12.02,13.04,-1.02,-7.8221,2118310.88,2684765.636,600186,莲花控股,食品
600187.SH,20260928,1.27,1.28,1.24,1.24,1.27,-0.03,-2.3622,123691.0,15476.345,600187,*ST国中,水务
600188.SH,20260928,19.58,19.9,19.4,19.66,19.76,-0.1,-0.5061,232673.06,456820.507,600188,兖矿能源,煤炭开采
600189.SH,20260928,8.88,8.93,8.19,8.19,9.1,-0.91,-10.0,451648.01,378853.122,600189,泉阳泉,软饮料
600191.SH,20260928,9.18,9.18,8.74,8.86,9.06,-0.2,-2.2075,65859.58,58445.987,600191,华资实业,食品
600192.SH,20260928,7.17,7.27,7.01,7.16,7.2,-0.04,-0.5556,103526.33,73528.41,600192,长城电工,电气设备
600195.SH,20260928,6.65,6.69,6.51,6.67,6.64,0.03,0.4518,72263.41,47642.374,600195,中牧股份,农业综合
600196.SH,20260928,22.9,23.32,22.79,23.24,22.84,0.4,1.7513,246562.55,569733.074,600196,复星医药,化学制药
600197.SH,20260928,9.26,9.32,9.14,9.17,9.27,-0.1,-1.0787,26662.01,24568.066,600197,伊力特,白酒
600198.SH,20260928,7.37,7.39,7.13,7.25,7.36,-0.11,-1.4946,127141.18,91872.384,600198,大唐电信,通信设备
600199.SH,20260928,6.94,7.35,6.8,6.83,6.94,-0.11,-1.585,225590.23,158230.216,600199,金种子酒,白酒
600201.SH,20260928,11.44,11.55,11.11,11.41,11.4,0.01,0.0877,116570.71,131945.428,600201,生物股份,农业综合
600202.SH,20260928,5.2,5.2,5.07,5.15,5.16,-0.01,-0.1938,48134.01,24694.414,600202,哈空调,专用机械
600203.SH,20260928,9.93,9.94,9.6,9.68,9.98,-0.3,-3.006,123226.79,119827.916,600203,福日电子,元器件
600206.SH,20260928,50.61,52.64,50.6,51.63,49.81,1.82,3.6539,1093191.62,5646923.383,600206,有研新材,半导体
600207.SH,20260928,5.08,5.68,5.08,5.46,5.16,0.3,5.814,832661.52,453460.367,600207,安彩高科,电气设备
600208.SH,20260928,2.83,2.84,2.77,2.81,2.84,-0.03,-1.0563,705624.65,197183.379,600208,衢州发展,全国地产
600210.SH,20260928,6.2,6.22,6.13,6.2,6.2,0.0,0.0,135546.72,83802.505,600210,紫江企业,广告包装
600211.SH,20260928,36.5,36.83,35.83,35.96,36.48,-0.52,-1.4254,21607.63,78201.103,600211,西藏药业,生物制药
600212.SH,20260928,6.08,6.1,5.63,5.69,6.07,-0.38,-6.2603,160106.49,91786.576,600212,绿能慧充,电气设备
600215.SH,20260928,6.13,6.19,6.02,6.13,6.1,0.03,0.4918,59192.0,36047.772,600215,派斯林,专用机械
600216.SH,20260928,12.46,12.59,12.22,12.31,12.33,-0.02,-0.1622,102497.99,126449.547,600216,浙江医药,化学制药
600217.SH,20260928,3.23,3.25,3.2,3.22,3.24,-0.02,-0.6173,88329.16,28482.62,600217,中再资环,环境保护
600218.SH,20260928,7.85,7.92,7.74,7.92,7.87,0.05,0.6353,138990.0,108964.294,600218,全柴动力,汽车配件
600219.SH,20260928,4.6,4.6,4.45,4.49,4.61,-0.12,-2.603,1218220.15,547802.902,600219,南山铝业,铝
600221.SH,20260928,1.22,1.22,1.19,1.21,1.22,-0.01,-0.8197,2620837.63,315257.285,600221,海航控股,空运
600222.SH,20260928,8.09,8.16,7.87,8.07,8.03,0.04,0.4981,161493.8,129147.471,600222,太龙药业,中成药
600223.SH,20260928,5.62,5.66,5.58,5.61,5.6,0.01,0.1786,77034.11,43287.224,600223,福瑞达,日用化工
600226.SH,20260928,5.74,5.74,5.22,5.28,5.78,-0.5,-8.6505,1093642.99,586909.977,600226,亨通股份,供气供热
600227.SH,20260928,3.78,3.89,3.69,3.76,3.8,-0.04,-1.0526,1208711.54,457531.76,600227,赤天化,农药化肥
600228.SH,20260928,10.88,10.95,9.96,10.14,10.6,-0.46,-4.3396,329822.91,339984.469,600228,返利科技,互联网
600229.SH,20260928,5.77,5.86,5.62,5.72,5.82,-0.1,-1.7182,77028.0,43970.844,600229,城市传媒,出版业
600230.SH,20260928,14.62,14.68,13.4,13.56,14.34,-0.78,-5.4393,235977.69,328041.367,600230,沧州大化,化工原料
600231.SH,20260928,1.65,1.66,1.59,1.61,1.65,-0.04,-2.4242,327265.07,52990.096,600231,凌钢股份,普钢
600232.SH,20260928,6.76,7.18,6.57,6.91,6.78,0.13,1.9174,163906.22,112327.105,600232,金鹰股份,纺织机械
600233.SH,20260928,17.91,18.1,17.61,18.03,17.92,0.11,0.6138,202575.39,362626.862,600233,圆通速递,仓储物流
600234.SH,20260928,21.19,21.39,19.7,19.77,21.39,-1.62,-7.5736,30114.0,60609.193,600234,科新发展,装修装饰
600235.SH,20260928,5.86,5.98,5.81,5.94,5.86,0.08,1.3652,58586.98,34580.375,600235,民丰特纸,造纸
600236.SH,20260928,9.25,9.53,9.18,9.36,9.24,0.12,1.2987,144978.65,135711.102,600236,桂冠电力,水力发电
600237.SH,20260928,9.38,9.39,8.66,8.78,9.38,-0.6,-6.3966,386807.11,346468.239,600237,铜峰电子,元器件
600238.SH,20260928,4.05,4.08,3.98,4.02,4.06,-0.04,-0.9852,29087.0,11674.706,600238,ST椰岛,红黄酒
600239.SH,20260928,1.43,1.44,1.39,1.4,1.44,-0.04,-2.7778,158767.0,22388.855,600239,ST云城,区域地产
600241.SH,20260928,7.3,8.04,7.28,8.04,7.31,0.73,9.9863,183136.17,144470.308,600241,时代万恒,电气设备
600243.SH,20260928,3.56,3.66,3.5,3.56,3.54,0.02,0.565,73725.0,26396.043,600243,*ST海华,运输设备
600246.SH,20260928,14.27,14.3,12.91,12.91,14.34,-1.43,-9.9721,1150592.5,1527563.083,600246,万通发展,区域地产
600248.SH,20260928,2.82,2.83,2.76,2.79,2.81,-0.02,-0.7117,135870.58,37888.387,600248,陕建股份,建筑工程
600249.SH,20260928,5.37,5.41,5.28,5.33,5.36,-0.03,-0.5597,67486.5,36004.989,600249,两面针,日用化工
600250.SH,20260928,9.02,9.1,8.86,8.88,9.07,-0.19,-2.0948,69044.95,61680.652,600250,南京商旅,商贸代理
600251.SH,20260928,10.33,10.72,9.92,9.93,10.03,-0.1,-0.997,331480.48,339972.423,600251,冠农股份,农业综合
600252.SH,20260928,2.15,2.18,2.14,2.17,2.13,0.04,1.8779,466392.13,100647.038,600252,中恒集团,中成药
600255.SH,20260928,3.44,3.44,3.28,3.31,3.44,-0.13,-3.7791,594731.5,197787.504,600255,鑫科材料,小金属
600256.SH,20260928,6.81,6.89,6.7,6.8,6.82,-0.02,-0.2933,1043358.23,708473.572,600256,广汇能源,石油开采
600257.SH,20260928,5.5,5.53,5.37,5.47,5.48,-0.01,-0.1825,114384.25,62181.53,600257,大湖股份,渔业
600258.SH,20260928,11.1,11.15,10.93,10.99,11.09,-0.1,-0.9017,97330.91,107062.348,600258,首旅酒店,酒店餐饮
600259.SH,20260928,79.77,79.81,73.28,74.03,80.37,-6.34,-7.8885,85242.92,641529.921,600259,中稀有色,小金属
600261.SH,20260928,3.35,3.4,3.25,3.28,3.35,-0.07,-2.0896,259735.07,85600.67,600261,阳光照明,家用电器
600262.SH,20260928,14.66,14.85,14.49,14.58,14.71,-0.13,-0.8838,32956.2,48187.843,600262,北方股份,专用机械
600265.SH,20260928,23.1,23.7,22.61,22.7,23.41,-0.71,-3.0329,7278.01,16698.866,600265,*ST景谷,林业
600266.SH,20260928,4.28,4.3,4.21,4.26,4.27,-0.01,-0.2342,296639.22,125992.266,600266,城建发展,区域地产
600267.SH,20260928,11.67,11.75,11.45,11.54,11.43,0.11,0.9624,201073.17,232646.82,600267,海正药业,化学制药
600268.SH,20260928,10.09,10.13,9.81,9.9,10.08,-0.18,-1.7857,111144.04,110093.86,600268,国电南自,电气设备
600269.SH,20260928,3.77,3.79,3.7,3.73,3.77,-0.04,-1.061,139325.11,52055.862,600269,赣粤高速,路桥
600271.SH,20260928,6.61,6.62,6.49,6.55,6.61,-0.06,-0.9077,95916.0,62715.215,600271,航天信息,软件服务
600272.SH,20260928,15.7,16.27,14.8,15.15,15.24,-0.09,-0.5906,239375.06,367585.673,600272,开开实业,医药商业
600273.SH,20260928,6.21,6.22,6.08,6.15,6.19,-0.04,-0.6462,98894.1,60677.348,600273,嘉化能源,化工原料
600276.SH,20260928,44.86,45.22,44.35,44.47,44.86,-0.39,-0.8694,370711.26,1654109.658,600276,恒瑞医药,化学制药
600278.SH,20260928,6.55,6.6,6.4,6.47,6.55,-0.08,-1.2214,40170.18,26020.945,600278,东方创业,商贸代理
600279.SH,20260928,4.25,4.29,4.23,4.27,4.27,0.0,0.0,51788.61,22063.908,600279,重庆港,港口
600280.SH,20260928,3.06,3.07,2.97,3.0,3.04,-0.04,-1.3158,266979.49,80152.423,600280,中央商场,百货
600281.SH,20260928,4.63,4.67,4.51,4.58,4.64,-0.06,-1.2931,149307.5,68129.673,600281,华阳新材,小金属
600282.SH,20260928,4.4,4.44,4.33,4.43,4.4,0.03,0.6818,359694.34,157918.678,600282,南钢股份,普钢
600283.SH,20260928,8.02,8.1,7.88,7.92,8.02,-0.1,-1.2469,23131.4,18350.573,600283,钱江水利,水务
600284.SH,20260928,5.09,5.11,5.0,5.02,5.11,-0.09,-1.7613,84637.48,42619.69,600284,浦东建设,建筑工程
600285.SH,20260928,18.84,18.9,18.51,18.64,18.83,-0.19,-1.009,52843.21,98684.646,600285,羚锐制药,中成药
600287.SH,20260928,4.97,5.04,4.91,4.96,4.97,-0.01,-0.2012,35238.5,17485.151,600287,苏豪时尚,商贸代理
600288.SH,20260928,10.81,10.81,10.29,10.41,10.8,-0.39,-3.6111,103445.47,108357.028,600288,大恒科技,元器件
600289.SH,20260928,4.28,4.33,4.21,4.26,4.32,-0.06,-1.3889,14498.98,6200.252,600289,ST信通,软件服务
600292.SH,20260928,11.26,11.28,11.02,11.04,11.26,-0.22,-1.9538,96127.0,106691.044,600292,电投水电,水力发电
600293.SH,20260928,3.78,4.15,3.78,3.93,3.78,0.15,3.9683,2092510.67,824681.132,600293,三峡新材,玻璃
600295.SH,20260928,12.9,13.05,12.72,12.76,12.8,-0.04,-0.3125,71737.84,92120.26,600295,鄂尔多斯,特种钢
600298.SH,20260928,39.2,39.32,37.7,38.68,39.7,-1.02,-2.5693,107594.5,413354.371,600298,安琪酵母,食品
600299.SH,20260928,8.08,8.36,8.03,8.06,8.08,-0.02,-0.2475,378772.91,310463.887,600299,安迪苏,饲料
600300.SH,20260928,3.04,3.06,2.98,3.04,3.06,-0.02,-0.6536,262854.99,79346.949,600300,维维股份,软饮料
600301.SH,20260928,47.56,48.34,47.28,48.19,47.65,0.54,1.1333,138686.61,663313.209,600301,华锡有色,小金属
600302.SH,20260928,7.07,7.11,6.64,6.69,7.14,-0.45,-6.3025,39396.0,26869.881,600302,ST标准,纺织机械
600303.SH,20260928,3.02,3.06,2.95,3.02,3.05,-0.03,-0.9836,271700.01,81567.436,600303,曙光股份,汽车整车
600305.SH,20260928,6.65,6.73,6.65,6.69,6.66,0.03,0.4505,61684.34,41206.526,600305,恒顺醋业,食品
600307.SH,20260928,1.45,1.46,1.42,1.44,1.45,-0.01,-0.6897,342055.66,49088.009,600307,酒钢宏兴,普钢
600308.SH,20260928,3.28,3.29,3.21,3.22,3.29,-0.07,-2.1277,74716.45,24197.363,600308,华泰股份,造纸
600309.SH,20260928,69.46,69.99,69.0,69.4,69.45,-0.05,-0.072,181574.43,1259915.646,600309,万华化学,化工原料
600310.SH,20260928,4.45,4.62,4.38,4.52,4.45,0.07,1.573,470292.17,212677.95,600310,广西能源,水力发电
600312.SH,20260928,18.91,19.75,18.69,19.65,18.94,0.71,3.7487,236740.06,456967.854,600312,平高电气,电气设备
600313.SH,20260928,6.84,6.85,6.43,6.51,6.8,-0.29,-4.2647,396520.98,259153.005,600313,农发种业,种植业
600315.SH,20260928,18.23,18.31,17.87,17.95,18.12,-0.17,-0.9382,49281.34,88790.702,600315,上海家化,日用化工
600316.SH,20260928,32.93,33.44,32.68,33.05,32.91,0.14,0.4254,83654.66,276173.363,600316,洪都航空,航空
600318.SH,20260928,6.79,6.88,6.73,6.79,6.79,0.0,0.0,165742.84,112752.324,600318,新力金融,多元金融
600319.SH,20260928,6.22,6.29,6.12,6.17,6.25,-0.08,-1.28,28476.0,17589.432,600319,亚星化学,化工原料
600320.SH,20260928,4.03,4.04,3.97,3.99,4.02,-0.03,-0.7463,301182.45,120382.199,600320,振华重工,专用机械
600322.SH,20260928,2.68,2.69,2.62,2.66,2.69,-0.03,-1.1152,223243.0,59104.495,600322,津投城开,区域地产
600323.SH,20260928,28.79,29.23,28.58,29.17,28.68,0.49,1.7085,49984.84,145214.623,600323,瀚蓝环境,环境保护
600325.SH,20260928,2.72,2.74,2.61,2.68,2.67,0.01,0.3745,974186.0,259726.327,600325,华发股份,区域地产
600326.SH,20260928,6.95,6.95,6.62,6.67,6.97,-0.3,-4.3042,215150.54,144517.12,600326,西藏天路,水泥
600327.SH,20260928,3.75,3.83,3.75,3.8,3.8,0.0,0.0,100255.21,37910.882,600327,大东方,医疗保健
600328.SH,20260928,5.65,5.68,5.55,5.58,5.65,-0.07,-1.2389,117126.8,65552.01,600328,中盐化工,化工原料
600329.SH,20260928,35.14,35.5,34.8,35.18,35.13,0.05,0.1423,16821.63,59012.542,600329,达仁堂,中成药
600330.SH,20260928,28.28,28.66,27.23,27.81,28.6,-0.79,-2.7622,866121.73,2409603.115,600330,天通股份,专用机械
600331.SH,20260928,11.9,11.92,11.57,11.76,12.05,-0.29,-2.4066,297500.13,348071.815,600331,宏达股份,农药化肥
600332.SH,20260928,19.38,19.55,19.33,19.45,19.39,0.06,0.3094,45549.07,88381.764,600332,白云山,中成药
600333.SH,20260928,6.73,6.78,6.66,6.7,6.73,-0.03,-0.4458,77607.0,52089.169,600333,长春燃气,供气供热
600335.SH,20260928,5.17,5.26,5.14,5.17,5.12,0.05,0.9766,146935.05,76261.292,600335,国机汽车,汽车服务
600336.SH,20260928,6.39,6.39,6.2,6.26,6.35,-0.09,-1.4173,51071.72,32061.901,600336,澳柯玛,家用电器
600337.SH,20260928,3.5,3.52,3.35,3.49,3.43,0.06,1.7493,304193.13,104453.59,600337,ST美克,家居用品
600338.SH,20260928,11.93,11.93,11.52,11.61,12.06,-0.45,-3.7313,215177.08,251176.039,600338,西藏珠峰,铅锌
600339.SH,20260928,3.23,3.23,3.17,3.21,3.23,-0.02,-0.6192,322322.18,102940.978,600339,中油工程,石油开采
600340.SH,20260928,1.18,1.29,1.18,1.29,1.17,0.12,10.2564,1851706.0,231359.037,600340,*ST华幸,园区开发
600343.SH,20260928,20.0,21.36,19.48,20.08,20.3,-0.22,-1.0837,521196.69,1057333.807,600343,航天动力,机械基件
600345.SH,20260928,51.36,51.81,46.7,46.7,51.89,-5.19,-10.0019,100289.98,478183.194,600345,长江通信,通信设备
600346.SH,20260928,16.23,16.65,16.03,16.42,16.15,0.27,1.6718,294496.52,484743.224,600346,恒力石化,石油加工
600348.SH,20260928,8.85,8.91,8.74,8.89,8.89,0.0,0.0,180306.85,159140.169,600348,华阳股份,煤炭开采
600350.SH,20260928,10.04,10.17,10.03,10.1,10.02,0.08,0.7984,84815.42,85670.702,600350,山东高速,路桥
600351.SH,20260928,6.67,6.94,6.67,6.83,6.67,0.16,2.3988,233907.92,159220.604,600351,亚宝药业,中成药
600352.SH,20260928,12.16,12.38,11.91,12.25,12.14,0.11,0.9061,357618.88,434490.354,600352,浙江龙盛,染料涂料
600353.SH,20260928,31.77,32.2,29.31,29.31,32.57,-3.26,-10.0092,480600.39,1445828.491,600353,旭光电子,元器件
600354.SH,20260928,9.52,9.8,8.9,8.96,9.53,-0.57,-5.9811,687745.41,627040.249,600354,敦煌种业,种植业
600356.SH,20260928,10.78,11.7,10.6,11.06,10.64,0.42,3.9474,473800.46,542744.871,600356,恒丰纸业,造纸
600358.SH,20260928,5.67,5.75,5.43,5.62,5.72,-0.1,-1.7483,322119.12,179074.72,600358,国旅联合,广告包装
600359.SH,20260928,7.93,8.32,7.33,7.42,7.62,-0.2,-2.6247,633400.6,488399.185,600359,新农开发,种植业
600360.SH,20260928,11.45,11.69,10.79,10.85,11.67,-0.82,-7.0266,719723.26,807896.544,600360,华微电子,半导体
600361.SH,20260928,3.42,3.43,3.37,3.4,3.43,-0.03,-0.8746,287875.82,97736.559,600361,创新新材,铝
600362.SH,20260928,41.02,41.46,40.77,40.92,42.4,-1.48,-3.4906,315662.5,1296365.043,600362,江西铜业,铜
600363.SH,20260928,14.45,14.45,13.3,13.55,14.55,-1.0,-6.8729,345636.21,470838.638,600363,联创光电,元器件
600365.SH,20260928,2.92,2.92,2.86,2.88,2.9,-0.02,-0.6897,14204.0,4102.081,600365,ST通葡,互联网
600366.SH,20260928,11.11,11.16,10.62,10.69,11.12,-0.43,-3.8669,222449.16,239456.723,600366,宁波韵升,矿物制品
600367.SH,20260928,36.55,38.04,34.41,35.48,36.55,-1.07,-2.9275,259872.99,946938.76,600367,红星发展,化工原料
600368.SH,20260928,4.16,4.17,4.06,4.1,4.15,-0.05,-1.2048,245057.36,100166.517,600368,五洲交通,路桥
600369.SH,20260928,3.9,3.91,3.82,3.86,3.92,-0.06,-1.5306,303771.0,117101.166,600369,西南证券,证券
600370.SH,20260928,1.47,1.48,1.44,1.44,1.47,-0.03,-2.0408,114585.0,16671.163,600370,*ST三房,化工原料
600371.SH,20260928,15.02,15.84,14.27,14.27,15.85,-1.58,-9.9685,317830.24,465024.424,600371,万向德农,种植业
600372.SH,20260928,11.28,11.44,11.19,11.24,11.33,-0.09,-0.7944,198063.12,223624.323,600372,中航机载,航空
600373.SH,20260928,7.58,7.64,7.31,7.36,7.48,-0.12,-1.6043,132942.32,98779.034,600373,中文传媒,出版业
600375.SH,20260928,3.62,3.65,3.58,3.61,3.62,-0.01,-0.2762,137047.0,49464.049,600375,汉马科技,汽车整车
600376.SH,20260928,3.19,3.2,3.12,3.17,3.19,-0.02,-0.627,365180.05,115244.879,600376,首开股份,区域地产
600377.SH,20260928,12.7,12.92,12.7,12.86,12.77,0.09,0.7048,124446.68,160055.66,600377,宁沪高速,路桥
600378.SH,20260928,45.0,45.0,41.64,41.92,45.09,-3.17,-7.0304,361781.8,1544654.377,600378,昊华科技,化工原料
600379.SH,20260928,14.76,14.76,14.04,14.13,14.62,-0.49,-3.3516,126130.35,179273.456,600379,宝光股份,电气设备
600380.SH,20260928,9.26,9.81,9.26,9.79,9.25,0.54,5.8378,479430.24,463920.832,600380,健康元,化学制药
600381.SH,20260928,4.18,4.24,4.06,4.13,4.2,-0.07,-1.6667,34769.0,14413.63,600381,*ST春天,医疗保健
600382.SH,20260928,5.63,5.68,5.53,5.55,5.64,-0.09,-1.5957,104380.69,58392.752,600382,广东明珠,普钢
600383.SH,20260928,2.4,2.43,2.37,2.4,2.41,-0.01,-0.4149,1110486.45,266294.433,600383,金地集团,全国地产
600386.SH,20260928,3.51,3.7,3.45,3.52,3.51,0.01,0.2849,104173.43,36588.23,600386,北巴传媒,汽车服务
600388.SH,20260928,17.4,17.48,16.9,17.06,17.46,-0.4,-2.291,86124.16,147152.464,600388,紫金龙净,环境保护
600389.SH,20260928,18.16,18.27,17.71,17.74,18.11,-0.37,-2.0431,63976.0,114267.352,600389,江山股份,农药化肥
600390.SH,20260928,4.77,4.8,4.74,4.78,4.79,-0.01,-0.2088,345831.01,164817.374,600390,五矿资本,多元金融
600391.SH,20260928,41.28,43.5,40.39,41.66,40.98,0.68,1.6593,165726.87,698633.421,600391,航发科技,航空
600392.SH,20260928,21.08,21.14,20.01,20.13,21.35,-1.22,-5.7143,414309.05,843116.867,600392,盛和资源,小金属
600395.SH,20260928,5.02,5.05,4.93,5.02,5.06,-0.04,-0.7905,241437.4,120424.672,600395,盘江股份,煤炭开采
600396.SH,20260928,12.79,12.85,12.3,12.52,12.75,-0.23,-1.8039,614643.94,768579.451,600396,华电辽能,火力发电
600397.SH,20260928,17.62,17.69,16.0,16.1,17.7,-1.6,-9.0395,660562.98,1083454.019,600397,江钨装备,专用机械
600398.SH,20260928,5.67,5.71,5.61,5.64,5.66,-0.02,-0.3534,237190.61,133936.333,600398,海澜之家,服饰
600399.SH,20260928,4.32,4.33,4.17,4.22,4.31,-0.09,-2.0882,223762.91,94366.706,600399,抚顺特钢,特种钢
600400.SH,20260928,3.41,3.42,3.3,3.32,3.41,-0.09,-2.6393,421247.02,140724.293,600400,红豆股份,服饰
600403.SH,20260928,7.03,7.48,6.85,7.31,7.19,0.12,1.669,1313250.76,942200.281,600403,大有能源,煤炭开采
600405.SH,20260928,5.06,5.11,4.97,5.07,5.05,0.02,0.396,85803.42,43104.829,600405,动力源,电气设备
600406.SH,20260928,22.27,22.69,22.15,22.64,22.27,0.37,1.6614,576900.62,1298880.789,600406,国电南瑞,电气设备
600408.SH,20260928,3.02,3.04,2.91,3.02,3.03,-0.01,-0.33,392765.0,116869.411,600408,安泰集团,焦炭加工
600409.SH,20260928,6.22,6.26,6.03,6.11,6.22,-0.11,-1.7685,166715.38,102009.471,600409,三友化工,化纤
600410.SH,20260928,15.39,15.4,14.51,14.54,15.5,-0.96,-6.1935,677975.4,1000007.225,600410,华胜天成,软件服务
600415.SH,20260928,10.99,11.22,10.84,10.84,10.84,0.0,0.0,477727.88,526353.549,600415,小商品城,商品城
600416.SH,20260928,8.28,8.34,8.06,8.1,8.27,-0.17,-2.0556,136923.58,111835.432,600416,湘电股份,电气设备
600418.SH,20260928,23.31,25.22,22.99,25.22,22.93,2.29,9.9869,1794868.48,4392576.724,600418,江淮汽车,汽车整车
600419.SH,20260928,8.79,8.84,8.66,8.74,8.72,0.02,0.2294,34877.67,30565.313,600419,天润乳业,乳制品
600420.SH,20260928,8.26,8.3,8.18,8.21,8.22,-0.01,-0.1217,44321.89,36452.023,600420,国药现代,化学制药
600422.SH,20260928,8.02,8.08,7.97,8.03,8.04,-0.01,-0.1244,33844.92,27118.479,600422,昆药集团,中成药
600423.SH,20260928,2.69,2.7,2.59,2.63,2.68,-0.05,-1.8657,38393.0,10078.656,600423,*ST柳化,农药化肥
600425.SH,20260928,3.61,3.62,3.54,3.57,3.61,-0.04,-1.108,126207.06,45057.536,600425,青松建化,水泥
600426.SH,20260928,19.7,19.9,19.32,19.4,19.71,-0.31,-1.5728,196096.29,383243.015,600426,华鲁恒升,农药化肥
600428.SH,20260928,11.05,11.05,10.72,10.8,11.06,-0.26,-2.3508,236179.48,256168.79,600428,中远海特,水运
600429.SH,20260928,4.62,4.89,4.6,4.76,4.54,0.22,4.8458,284639.74,133721.426,600429,三元股份,乳制品
600433.SH,20260928,3.26,3.28,3.16,3.19,3.26,-0.07,-2.1472,203077.0,65023.538,600433,冠豪高新,造纸
600435.SH,20260928,11.14,11.14,10.8,10.86,11.16,-0.3,-2.6882,167038.9,182505.309,600435,北方导航,专用机械
600436.SH,20260928,117.36,117.93,116.21,116.66,117.4,-0.74,-0.6303,13696.19,160085.142,600436,片仔癀,中成药
600438.SH,20260928,11.14,11.45,11.01,11.06,11.12,-0.06,-0.5396,291423.63,324675.363,600438,通威股份,电气设备
600439.SH,20260928,1.86,1.87,1.83,1.83,1.86,-0.03,-1.6129,91298.16,16821.793,600439,ST瑞贝卡,服饰
600444.SH,20260928,14.31,14.67,14.19,14.53,14.4,0.13,0.9028,24437.08,35169.448,600444,国机通用,专用机械
600446.SH,20260928,10.39,10.4,10.06,10.21,10.37,-0.16,-1.5429,113900.0,116034.763,600446,金证股份,软件服务
600448.SH,20260928,3.12,3.25,2.95,3.07,3.27,-0.2,-6.1162,1274649.49,392443.272,600448,华纺股份,纺织
600449.SH,20260928,12.7,12.71,12.32,12.42,12.71,-0.29,-2.2817,64201.02,79924.988,600449,宁夏建材,水泥
600452.SH,20260928,8.8,8.85,8.65,8.69,8.81,-0.12,-1.3621,216489.77,189007.816,600452,涪陵电力,水力发电
600455.SH,20260928,24.6,24.8,24.0,24.35,24.7,-0.35,-1.417,15513.25,37759.178,600455,博通股份,文教休闲
600456.SH,20260928,25.01,25.07,24.27,24.37,25.08,-0.71,-2.8309,38012.13,93139.325,600456,宝钛股份,小金属
600458.SH,20260928,11.11,11.14,10.68,10.82,11.11,-0.29,-2.6103,149354.0,161628.277,600458,时代新材,塑料
600459.SH,20260928,18.4,18.48,17.78,17.9,18.53,-0.63,-3.3999,118073.7,212574.471,600459,贵研铂业,小金属
600460.SH,20260928,32.68,32.69,31.27,31.4,32.72,-1.32,-4.0342,535880.27,1703834.639,600460,士兰微,半导体
600461.SH,20260928,8.77,8.77,8.62,8.7,8.76,-0.06,-0.6849,114568.36,99482.858,600461,洪城环境,水务
600463.SH,20260928,8.15,8.29,8.09,8.18,8.15,0.03,0.3681,32518.02,26576.327,600463,空港股份,园区开发
600467.SH,20260928,2.37,2.41,2.36,2.41,2.38,0.03,1.2605,295619.13,70569.494,600467,好当家,渔业
600468.SH,20260928,6.02,6.05,5.8,5.83,6.05,-0.22,-3.6364,175862.8,103488.481,600468,百利电气,电气设备
600469.SH,20260928,4.95,4.98,4.88,4.89,4.96,-0.07,-1.4113,42266.0,20794.187,600469,风神股份,汽车配件
600470.SH,20260928,5.61,5.62,5.34,5.43,5.61,-0.18,-3.2086,173110.99,93875.36,600470,六国化工,农药化肥
600475.SH,20260928,14.72,14.8,14.31,14.35,14.74,-0.39,-2.6459,56651.29,81874.14,600475,华光环能,电气设备
600476.SH,20260928,9.88,9.97,9.72,9.83,9.97,-0.14,-1.4042,7753.0,7613.134,600476,*ST湘邮,软件服务
600477.SH,20260928,2.4,2.41,2.34,2.37,2.4,-0.03,-1.25,226446.48,53762.174,600477,杭萧钢构,钢加工
600478.SH,20260928,4.4,4.41,4.28,4.33,4.41,-0.08,-1.8141,187056.65,81035.861,600478,科力远,电气设备
600479.SH,20260928,12.56,12.67,12.08,12.17,12.4,-0.23,-1.8548,391873.3,479406.944,600479,千金药业,中成药
600480.SH,20260928,7.79,7.8,7.6,7.65,7.81,-0.16,-2.0487,95560.11,73239.903,600480,凌云股份,汽车配件
600481.SH,20260928,3.99,4.02,3.84,3.88,3.98,-0.1,-2.5126,311281.69,121463.307,600481,双良节能,电气设备
600482.SH,20260928,34.45,34.51,33.55,33.74,34.25,-0.51,-1.4891,121315.32,412042.829,600482,中国动力,船舶
600483.SH,20260928,10.68,11.06,10.67,11.0,10.73,0.27,2.5163,169117.2,185395.869,600483,福能股份,新型电力
600486.SH,20260928,51.29,51.7,50.76,51.36,51.36,0.0,0.0,21029.84,107606.18,600486,扬农化工,农药化肥
600487.SH,20260928,63.52,64.0,60.64,60.64,67.38,-6.74,-10.003,1153014.96,7082822.047,600487,亨通光电,通信设备
600488.SH,20260928,5.75,6.27,5.61,6.27,5.7,0.57,10.0,1028405.87,621351.006,600488,津药药业,化学制药
600489.SH,20260928,21.52,21.6,20.85,20.95,22.12,-1.17,-5.2893,697065.08,1477941.611,600489,中金黄金,黄金
600490.SH,20260928,6.61,6.67,6.46,6.51,6.79,-0.28,-4.1237,339645.67,222105.67,600490,鹏欣资源,铜
600491.SH,20260928,1.6,1.6,1.51,1.52,1.62,-0.1,-6.1728,510401.0,78945.731,600491,ST龙元,建筑工程
600493.SH,20260928,6.43,6.55,6.37,6.44,6.46,-0.02,-0.3096,97198.24,62647.85,600493,凤竹纺织,纺织
600495.SH,20260928,4.04,4.07,3.98,4.05,4.08,-0.03,-0.7353,99334.45,39988.477,600495,晋西车轴,运输设备
600496.SH,20260928,3.36,3.4,3.31,3.34,3.36,-0.02,-0.5952,248472.61,83373.139,600496,精工钢构,钢加工
600497.SH,20260928,9.17,9.17,8.71,8.83,9.26,-0.43,-4.6436,924720.47,821201.87,600497,驰宏锌锗,铅锌
600498.SH,20260928,40.75,40.75,36.97,36.97,41.08,-4.11,-10.0049,721019.65,2708425.696,600498,烽火通信,通信设备
600499.SH,20260928,11.15,11.22,10.92,11.12,11.25,-0.13,-1.1556,372916.24,412317.293,600499,科达制造,专用机械
600500.SH,20260928,5.54,5.54,5.0,5.02,5.55,-0.53,-9.5495,1280667.97,659009.186,600500,中化国际,塑料
600501.SH,20260928,14.64,15.05,14.45,14.55,14.74,-0.19,-1.289,58260.18,85356.954,600501,航天晨光,专用机械
600502.SH,20260928,4.16,4.19,4.1,4.13,4.16,-0.03,-0.7212,228391.32,94260.984,600502,安徽建工,建筑工程
600503.SH,20260928,2.5,2.57,2.39,2.45,2.65,-0.2,-7.5472,2479644.65,607737.256,600503,华丽家族,区域地产
600505.SH,20260928,10.12,10.43,10.1,10.37,10.17,0.2,1.9666,79672.3,82084.35,600505,西昌电力,水力发电
600506.SH,20260928,17.15,17.49,16.36,16.37,18.18,-1.81,-9.956,281525.31,470965.973,600506,统一股份,石油加工
600507.SH,20260928,4.03,4.04,3.93,3.96,4.03,-0.07,-1.737,247142.73,98115.322,600507,方大特钢,特种钢
600508.SH,20260928,10.66,10.72,10.44,10.55,10.76,-0.21,-1.9517,110410.95,116217.131,600508,上海能源,煤炭开采
600509.SH,20260928,7.11,7.14,7.03,7.05,7.11,-0.06,-0.8439,104491.46,73879.141,600509,天富能源,火力发电
600510.SH,20260928,6.68,6.69,6.35,6.4,6.67,-0.27,-4.048,67775.9,43635.87,600510,黑牡丹,全国地产
600511.SH,20260928,25.73,25.92,25.68,25.85,25.73,0.12,0.4664,28977.74,74804.37,600511,国药股份,医药商业
600512.SH,20260928,2.06,2.07,2.03,2.05,2.05,0.0,0.0,187588.4,38432.231,600512,腾达建设,建筑工程
600513.SH,20260928,14.77,15.1,14.55,14.85,14.77,0.08,0.5416,68217.27,100862.552,600513,联环药业,化学制药
600515.SH,20260928,2.68,2.69,2.64,2.66,2.69,-0.03,-1.1152,633856.63,168732.6,600515,海南机场,机场
600516.SH,20260928,5.39,5.39,5.24,5.29,5.42,-0.13,-2.3985,361495.41,191232.438,600516,方大炭素,矿物制品
600517.SH,20260928,4.83,4.85,4.75,4.79,4.84,-0.05,-1.0331,152547.58,73098.946,600517,国网英大,多元金融
600518.SH,20260928,1.34,1.35,1.32,1.32,1.33,-0.01,-0.7519,974092.25,129670.341,600518,康美药业,中成药
600519.SH,20260928,1236.0,1244.01,1228.1,1243.88,1237.0,6.88,0.5562,28218.3,3488720.613,600519,贵州茅台,白酒
600520.SH,20260928,26.82,26.92,25.12,25.38,25.79,-0.41,-1.5898,87215.0,224937.161,600520,三佳科技,半导体
600521.SH,20260928,15.87,16.11,15.82,15.91,15.88,0.03,0.1889,143317.17,228526.062,600521,华海药业,化学制药
600522.SH,20260928,34.5,34.55,31.32,31.32,34.8,-3.48,-10.0,2353131.84,7537635.667,600522,中天科技,通信设备
600523.SH,20260928,11.96,11.99,11.7,11.78,11.89,-0.11,-0.9251,22127.7,26152.904,600523,贵航股份,汽车配件
600525.SH,20260928,4.86,4.89,4.73,4.79,4.88,-0.09,-1.8443,102923.0,49250.413,600525,长园集团,电气设备
600526.SH,20260928,4.54,4.57,4.49,4.53,4.56,-0.03,-0.6579,72719.0,32888.436,600526,菲达环保,环境保护
600527.SH,20260928,2.19,2.19,2.13,2.15,2.19,-0.04,-1.8265,308108.6,66368.907,600527,江南高纤,化纤
600528.SH,20260928,6.76,6.76,6.66,6.72,6.74,-0.02,-0.2967,62975.93,42245.202,600528,中铁工业,运输设备
600529.SH,20260928,18.2,18.37,18.13,18.22,18.2,0.02,0.1099,31474.27,57320.23,600529,山东药玻,医疗保健
600530.SH,20260928,3.86,3.9,3.75,3.84,3.89,-0.05,-1.2853,41629.0,15884.12,600530,ST交昂,医疗保健
600531.SH,20260928,11.39,11.39,10.96,11.03,11.53,-0.5,-4.3365,275102.35,305331.441,600531,豫光金铅,铅锌
600533.SH,20260928,2.21,2.24,2.18,2.23,2.2,0.03,1.3636,159795.36,35322.364,600533,栖霞建设,区域地产
600535.SH,20260928,13.73,13.82,13.68,13.8,13.68,0.12,0.8772,109323.19,150295.145,600535,天士力,中成药
600536.SH,20260928,30.74,31.28,30.03,30.96,30.69,0.27,0.8798,137957.34,423299.906,600536,中国软件,软件服务
600537.SH,20260928,2.21,2.22,2.08,2.1,2.22,-0.12,-5.4054,308397.4,65400.52,600537,*ST亿晶,电气设备
600538.SH,20260928,4.75,4.8,4.64,4.7,4.75,-0.05,-1.0526,76094.0,35874.172,600538,国发股份,医药商业
600539.SH,20260928,14.99,14.99,13.82,14.15,15.0,-0.85,-5.6667,159781.0,225576.531,600539,狮头股份,互联网
600540.SH,20260928,5.97,5.97,5.62,5.64,5.43,0.21,3.8674,1643682.57,952020.633,600540,新赛股份,种植业
600543.SH,20260928,4.06,4.12,3.95,4.06,4.07,-0.01,-0.2457,12845.0,5159.61,600543,*ST莫高,红黄酒
600545.SH,20260928,4.3,4.47,3.95,3.98,4.32,-0.34,-7.8704,1063205.67,437773.644,600545,卓郎智能,纺织机械
600546.SH,20260928,13.3,13.32,13.0,13.22,13.36,-0.14,-1.0479,132367.0,174112.45,600546,山煤国际,煤炭开采
600547.SH,20260928,27.4,27.6,26.16,26.16,29.07,-2.91,-10.0103,1403350.59,3716226.173,600547,山东黄金,黄金
600548.SH,20260928,8.02,8.03,7.93,7.96,8.03,-0.07,-0.8717,27124.2,21616.514,600548,深高速,路桥
600549.SH,20260928,46.42,46.44,43.28,43.5,46.48,-2.98,-6.4114,333935.14,1471395.969,600549,厦门钨业,小金属
600550.SH,20260928,10.28,10.32,10.05,10.1,10.29,-0.19,-1.8465,128327.79,129858.873,600550,保变电气,电气设备
600551.SH,20260928,7.81,7.87,7.53,7.6,7.77,-0.17,-2.1879,210360.84,160196.26,600551,时代出版,出版业
600552.SH,20260928,18.68,19.4,17.67,17.93,18.2,-0.27,-1.4835,1052914.88,1947334.504,600552,凯盛科技,元器件
600556.SH,20260928,4.53,4.59,4.4,4.46,4.54,-0.08,-1.7621,270869.48,120763.907,600556,天下秀,互联网
600557.SH,20260928,12.23,12.32,12.15,12.22,12.19,0.03,0.2461,34681.2,42399.484,600557,康缘药业,中成药
600558.SH,20260928,4.95,4.96,4.7,4.75,4.86,-0.11,-2.2634,176448.59,84342.019,600558,大西洋,钢加工
600559.SH,20260928,10.91,11.02,10.73,10.81,10.91,-0.1,-0.9166,78997.0,85501.518,600559,老白干酒,白酒
600560.SH,20260928,11.42,11.66,11.3,11.57,11.39,0.18,1.5803,35186.75,40467.873,600560,金自天正,电气设备
600561.SH,20260928,5.9,5.95,5.81,5.88,5.88,0.0,0.0,41455.05,24354.176,600561,江西长运,公共交通
600562.SH,20260928,26.83,27.12,26.56,26.71,26.88,-0.17,-0.6324,60397.55,161698.174,600562,国睿科技,通信设备
600563.SH,20260928,119.0,119.99,115.3,116.04,120.31,-4.27,-3.5492,31659.13,370306.94,600563,法拉电子,元器件
600566.SH,20260928,24.42,24.84,24.39,24.66,24.41,0.25,1.0242,49502.05,121740.512,600566,济川药业,中成药
600567.SH,20260928,1.31,1.33,1.3,1.3,1.32,-0.02,-1.5152,408331.72,53459.962,600567,山鹰国际,造纸
600568.SH,20260928,2.42,2.44,2.36,2.36,2.41,-0.05,-2.0747,63633.0,15311.522,600568,ST中珠,医疗保健
600569.SH,20260928,1.74,1.76,1.72,1.75,1.74,0.01,0.5747,190410.34,33118.703,600569,安阳钢铁,普钢
600570.SH,20260928,19.92,19.99,19.42,19.42,19.94,-0.52,-2.6078,142420.31,279043.245,600570,恒生电子,软件服务
600571.SH,20260928,10.23,10.24,9.97,10.09,10.21,-0.12,-1.1753,58818.8,59282.997,600571,信雅达,软件服务
600572.SH,20260928,4.21,4.27,4.2,4.25,4.21,0.04,0.9501,326517.33,138189.564,600572,康恩贝,中成药
600573.SH,20260928,10.01,10.65,9.88,10.19,10.0,0.19,1.9,136654.02,140690.165,600573,惠泉啤酒,啤酒
600575.SH,20260928,3.13,3.15,3.1,3.12,3.15,-0.03,-0.9524,240169.0,75002.287,600575,淮河能源,火力发电
600576.SH,20260928,5.37,5.39,5.26,5.29,5.37,-0.08,-1.4898,54820.01,29078.339,600576,祥源文旅,旅游景点
600577.SH,20260928,8.55,8.6,8.16,8.25,8.59,-0.34,-3.9581,529212.38,438480.616,600577,精达股份,电气设备
600578.SH,20260928,5.2,5.21,5.12,5.19,5.21,-0.02,-0.3839,318104.93,164383.007,600578,京能电力,火力发电
600579.SH,20260928,7.15,7.15,6.85,6.88,7.16,-0.28,-3.9106,53107.1,37035.734,600579,中化装备,化工机械
600580.SH,20260928,26.65,26.9,26.07,26.26,26.77,-0.51,-1.9051,181473.92,479155.503,600580,卧龙电驱,电气设备
600581.SH,20260928,2.49,2.49,2.39,2.41,2.49,-0.08,-3.2129,90628.0,22094.13,600581,*ST八钢,普钢
600582.SH,20260928,4.83,4.85,4.76,4.79,4.83,-0.04,-0.8282,164859.0,78984.478,600582,天地科技,专用机械
600583.SH,20260928,6.47,6.54,6.31,6.5,6.52,-0.02,-0.3067,659532.88,425784.099,600583,海油工程,石油开采
600584.SH,20260928,68.4,68.75,65.06,65.43,68.78,-3.35,-4.8706,606573.5,4015131.746,600584,长电科技,半导体
600585.SH,20260928,16.93,17.0,16.69,16.77,16.93,-0.16,-0.9451,157156.54,264527.868,600585,海螺水泥,水泥
600586.SH,20260928,3.97,4.02,3.89,3.91,3.96,-0.05,-1.2626,120436.29,47477.042,600586,金晶科技,玻璃
600587.SH,20260928,12.95,13.15,12.74,12.8,12.95,-0.15,-1.1583,115337.96,148237.715,600587,新华医疗,医疗保健
600588.SH,20260928,9.29,9.32,9.01,9.11,9.3,-0.19,-2.043,330201.19,300952.646,600588,用友网络,软件服务
600589.SH,20260928,7.69,7.69,7.3,7.35,7.66,-0.31,-4.047,367818.36,272545.364,600589,大位科技,软件服务
600590.SH,20260928,8.38,8.38,8.01,8.09,8.38,-0.29,-3.4606,203257.02,165512.938,600590,泰豪科技,通信设备
600592.SH,20260928,14.89,14.95,14.34,14.68,14.84,-0.16,-1.0782,103536.54,150753.156,600592,龙溪股份,机械基件
600593.SH,20260928,49.19,50.88,47.0,49.56,49.05,0.51,1.0398,120341.6,592721.024,600593,大连圣亚,旅游景点
600594.SH,20260928,3.61,3.64,3.55,3.6,3.61,-0.01,-0.277,143892.65,51529.064,600594,益佰制药,中成药
600595.SH,20260928,5.8,5.84,5.7,5.74,5.84,-0.1,-1.7123,441510.09,253479.295,600595,中孚实业,铝
600596.SH,20260928,11.21,11.22,10.41,10.44,11.2,-0.76,-6.7857,478257.5,508825.011,600596,新安股份,化工原料
600597.SH,20260928,6.68,6.77,6.66,6.77,6.69,0.08,1.1958,87325.46,58610.747,600597,光明乳业,乳制品
600598.SH,20260928,12.55,12.58,11.99,12.36,12.49,-0.13,-1.0408,296689.55,361239.995,600598,北大荒,种植业
600600.SH,20260928,49.89,50.1,49.7,49.7,49.89,-0.19,-0.3808,22961.32,114375.45,600600,青岛啤酒,啤酒
600601.SH,20260928,14.06,14.22,12.82,12.87,14.24,-1.37,-9.6208,2463782.32,3232892.968,600601,方正科技,元器件
600602.SH,20260928,16.68,16.81,16.1,16.23,16.68,-0.45,-2.6978,131896.16,214828.365,600602,云赛智联,软件服务
600603.SH,20260928,4.6,4.7,4.59,4.67,4.62,0.05,1.0823,73771.2,34250.947,600603,广汇物流,仓储物流
600604.SH,20260928,4.82,4.86,4.73,4.77,4.81,-0.04,-0.8316,153180.33,73290.904,600604,市北高新,园区开发
600605.SH,20260928,30.38,32.08,29.66,29.77,30.25,-0.48,-1.5868,96172.04,292148.998,600605,汇通能源,房产服务
600606.SH,20260928,1.41,1.45,1.38,1.41,1.43,-0.02,-1.3986,2265397.06,318339.579,600606,绿地控股,全国地产
600609.SH,20260928,3.52,3.62,3.45,3.58,3.54,0.04,1.1299,521024.89,184958.38,600609,金杯汽车,汽车配件
600610.SH,20260928,7.45,7.52,7.28,7.35,7.47,-0.12,-1.6064,167432.38,123293.773,600610,中毅达,化工原料
600611.SH,20260928,4.37,4.4,4.25,4.27,4.41,-0.14,-3.1746,359443.27,155000.206,600611,大众交通,公共交通
600612.SH,20260928,31.38,31.45,31.0,31.22,31.37,-0.15,-0.4782,9581.0,29858.845,600612,老凤祥,服饰
600613.SH,20260928,8.31,8.82,8.04,8.29,8.25,0.04,0.4848,711238.9,592222.509,600613,神奇制药,中成药
600615.SH,20260928,9.41,9.54,9.3,9.37,9.43,-0.06,-0.6363,20470.34,19224.127,600615,鑫源智造,铝
600616.SH,20260928,5.23,5.55,5.09,5.19,5.11,0.08,1.5656,725285.1,383934.828,600616,金枫酒业,红黄酒
600617.SH,20260928,3.24,3.28,3.18,3.26,3.24,0.02,0.6173,270465.55,87369.584,600617,国新能源,供气供热
600618.SH,20260928,9.71,9.75,9.56,9.58,9.72,-0.14,-1.4403,34068.92,32812.203,600618,氯碱化工,化工原料
600619.SH,20260928,13.02,13.59,12.98,13.18,13.18,0.0,0.0,218797.54,291451.84,600619,海立股份,家用电器
600620.SH,20260928,4.39,4.41,4.28,4.3,4.35,-0.05,-1.1494,58681.51,25396.947,600620,天宸股份,综合类
600621.SH,20260928,13.67,13.89,13.56,13.58,13.73,-0.15,-1.0925,186448.23,256052.279,600621,华鑫股份,证券
600622.SH,20260928,2.43,2.44,2.38,2.4,2.43,-0.03,-1.2346,229246.32,55099.275,600622,光大嘉宝,区域地产
600623.SH,20260928,8.62,8.68,8.51,8.6,8.62,-0.02,-0.232,137462.95,118081.744,600623,华谊集团,化工原料
600624.SH,20260928,4.64,4.65,4.58,4.58,4.62,-0.04,-0.8658,24777.55,11401.369,600624,ST复华,化学制药
600626.SH,20260928,3.79,3.81,3.71,3.76,3.81,-0.05,-1.3123,139600.97,52315.187,600626,申达股份,汽车配件
600628.SH,20260928,6.28,6.34,6.21,6.26,6.28,-0.02,-0.3185,66872.18,41856.055,600628,新世界,百货
600629.SH,20260928,16.13,16.35,15.52,15.95,16.35,-0.4,-2.4465,177859.02,284608.409,600629,华建集团,建筑工程
600630.SH,20260928,8.45,8.66,7.76,7.94,8.62,-0.68,-7.8886,835527.69,672839.601,600630,龙头股份,服饰
600633.SH,20260928,10.15,10.19,9.91,9.95,10.13,-0.18,-1.7769,109983.87,109886.359,600633,浙数文化,互联网
600635.SH,20260928,4.44,4.46,4.34,4.39,4.43,-0.04,-0.9029,223360.27,97762.59,600635,大众公用,供气供热
600637.SH,20260928,8.86,8.9,8.61,8.66,8.89,-0.23,-2.5872,415760.34,361322.038,600637,东方明珠,影视音像
600638.SH,20260928,5.02,5.12,4.95,5.05,5.06,-0.01,-0.1976,108165.2,54518.184,600638,新黄浦,区域地产
600639.SH,20260928,9.65,9.65,9.52,9.6,9.61,-0.01,-0.1041,46906.53,44933.399,600639,浦东金桥,园区开发
600640.SH,20260928,12.1,12.76,11.96,12.48,12.16,0.32,2.6316,254166.84,313994.012,600640,国脉文化,影视音像
600641.SH,20260928,51.61,52.08,47.74,49.21,51.56,-2.35,-4.5578,1277474.93,6332949.676,600641,先导基电,半导体
600642.SH,20260928,8.78,8.91,8.76,8.81,8.78,0.03,0.3417,193074.38,170186.022,600642,申能股份,火力发电
600643.SH,20260928,3.98,4.02,3.94,4.0,3.99,0.01,0.2506,117587.52,46814.276,600643,爱建集团,多元金融
600644.SH,20260928,8.71,8.9,8.66,8.86,8.82,0.04,0.4535,198548.62,174703.195,600644,乐山电力,水力发电
600645.SH,20260928,19.0,19.14,18.63,18.77,18.91,-0.14,-0.7403,70137.8,131982.382,600645,中源协和,医疗保健
600648.SH,20260928,9.3,9.33,9.19,9.33,9.3,0.03,0.3226,24813.01,23015.068,600648,外高桥,园区开发
600649.SH,20260928,4.0,4.04,3.93,4.0,4.0,0.0,0.0,196273.69,78153.98,600649,城投控股,区域地产
600650.SH,20260928,10.13,10.31,10.08,10.19,10.4,-0.21,-2.0192,54357.06,55260.35,600650,锦江在线,公共交通
600651.SH,20260928,5.22,5.29,5.02,5.07,5.22,-0.15,-2.8736,207612.72,106056.765,600651,飞乐音响,电器仪表
600653.SH,20260928,1.72,1.75,1.66,1.68,1.76,-0.08,-4.5455,748832.16,126241.147,600653,申华控股,汽车服务
600654.SH,20260928,3.03,3.05,2.94,2.99,3.02,-0.03,-0.9934,477965.99,142810.006,600654,中安科,仓储物流
600655.SH,20260928,4.46,4.49,4.39,4.46,4.47,-0.01,-0.2237,116575.99,51691.723,600655,豫园股份,百货
600657.SH,20260928,3.08,3.11,3.01,3.07,3.06,0.01,0.3268,396868.46,121022.259,600657,信达地产,全国地产
600658.SH,20260928,4.13,4.13,4.02,4.05,4.09,-0.04,-0.978,110806.84,45010.177,600658,电子城,园区开发
600660.SH,20260928,52.38,53.3,52.19,52.91,52.47,0.44,0.8386,108219.79,573021.571,600660,福耀玻璃,汽车配件
600661.SH,20260928,9.54,9.55,9.05,9.2,9.56,-0.36,-3.7657,138142.55,127041.757,600661,昂立教育,文教休闲
600662.SH,20260928,4.19,4.23,4.14,4.17,4.2,-0.03,-0.7143,104326.6,43542.171,600662,外服控股,文教休闲
600663.SH,20260928,8.76,8.91,8.68,8.75,8.71,0.04,0.4592,147113.47,129181.527,600663,陆家嘴,园区开发
600664.SH,20260928,7.7,8.0,7.33,7.33,8.14,-0.81,-9.9509,4573227.9,3426970.037,600664,哈药股份,化学制药
600665.SH,20260928,3.41,3.41,3.31,3.36,3.39,-0.03,-0.885,109583.8,36739.031,600665,天地源,全国地产
600666.SH,20260928,3.29,3.3,3.15,3.19,3.28,-0.09,-2.7439,527674.49,168522.28,600666,奥瑞德,元器件
600667.SH,20260928,19.01,19.02,17.7,17.81,19.41,-1.6,-8.2432,1525877.8,2792735.469,600667,太极实业,半导体
600668.SH,20260928,7.34,7.39,7.27,7.34,7.34,0.0,0.0,37884.6,27791.879,600668,尖峰集团,水泥
600671.SH,20260928,23.1,23.12,21.7,21.84,23.03,-1.19,-5.1672,31879.0,70435.293,600671,天目药业,中成药
600673.SH,20260928,31.35,31.37,30.03,30.31,31.69,-1.38,-4.3547,181960.82,554215.563,600673,东阳光,综合类
600674.SH,20260928,16.24,16.59,16.24,16.56,16.27,0.29,1.7824,388533.69,640730.335,600674,川投能源,水力发电
600675.SH,20260928,2.41,2.43,2.3,2.35,2.47,-0.12,-4.8583,1020080.58,241067.928,600675,中华企业,区域地产
600676.SH,20260928,6.96,6.98,6.57,6.68,6.74,-0.06,-0.8902,156769.91,106461.546,600676,久事动娱,汽车配件
600678.SH,20260928,5.71,5.71,5.5,5.59,5.68,-0.09,-1.5845,39769.0,22194.225,600678,ST金顶,水泥
600679.SH,20260928,10.76,10.77,10.46,10.55,10.63,-0.08,-0.7526,56304.04,59475.236,600679,上海凤凰,文教休闲
600681.SH,20260928,3.41,3.47,3.37,3.46,3.41,0.05,1.4663,199567.12,68413.954,600681,百川能源,供气供热
600682.SH,20260928,5.89,5.92,5.67,5.73,5.76,-0.03,-0.5208,148270.19,85363.537,600682,南京新百,综合类
600683.SH,20260928,9.31,9.34,8.82,8.92,9.32,-0.4,-4.2918,152251.0,136247.388,600683,京投发展,区域地产
600684.SH,20260928,3.6,3.6,3.49,3.52,3.56,-0.04,-1.1236,104204.64,36672.995,600684,珠江股份,区域地产
600685.SH,20260928,28.62,28.88,28.21,28.28,28.63,-0.35,-1.2225,108445.81,308733.069,600685,中船防务,船舶
600686.SH,20260928,10.83,11.05,10.75,10.91,10.88,0.03,0.2757,149359.08,162993.238,600686,金龙汽车,汽车整车
600688.SH,20260928,2.74,2.75,2.71,2.72,2.75,-0.03,-1.0909,506547.25,138090.401,600688,上海石化,石油加工
600689.SH,20260928,12.1,12.14,11.85,11.88,12.04,-0.16,-1.3289,21854.95,26114.943,600689,上海三毛,综合类
600690.SH,20260928,20.19,20.39,20.1,20.16,20.14,0.02,0.0993,266841.4,539292.668,600690,海尔智家,家用电器
600691.SH,20260928,2.73,2.75,2.65,2.68,2.74,-0.06,-2.1898,315523.74,84648.774,600691,潞化科技,农药化肥
600692.SH,20260928,6.52,6.58,6.39,6.49,6.44,0.05,0.7764,74031.75,47961.919,600692,亚通股份,区域地产
600693.SH,20260928,9.49,9.56,9.21,9.33,9.76,-0.43,-4.4057,539216.8,504545.703,600693,东百集团,百货
600694.SH,20260928,14.34,14.44,14.22,14.29,14.34,-0.05,-0.3487,22223.52,31771.587,600694,大商股份,百货
600697.SH,20260928,11.36,11.49,11.16,11.28,11.38,-0.1,-0.8787,43173.5,48662.934,600697,欧亚集团,百货
600698.SH,20260928,6.94,7.09,6.78,6.98,6.94,0.04,0.5764,254443.19,177528.586,600698,湖南天雁,汽车配件
600699.SH,20260928,23.23,24.5,23.1,24.02,22.62,1.4,6.1892,1292136.53,3064771.835,600699,均胜电子,汽车配件
600702.SH,20260928,32.53,32.92,31.8,31.89,32.48,-0.59,-1.8165,41441.79,133203.254,600702,舍得酒业,白酒
600703.SH,20260928,12.0,12.13,11.59,11.59,12.47,-0.88,-7.0569,1278659.7,1506690.152,600703,三安光电,半导体
600704.SH,20260928,4.77,4.78,4.7,4.74,4.77,-0.03,-0.6289,295884.74,140060.453,600704,物产中大,仓储物流
600706.SH,20260928,8.21,8.28,8.01,8.06,8.17,-0.11,-1.3464,73535.57,59440.864,600706,曲江文旅,旅游景点
600707.SH,20260928,9.89,10.44,9.85,10.38,9.49,0.89,9.3783,3655582.93,3769898.708,600707,彩虹股份,元器件
600708.SH,20260928,3.04,3.05,2.97,3.0,3.03,-0.03,-0.9901,166161.0,49797.84,600708,光明地产,全国地产
600710.SH,20260928,11.26,11.35,11.1,11.18,11.29,-0.11,-0.9743,65387.0,73200.263,600710,苏美达,商贸代理
600711.SH,20260928,10.28,10.29,10.08,10.16,10.43,-0.27,-2.5887,367599.39,373677.22,600711,盛屯矿业,小金属
600712.SH,20260928,5.52,5.6,5.33,5.37,5.57,-0.2,-3.5907,186405.0,100605.671,600712,南宁百货,百货
600713.SH,20260928,4.92,4.97,4.88,4.93,4.92,0.01,0.2033,94245.36,46408.438,600713,南京医药,医药商业
600714.SH,20260928,18.51,18.81,17.6,17.8,18.51,-0.71,-3.8358,160597.36,290691.522,600714,金瑞矿业,化工原料
600715.SH,20260928,1.67,1.7,1.58,1.62,1.69,-0.07,-4.142,634881.0,102959.115,600715,文投控股,影视音像
600716.SH,20260928,3.71,3.74,3.66,3.72,3.69,0.03,0.813,41536.07,15358.903,600716,凤凰股份,区域地产
600717.SH,20260928,4.22,4.23,4.18,4.21,4.22,-0.01,-0.237,140269.26,58973.464,600717,天津港,港口
600718.SH,20260928,7.91,7.94,7.75,7.84,7.9,-0.06,-0.7595,72973.0,57166.685,600718,东软集团,软件服务
600719.SH,20260928,7.36,8.13,7.31,7.84,7.39,0.45,6.0893,427416.61,335334.37,600719,大连热电,供气供热
600720.SH,20260928,5.11,5.12,5.04,5.06,5.1,-0.04,-0.7843,48178.87,24481.453,600720,中交设计,建筑工程
600721.SH,20260928,12.71,12.94,11.9,12.18,12.92,-0.74,-5.7276,1001972.38,1231440.169,600721,百花医药,生物制药
600722.SH,20260928,14.8,15.9,14.12,15.07,15.12,-0.05,-0.3307,933322.06,1408278.507,600722,金牛化工,化工原料
600724.SH,20260928,4.9,4.98,4.83,4.86,4.96,-0.1,-2.0161,72144.83,35237.294,600724,宁波富达,综合类
600725.SH,20260928,3.23,3.3,3.17,3.27,3.25,0.02,0.6154,142793.19,46160.002,600725,云维股份,商贸代理
600726.SH,20260928,5.03,5.04,4.9,4.96,5.03,-0.07,-1.3917,492266.1,243375.532,600726,华电能源,火力发电
600727.SH,20260928,7.6,7.64,7.39,7.46,7.61,-0.15,-1.9711,91007.84,67939.345,600727,鲁北化工,化工原料
600728.SH,20260928,4.41,4.42,4.31,4.37,4.39,-0.02,-0.4556,159181.29,69440.821,600728,佳都科技,软件服务
600729.SH,20260928,18.14,18.31,18.02,18.23,18.14,0.09,0.4961,20399.63,37068.843,600729,重百集团,百货
600730.SH,20260928,8.92,8.92,8.47,8.52,8.91,-0.39,-4.3771,77507.0,66508.079,600730,*ST高科,文教休闲
600731.SH,20260928,5.89,5.9,5.77,5.79,5.89,-0.1,-1.6978,38782.7,22581.776,600731,湖南海利,农药化肥
600732.SH,20260928,11.03,11.21,10.87,11.01,11.02,-0.01,-0.0907,179682.84,197947.096,600732,爱旭股份,电气设备
600733.SH,20260928,4.68,5.07,4.68,4.95,4.68,0.27,5.7692,2262073.42,1111736.938,600733,北汽蓝谷,汽车整车
600734.SH,20260928,1.91,1.92,1.84,1.84,1.93,-0.09,-4.6632,337613.0,62914.129,600734,*ST实达,软件服务
600735.SH,20260928,6.5,6.53,6.32,6.33,6.57,-0.24,-3.653,29551.0,18953.252,600735,ST新华锦,服饰
600736.SH,20260928,6.55,6.55,6.28,6.36,6.56,-0.2,-3.0488,151754.83,96689.378,600736,苏州高新,园区开发
600737.SH,20260928,14.68,14.88,13.85,14.0,14.75,-0.75,-5.0847,597353.03,845327.515,600737,中粮糖业,食品
600738.SH,20260928,4.2,4.24,4.17,4.21,4.2,0.01,0.2381,138017.18,58033.421,600738,丽尚国潮,百货
600739.SH,20260928,10.25,10.31,10.03,10.08,10.27,-0.19,-1.85,104902.3,106258.558,600739,辽宁成大,生物制药
600740.SH,20260928,3.75,3.75,3.66,3.73,3.77,-0.04,-1.061,239635.69,88557.638,600740,山西焦化,焦炭加工
600741.SH,20260928,14.71,15.01,14.68,14.98,14.7,0.28,1.9048,214595.01,319670.175,600741,华域汽车,汽车配件
600742.SH,20260928,7.76,7.82,7.68,7.8,7.79,0.01,0.1284,49179.12,38108.037,600742,富维股份,汽车配件
600743.SH,20260928,2.43,2.47,2.3,2.3,2.56,-0.26,-10.1563,1502249.04,348103.448,600743,华远控股,区域地产
600744.SH,20260928,6.07,6.1,5.96,6.03,6.08,-0.05,-0.8224,492137.68,296482.071,600744,华银电力,火力发电
600745.SH,20260928,16.91,16.91,16.29,16.3,17.04,-0.74,-4.3427,252533.66,417574.176,600745,*ST闻泰,半导体
600746.SH,20260928,6.87,6.96,6.75,6.81,6.85,-0.04,-0.5839,124330.46,85013.804,600746,江苏索普,化工原料
600748.SH,20260928,3.95,3.96,3.86,3.91,3.96,-0.05,-1.2626,131451.99,51300.722,600748,上实发展,全国地产
600749.SH,20260928,13.2,13.24,12.71,12.78,13.19,-0.41,-3.1084,53054.21,68111.507,600749,西藏旅游,旅游景点
600750.SH,20260928,22.2,22.45,22.08,22.42,22.14,0.28,1.2647,39066.47,87092.668,600750,华润江中,中成药
600751.SH,20260928,2.87,2.88,2.8,2.82,2.87,-0.05,-1.7422,198031.61,55950.342,600751,海航科技,水运
600753.SH,20260928,13.47,14.09,13.45,13.71,13.47,0.24,1.7817,50329.03,69562.987,600753,ST海钦,商贸代理
600754.SH,20260928,18.03,18.09,17.73,17.89,18.03,-0.14,-0.7765,60341.17,107981.442,600754,锦江酒店,酒店餐饮
600755.SH,20260928,5.84,5.85,5.65,5.76,6.02,-0.26,-4.3189,505390.58,290287.958,600755,厦门国贸,仓储物流
600756.SH,20260928,13.84,13.84,13.38,13.57,13.68,-0.11,-0.8041,49850.67,67615.67,600756,浪潮软件,软件服务
600757.SH,20260928,7.38,7.44,7.27,7.33,7.38,-0.05,-0.6775,76464.5,56067.471,600757,长江传媒,出版业
600758.SH,20260928,3.61,3.64,3.4,3.56,3.64,-0.08,-2.1978,633548.07,222201.727,600758,辽宁能源,煤炭开采
600759.SH,20260928,2.28,2.3,2.22,2.23,2.31,-0.08,-3.4632,966969.47,217206.661,600759,ST洲际,石油开采
600760.SH,20260928,42.7,43.49,42.7,43.34,43.03,0.31,0.7204,92600.69,399746.908,600760,中航沈飞,航空
600761.SH,20260928,15.15,15.2,14.85,14.93,15.15,-0.22,-1.4521,65984.99,99077.8,600761,安徽合力,工程机械
600763.SH,20260928,33.37,33.76,33.11,33.26,33.48,-0.22,-0.6571,40973.12,136428.305,600763,通策医疗,医疗保健
600764.SH,20260928,18.3,18.49,18.08,18.13,18.36,-0.23,-1.2527,44957.14,81998.469,600764,中国海防,船舶
600765.SH,20260928,13.12,13.27,13.01,13.07,13.2,-0.13,-0.9848,104778.6,137397.518,600765,中航重机,航空
600768.SH,20260928,14.93,14.93,14.5,14.7,14.84,-0.14,-0.9434,26086.32,38342.583,600768,富邦新材,铝
600769.SH,20260928,15.63,15.8,14.31,14.51,15.72,-1.21,-7.6972,116259.67,172378.261,600769,祥龙电业,水务
600770.SH,20260928,6.07,6.16,5.85,5.9,6.21,-0.31,-4.9919,672862.33,399696.684,600770,综艺股份,综合类
600771.SH,20260928,13.69,14.29,13.59,14.04,13.65,0.39,2.8571,136632.27,190792.717,600771,广誉远,中成药
600773.SH,20260928,9.66,9.68,9.25,9.29,9.71,-0.42,-4.3254,222429.0,208776.669,600773,西藏城投,区域地产
600774.SH,20260928,7.88,7.89,7.68,7.77,7.7,0.07,0.9091,41921.34,32564.62,600774,汉商集团,化学制药
600775.SH,20260928,9.71,10.08,9.24,9.27,9.51,-0.24,-2.5237,172544.0,164228.228,600775,南京熊猫,通信设备
600776.SH,20260928,12.9,12.93,12.17,12.27,12.91,-0.64,-4.9574,170992.59,211848.937,600776,东方通信,通信设备
600777.SH,20260928,4.01,4.02,3.96,4.02,4.01,0.01,0.2494,178046.2,71009.175,600777,新潮能源,石油开采
600778.SH,20260928,5.77,5.8,5.66,5.73,5.75,-0.02,-0.3478,76392.53,43646.754,600778,友好集团,百货
600779.SH,20260928,26.21,26.45,25.95,25.98,26.21,-0.23,-0.8775,12526.0,32721.064,600779,水井坊,白酒
600780.SH,20260928,6.05,6.13,6.05,6.1,6.09,0.01,0.1642,75163.82,45750.524,600780,通宝能源,火力发电
600782.SH,20260928,2.63,2.63,2.6,2.62,2.63,-0.01,-0.3802,250240.0,65410.915,600782,新钢股份,普钢
600783.SH,20260928,15.28,15.34,14.63,14.75,15.3,-0.55,-3.5948,102088.16,151442.295,600783,鲁信创投,专用机械
600784.SH,20260928,7.19,7.19,6.95,6.98,7.14,-0.16,-2.2409,56638.8,39700.041,600784,鲁银投资,综合类
600785.SH,20260928,10.5,10.67,10.3,10.47,10.54,-0.07,-0.6641,156505.0,163287.175,600785,新华百货,百货
600787.SH,20260928,4.55,4.58,4.48,4.53,4.54,-0.01,-0.2203,136540.0,61765.537,600787,中储股份,仓储物流
600789.SH,20260928,7.55,7.82,7.54,7.73,7.54,0.19,2.5199,283576.42,218264.725,600789,鲁抗医药,化学制药
600790.SH,20260928,3.61,3.9,3.6,3.7,3.62,0.08,2.2099,688304.06,259081.184,600790,轻纺城,商品城
600791.SH,20260928,6.94,7.0,6.66,6.78,6.92,-0.14,-2.0231,102781.0,69619.198,600791,京能置业,全国地产
600792.SH,20260928,5.61,5.69,5.3,5.5,5.7,-0.2,-3.5088,1614478.79,884382.167,600792,云煤能源,焦炭加工
600793.SH,20260928,17.01,17.15,16.58,16.67,17.0,-0.33,-1.9412,34791.0,58229.628,600793,宜宾纸业,造纸
600794.SH,20260928,3.16,3.19,3.13,3.16,3.17,-0.01,-0.3155,89888.0,28344.201,600794,保税科技,仓储物流
600795.SH,20260928,5.25,5.42,5.23,5.4,5.24,0.16,3.0534,1730002.95,929257.516,600795,国电电力,火力发电
600796.SH,20260928,5.07,5.16,5.0,5.09,5.06,0.03,0.5929,41172.03,20804.346,600796,钱江生化,环境保护
600797.SH,20260928,6.53,6.57,6.37,6.42,6.51,-0.09,-1.3825,103379.45,66502.595,600797,浙大网新,软件服务
600798.SH,20260928,3.4,3.41,3.35,3.4,3.39,0.01,0.295,169239.65,57270.502,600798,宁波海运,水运
600800.SH,20260928,3.18,3.21,3.11,3.16,3.2,-0.04,-1.25,127673.0,40237.728,600800,渤海化学,化工原料
600801.SH,20260928,23.75,23.89,23.52,23.85,23.75,0.1,0.4211,49059.2,116400.875,600801,华新建材,水泥
600802.SH,20260928,6.66,7.28,6.62,7.28,6.62,0.66,9.9698,856563.42,604124.688,600802,福建水泥,水泥
600803.SH,20260928,18.49,18.8,18.35,18.74,18.54,0.2,1.0787,59216.56,110371.907,600803,新奥股份,供气供热
600805.SH,20260928,4.57,4.6,4.52,4.55,4.56,-0.01,-0.2193,88659.93,40382.732,600805,悦达投资,综合类
600807.SH,20260928,2.64,2.66,2.59,2.62,2.64,-0.02,-0.7576,124053.0,32547.752,600807,济高发展,医疗保健
600808.SH,20260928,2.44,2.46,2.37,2.39,2.43,-0.04,-1.6461,552148.38,132876.69,600808,马钢股份,普钢
600809.SH,20260928,111.0,111.57,109.15,110.26,111.18,-0.92,-0.8275,35505.74,390604.723,600809,山西汾酒,白酒
600810.SH,20260928,6.28,6.41,6.21,6.31,6.25,0.06,0.96,82523.01,52010.019,600810,神马股份,化纤
600812.SH,20260928,4.88,4.95,4.83,4.9,4.88,0.02,0.4098,276790.06,135156.619,600812,华北制药,化学制药
600814.SH,20260928,6.89,6.98,6.8,6.84,6.89,-0.05,-0.7257,43641.81,29870.107,600814,杭州解百,百货
600815.SH,20260928,4.36,4.37,4.19,4.19,4.65,-0.46,-9.8925,636191.0,268289.103,600815,厦工股份,工程机械
600816.SH,20260928,2.33,2.34,2.31,2.33,2.33,0.0,0.0,353206.91,82149.238,600816,建元信托,多元金融
600817.SH,20260928,9.6,9.76,9.58,9.62,9.52,0.1,1.0504,17994.0,17446.22,600817,宇通重工,专用机械
600818.SH,20260928,9.01,9.18,9.0,9.09,9.11,-0.02,-0.2195,23527.09,21354.209,600818,ST中路,文教休闲
600819.SH,20260928,5.62,5.74,5.53,5.58,5.65,-0.07,-1.2389,82932.7,46507.643,600819,耀皮玻璃,玻璃
600820.SH,20260928,5.22,5.25,5.17,5.2,5.23,-0.03,-0.5736,110591.0,57442.699,600820,隧道股份,建筑工程
600821.SH,20260928,5.77,5.79,5.66,5.72,5.77,-0.05,-0.8666,263891.59,150574.346,600821,金开新能,新型电力
600822.SH,20260928,9.04,9.41,8.97,9.09,9.08,0.01,0.1101,87729.42,80228.847,600822,上海物贸,汽车服务
600824.SH,20260928,3.65,3.69,3.59,3.64,3.66,-0.02,-0.5464,78268.87,28365.457,600824,益民集团,百货
600825.SH,20260928,8.55,8.55,8.55,8.55,7.77,0.78,10.0386,50275.41,42985.476,600825,新华传媒,出版业
600826.SH,20260928,8.15,8.3,7.88,7.99,8.12,-0.13,-1.601,98508.61,79394.719,600826,兰生股份,文教休闲
600827.SH,20260928,7.76,7.78,7.61,7.67,7.73,-0.06,-0.7762,80283.0,61631.92,600827,百联股份,超市连锁
600828.SH,20260928,4.37,4.41,4.22,4.27,4.37,-0.1,-2.2883,141720.27,60543.838,600828,茂业商业,百货
600829.SH,20260928,9.62,9.73,9.37,9.4,9.62,-0.22,-2.2869,82399.78,77837.296,600829,人民同泰,医药商业
600830.SH,20260928,8.47,8.52,8.3,8.33,8.49,-0.16,-1.8846,73452.75,61453.967,600830,香溢融通,多元金融
600831.SH,20260928,3.45,3.54,3.29,3.33,3.51,-0.18,-5.1282,502270.83,169894.493,600831,广电网络,影视音像
600833.SH,20260928,10.6,10.71,10.45,10.59,10.62,-0.03,-0.2825,42623.01,44890.768,600833,第一医药,医药商业
600834.SH,20260928,7.68,7.68,7.57,7.62,7.62,0.0,0.0,15517.03,11819.795,600834,申通地铁,公共交通
600835.SH,20260928,18.79,18.8,18.02,18.32,18.77,-0.45,-2.3974,66985.36,122701.765,600835,上海机电,运输设备
600838.SH,20260928,8.27,8.34,8.05,8.14,8.31,-0.17,-2.0457,75656.91,61584.018,600838,上海九百,百货
600839.SH,20260928,6.56,6.57,6.42,6.42,6.57,-0.15,-2.2831,305873.69,197902.739,600839,四川长虹,家用电器
600841.SH,20260928,5.61,5.62,5.41,5.47,5.63,-0.16,-2.8419,119840.0,65776.916,600841,动力新科,汽车配件
600843.SH,20260928,8.34,8.34,7.75,7.84,8.37,-0.53,-6.3321,603001.96,477378.296,600843,上工申贝,纺织机械
600844.SH,20260928,3.27,3.28,3.2,3.23,3.28,-0.05,-1.5244,240742.0,77584.573,600844,金煤科技,化工原料
600845.SH,20260928,18.16,18.24,17.78,18.01,18.26,-0.25,-1.3691,142478.61,255996.836,600845,宝信软件,软件服务
600846.SH,20260928,10.83,10.84,10.48,10.6,10.83,-0.23,-2.1237,22419.2,23785.756,600846,同济科技,建筑工程
600847.SH,20260928,12.99,13.1,12.3,12.53,13.03,-0.5,-3.8373,61380.88,77110.514,600847,万里股份,电气设备
600848.SH,20260928,8.49,8.54,8.4,8.48,8.5,-0.02,-0.2353,58536.6,49568.691,600848,上海临港,园区开发
600850.SH,20260928,13.88,13.91,13.33,13.5,13.86,-0.36,-2.5974,80045.5,108223.627,600850,电科数字,软件服务
600851.SH,20260928,8.18,8.22,7.84,7.9,8.11,-0.21,-2.5894,68579.4,54584.725,600851,海欣股份,化学制药
600853.SH,20260928,3.24,3.27,3.21,3.24,3.26,-0.02,-0.6135,84666.8,27371.483,600853,龙建股份,建筑工程
600854.SH,20260928,4.77,4.78,4.68,4.74,4.73,0.01,0.2114,78034.02,36899.02,600854,春兰股份,家用电器
600855.SH,20260928,12.8,12.97,12.43,12.47,12.85,-0.38,-2.9572,79933.39,100773.842,600855,航天长峰,专用机械
600857.SH,20260928,20.3,20.31,18.64,18.64,20.71,-2.07,-9.9952,71644.0,135365.915,600857,宁波中百,百货
600858.SH,20260928,4.91,4.94,4.84,4.88,4.88,0.0,0.0,60068.17,29286.862,600858,银座股份,百货
600859.SH,20260928,9.74,9.78,9.52,9.59,9.7,-0.11,-1.134,97137.0,93495.519,600859,王府井,百货
600860.SH,20260928,7.55,7.6,7.33,7.4,7.55,-0.15,-1.9868,52961.16,39260.916,600860,京城股份,专用机械
600861.SH,20260928,12.75,12.82,12.5,12.55,12.71,-0.16,-1.2589,12533.03,15832.751,600861,北京人力,文教休闲
600862.SH,20260928,17.85,17.94,17.61,17.68,17.88,-0.2,-1.1186,91942.97,163235.532,600862,中航高科,航空
600863.SH,20260928,4.62,4.79,4.61,4.74,4.64,0.1,2.1552,1082933.5,510375.504,600863,华能蒙电,火力发电
600864.SH,20260928,5.69,5.7,5.58,5.63,5.7,-0.07,-1.2281,318348.03,179279.393,600864,哈投股份,证券
600865.SH,20260928,10.9,10.99,10.49,10.59,10.9,-0.31,-2.844,171004.42,181601.291,600865,百大集团,百货
600866.SH,20260928,4.11,4.2,4.05,4.08,4.12,-0.04,-0.9709,259453.57,106950.311,600866,星湖科技,饲料
600867.SH,20260928,7.73,7.78,7.69,7.73,7.73,0.0,0.0,110974.0,85726.806,600867,通化东宝,生物制药
600868.SH,20260928,2.72,2.74,2.7,2.73,2.72,0.01,0.3676,279885.01,76192.192,600868,梅雁吉祥,水力发电
600869.SH,20260928,19.84,19.94,17.95,18.09,19.83,-1.74,-8.7746,1537627.7,2843454.447,600869,远东股份,电气设备
600871.SH,20260928,2.11,2.12,2.07,2.09,2.11,-0.02,-0.9479,853526.5,177984.345,600871,石化油服,石油开采
600872.SH,20260928,17.08,17.2,16.95,17.13,17.15,-0.02,-0.1166,60799.11,103654.361,600872,中炬高新,食品
600873.SH,20260928,7.35,7.36,7.24,7.29,7.36,-0.07,-0.9511,151770.44,110507.72,600873,梅花生物,食品
600874.SH,20260928,5.44,5.45,5.39,5.43,5.44,-0.01,-0.1838,44681.75,24196.84,600874,创业环保,环境保护
600875.SH,20260928,23.5,23.6,22.55,22.71,23.5,-0.79,-3.3617,283028.9,646281.137,600875,东方电气,电气设备
600876.SH,20260928,7.63,8.04,7.38,7.43,7.62,-0.19,-2.4934,150795.81,114961.164,600876,凯盛新能,玻璃
600877.SH,20260928,11.86,11.88,11.3,11.43,11.9,-0.47,-3.9496,104659.89,120184.491,600877,电科芯片,半导体
600879.SH,20260928,14.32,14.37,13.71,13.84,14.31,-0.47,-3.2844,623996.6,868163.589,600879,航天电子,航空
600880.SH,20260928,4.24,4.28,4.04,4.08,4.26,-0.18,-4.2254,321678.01,132579.384,600880,博瑞传播,广告包装
600881.SH,20260928,1.85,1.87,1.82,1.86,1.85,0.01,0.5405,727824.91,134252.698,600881,亚泰集团,综合类
600882.SH,20260928,19.09,19.3,18.97,19.08,19.04,0.04,0.2101,28818.1,55096.49,600882,妙可蓝多,乳制品
600883.SH,20260928,8.19,8.19,7.95,8.06,8.11,-0.05,-0.6165,40303.46,32493.937,600883,博闻科技,种植业
600884.SH,20260928,11.43,11.45,11.15,11.19,11.54,-0.35,-3.0329,310016.86,347798.946,600884,杉杉股份,电气设备
600885.SH,20260928,33.1,33.79,32.5,33.62,33.39,0.23,0.6888,109530.32,362926.015,600885,宏发股份,电气设备
600886.SH,20260928,14.84,15.38,14.81,15.33,14.86,0.47,3.1629,517889.17,789745.932,600886,国投电力,水力发电
600887.SH,20260928,26.81,27.05,26.7,27.03,26.9,0.13,0.4833,415864.45,1120497.922,600887,伊利股份,乳制品
600888.SH,20260928,9.8,9.8,9.02,9.09,9.72,-0.63,-6.4815,439002.19,404294.57,600888,新疆众和,铝
600889.SH,20260928,13.4,13.47,13.23,13.24,13.39,-0.15,-1.1202,9782.0,13017.538,600889,*ST京化,机械基件
600892.SH,20260928,4.12,4.23,4.0,4.04,4.12,-0.08,-1.9417,233920.0,94990.243,600892,大晟文化,互联网
600893.SH,20260928,38.28,39.43,38.24,38.68,38.29,0.39,1.0185,275575.13,1070391.691,600893,航发动力,航空
600894.SH,20260928,7.71,7.76,7.6,7.61,7.77,-0.16,-2.0592,69916.65,53468.591,600894,广日股份,运输设备
600895.SH,20260928,28.05,28.22,27.34,27.34,28.22,-0.88,-3.1184,134996.5,373515.968,600895,张江高科,园区开发
600897.SH,20260928,15.01,15.58,15.01,15.31,16.25,-0.94,-5.7846,117916.84,178579.284,600897,厦门空港,机场
600900.SH,20260928,28.35,28.6,28.31,28.55,28.36,0.19,0.67,1080137.53,3079818.529,600900,长江电力,水力发电
600901.SH,20260928,6.78,6.88,6.74,6.84,6.79,0.05,0.7364,339770.08,231781.864,600901,江苏金租,多元金融
600903.SH,20260928,6.56,6.6,6.3,6.43,6.56,-0.13,-1.9817,317264.07,202999.59,600903,贵州燃气,供气供热
600905.SH,20260928,3.61,3.62,3.53,3.53,3.61,-0.08,-2.2161,949823.0,337494.56,600905,三峡能源,新型电力
600906.SH,20260928,6.35,6.37,6.19,6.23,6.36,-0.13,-2.044,245532.81,153322.41,600906,财达证券,证券
600908.SH,20260928,5.82,5.88,5.74,5.8,5.83,-0.03,-0.5146,227101.0,131874.259,600908,无锡银行,银行
600909.SH,20260928,7.83,7.84,7.52,7.59,7.82,-0.23,-2.9412,762120.49,581272.829,600909,华安证券,证券
600916.SH,20260928,7.2,7.2,7.08,7.1,7.24,-0.14,-1.9337,181373.0,129180.738,600916,中国黄金,服饰
600917.SH,20260928,4.79,4.81,4.76,4.81,4.79,0.02,0.4175,42730.5,20448.147,600917,重庆燃气,供气供热
600918.SH,20260928,5.4,5.42,5.31,5.34,5.42,-0.08,-1.476,252100.13,134875.235,600918,中泰证券,证券
600919.SH,20260928,12.26,12.43,12.21,12.22,12.26,-0.04,-0.3263,994540.96,1221472.917,600919,江苏银行,银行
600925.SH,20260928,4.07,4.09,4.03,4.09,4.08,0.01,0.2451,68819.0,27912.71,600925,苏能股份,煤炭开采
600926.SH,20260928,16.88,16.96,16.75,16.81,16.77,0.04,0.2385,366360.36,617432.197,600926,杭州银行,银行
600927.SH,20260928,12.16,12.18,11.94,12.01,12.18,-0.17,-1.3957,48905.67,58884.647,600927,永安期货,多元金融
600928.SH,20260928,3.47,3.49,3.43,3.45,3.48,-0.03,-0.8621,190126.0,65643.981,600928,西安银行,银行
600929.SH,20260928,6.01,6.07,5.91,5.94,6.0,-0.06,-1.0,246293.9,147109.556,600929,雪天盐业,食品
600930.SH,20260928,3.88,3.89,3.81,3.81,3.88,-0.07,-1.8041,1130399.05,433004.228,600930,华电新能,新型电力
600933.SH,20260928,13.66,13.78,13.31,13.52,13.67,-0.15,-1.0973,101270.13,136919.796,600933,爱柯迪,汽车配件
600935.SH,20260928,2.28,2.37,2.26,2.29,2.29,0.0,0.0,227250.0,52107.084,600935,华塑股份,化工原料
600936.SH,20260928,4.32,4.33,4.2,4.27,4.31,-0.04,-0.9281,242278.18,103278.044,600936,北投科技,软件服务
600938.SH,20260928,32.55,33.6,32.42,33.5,32.8,0.7,2.1341,410702.27,1364841.62,600938,中国海油,石油开采
600939.SH,20260928,2.62,2.63,2.57,2.58,2.6,-0.02,-0.7692,81972.0,21268.379,600939,重庆建工,建筑工程
600941.SH,20260928,97.4,98.18,97.1,97.71,97.45,0.26,0.2668,78976.84,771865.75,600941,中国移动,电信运营
600955.SH,20260928,12.36,12.43,12.18,12.23,12.38,-0.15,-1.2116,26208.0,32134.537,600955,维远股份,化工原料
600956.SH,20260928,7.04,7.12,7.0,7.04,7.05,-0.01,-0.1418,59553.71,42010.473,600956,新天绿能,供气供热
600958.SH,20260928,8.7,8.72,8.57,8.59,8.71,-0.12,-1.3777,398419.68,343699.253,600958,东方证券,证券
600959.SH,20260928,3.08,3.1,3.02,3.03,3.09,-0.06,-1.9417,241529.1,73545.317,600959,江苏有线,影视音像
600960.SH,20260928,3.9,3.93,3.86,3.88,3.9,-0.02,-0.5128,80722.0,31375.61,600960,渤海汽车,汽车配件
600961.SH,20260928,23.14,23.14,22.06,22.31,23.61,-1.3,-5.5061,247191.91,555733.989,600961,株冶集团,铅锌
600962.SH,20260928,26.14,26.45,25.1,25.1,26.15,-1.05,-4.0153,49530.2,127235.062,600962,国投中鲁,软饮料
600963.SH,20260928,3.35,3.36,3.25,3.3,3.35,-0.05,-1.4925,239218.0,78784.372,600963,岳阳林纸,造纸
600965.SH,20260928,2.61,2.66,2.6,2.66,2.69,-0.03,-1.1152,40064.0,10530.528,600965,*ST福成,农业综合
600966.SH,20260928,4.77,4.81,4.68,4.74,4.8,-0.06,-1.25,112422.63,53116.648,600966,博汇纸业,造纸
600967.SH,20260928,12.87,13.13,12.56,12.68,12.97,-0.29,-2.2359,422271.16,538591.441,600967,内蒙一机,运输设备
600968.SH,20260928,3.86,3.88,3.82,3.86,3.88,-0.02,-0.5155,241433.7,93004.405,600968,海油发展,石油开采
600969.SH,20260928,9.78,9.82,9.57,9.65,9.79,-0.14,-1.43,62024.4,59899.745,600969,郴电国际,水力发电
600970.SH,20260928,7.68,7.7,7.52,7.66,7.68,-0.02,-0.2604,183593.5,140012.717,600970,中材国际,建筑工程
600971.SH,20260928,8.41,8.48,8.18,8.38,8.46,-0.08,-0.9456,122785.95,102009.994,600971,恒源煤电,煤炭开采
600973.SH,20260928,5.85,5.89,5.69,5.7,5.89,-0.19,-3.2258,131054.96,75266.397,600973,宝胜股份,电气设备
600975.SH,20260928,5.09,5.14,4.95,5.1,5.08,0.02,0.3937,188608.57,94987.713,600975,新五丰,农业综合
600976.SH,20260928,26.8,27.04,26.58,26.94,26.8,0.14,0.5224,6959.81,18678.06,600976,健民集团,中成药
600977.SH,20260928,13.3,13.44,12.86,12.89,13.13,-0.24,-1.8279,271439.52,353625.92,600977,中国电影,影视音像
600979.SH,20260928,3.85,3.89,3.83,3.86,3.86,0.0,0.0,155574.3,59992.013,600979,广安爱众,水力发电
600980.SH,20260928,19.14,19.16,18.33,18.61,19.13,-0.52,-2.7182,25810.57,48114.922,600980,北矿科技,专用机械
600981.SH,20260928,2.38,2.4,2.34,2.38,2.37,0.01,0.4219,161747.36,38219.089,600981,苏豪汇鸿,商贸代理
600982.SH,20260928,4.87,5.15,4.84,4.99,4.86,0.13,2.6749,469309.33,235162.0,600982,宁波能源,供气供热
600983.SH,20260928,7.48,7.59,7.38,7.42,7.39,0.03,0.406,16202.0,12072.833,600983,惠而浦,家用电器
600984.SH,20260928,3.5,3.51,3.43,3.45,3.5,-0.05,-1.4286,165044.29,57152.099,600984,建设机械,工程机械
600985.SH,20260928,16.38,16.43,16.09,16.33,16.49,-0.16,-0.9703,183632.98,297918.34,600985,淮北矿业,煤炭开采
600986.SH,20260928,6.85,6.9,6.67,6.71,6.88,-0.17,-2.4709,269861.56,181712.861,600986,浙文互联,互联网
600987.SH,20260928,6.3,6.3,6.23,6.25,6.31,-0.06,-0.9509,36642.25,22931.847,600987,航民股份,纺织
600988.SH,20260928,39.2,39.8,37.79,38.07,40.28,-2.21,-5.4866,429779.1,1652356.346,600988,赤峰黄金,黄金
600989.SH,20260928,22.22,22.68,22.1,22.45,22.33,0.12,0.5374,503400.45,1128444.968,600989,宝丰能源,化工原料
600990.SH,20260928,17.85,17.99,17.37,17.46,17.85,-0.39,-2.1849,26066.77,45805.496,600990,四创电子,通信设备
600992.SH,20260928,10.32,10.37,10.1,10.21,10.27,-0.06,-0.5842,84127.2,85779.981,600992,贵绳股份,钢加工
600993.SH,20260928,22.15,22.4,22.12,22.39,22.15,0.24,1.0835,27093.49,60340.829,600993,马应龙,中成药
600995.SH,20260928,11.8,11.83,11.61,11.68,11.8,-0.12,-1.0169,78899.03,92354.8,600995,南网储能,水力发电
600996.SH,20260928,6.81,6.9,6.61,6.72,6.82,-0.1,-1.4663,149062.84,100474.554,600996,贵广网络,影视音像
600997.SH,20260928,5.13,5.22,5.08,5.22,5.14,0.08,1.5564,100480.07,51602.278,600997,开滦股份,焦炭加工
600998.SH,20260928,4.84,4.93,4.84,4.93,4.84,0.09,1.8595,309999.84,151557.302,600998,九州通,医药商业
600999.SH,20260928,17.4,17.44,16.91,16.92,17.44,-0.52,-2.9817,399605.23,682179.339,600999,招商证券,证券
601000.SH,20260928,4.4,4.52,4.37,4.52,4.39,0.13,2.9613,569585.08,255095.667,601000,唐山港,港口
601001.SH,20260928,17.61,17.75,17.29,17.72,17.65,0.07,0.3966,106943.87,187782.526,601001,晋控煤业,煤炭开采
601002.SH,20260928,5.18,5.22,5.13,5.19,5.22,-0.03,-0.5747,65083.57,33631.294,601002,晋亿实业,机械基件
601003.SH,20260928,3.5,3.51,3.41,3.46,3.49,-0.03,-0.8596,135114.0,46525.269,601003,柳钢股份,普钢
601005.SH,20260928,1.2,1.21,1.18,1.19,1.2,-0.01,-0.8333,831048.0,98893.279,601005,重庆钢铁,普钢
601006.SH,20260928,4.66,4.67,4.62,4.65,4.66,-0.01,-0.2146,735862.15,341229.173,601006,大秦铁路,铁路
601007.SH,20260928,6.81,6.87,6.71,6.77,6.8,-0.03,-0.4412,56837.74,38496.048,601007,金陵饭店,酒店餐饮
601008.SH,20260928,4.42,4.44,4.35,4.4,4.4,0.0,0.0,115332.31,50633.498,601008,连云港,港口
601009.SH,20260928,11.95,12.11,11.86,11.9,11.95,-0.05,-0.4184,692594.17,829186.666,601009,南京银行,银行
601010.SH,20260928,1.44,1.45,1.41,1.42,1.43,-0.01,-0.6993,104387.0,14890.954,601010,ST文峰,百货
601011.SH,20260928,2.88,2.89,2.8,2.86,2.91,-0.05,-1.7182,419866.0,119593.778,601011,宝泰隆,焦炭加工
601012.SH,20260928,11.07,11.21,10.75,10.81,11.04,-0.23,-2.0833,860858.88,939497.174,601012,隆基绿能,电气设备
601015.SH,20260928,3.47,3.6,3.35,3.51,3.55,-0.04,-1.1268,617191.5,213818.407,601015,陕西黑猫,焦炭加工
601016.SH,20260928,3.23,3.27,3.23,3.25,3.25,0.0,0.0,572857.2,185797.645,601016,节能风电,新型电力
601018.SH,20260928,3.4,3.43,3.38,3.43,3.4,0.03,0.8824,464441.09,158404.713,601018,宁波港,港口
601019.SH,20260928,6.75,6.82,6.63,6.67,6.75,-0.08,-1.1852,101075.6,67791.96,601019,山东出版,出版业
601020.SH,20260928,20.79,20.79,19.43,19.52,21.0,-1.48,-7.0476,244591.18,485224.42,601020,华钰矿业,铅锌
601021.SH,20260928,39.65,40.82,38.18,40.44,39.85,0.59,1.4806,123464.42,485321.454,601021,春秋航空,空运
601022.SH,20260928,8.47,8.48,8.28,8.33,8.42,-0.09,-1.0689,58953.0,49123.908,601022,宁波远洋,水运
601026.SH,20260928,15.33,15.36,14.77,14.87,15.25,-0.38,-2.4918,44492.57,66614.955,601026,道生天合,电气设备
601033.SH,20260928,14.18,14.24,14.05,14.12,14.19,-0.07,-0.4933,20611.0,29106.114,601033,永兴股份,环境保护
601038.SH,20260928,14.14,14.18,13.58,13.62,13.96,-0.34,-2.4355,56813.4,78256.897,601038,一拖股份,农用机械
601058.SH,20260928,13.56,13.56,13.16,13.21,13.56,-0.35,-2.5811,322568.05,428715.222,601058,赛轮轮胎,汽车配件
601061.SH,20260928,10.68,10.7,10.35,10.42,10.83,-0.41,-3.7858,135365.0,141533.614,601061,中信金属,商贸代理
601065.SH,20260928,6.67,6.69,6.6,6.62,6.67,-0.05,-0.7496,22947.0,15210.639,601065,江盐集团,化工原料
601066.SH,20260928,23.33,23.39,22.94,23.03,23.4,-0.37,-1.5812,104589.48,241572.029,601066,中信建投,证券
601068.SH,20260928,4.27,4.28,4.17,4.2,4.28,-0.08,-1.8692,159033.0,66938.067,601068,中铝国际,建筑工程
601069.SH,20260928,25.0,25.0,23.87,23.97,25.6,-1.63,-6.3672,149165.19,362732.845,601069,西部黄金,黄金
601077.SH,20260928,6.64,6.75,6.61,6.66,6.64,0.02,0.3012,824247.11,550257.399,601077,渝农商行,银行
601083.SH,20260928,12.88,12.92,12.69,12.77,12.75,0.02,0.1569,58767.0,75249.891,601083,锦江航运,水运
601086.SH,20260928,15.16,16.25,13.81,15.85,15.32,0.53,3.4595,979370.99,1454370.48,601086,国芳集团,百货
601088.SH,20260928,47.79,48.41,47.56,48.39,48.03,0.36,0.7495,230731.14,1109202.332,601088,中国神华,煤炭开采
601089.SH,20260928,15.95,16.18,15.92,16.09,15.88,0.21,1.3224,24317.49,38967.917,601089,福元医药,化学制药
601091.SH,20260928,25.6,28.67,24.3,27.71,27.0,0.71,2.6296,1131583.97,2963675.626,601091,沈鼓集团,机械基件
601096.SH,20260928,3.96,3.96,3.87,3.9,3.96,-0.06,-1.5152,158225.16,61702.608,601096,宏盛华源,钢加工
601098.SH,20260928,10.16,10.21,9.89,9.94,10.18,-0.24,-2.3576,116120.04,115818.191,601098,中南传媒,出版业
601099.SH,20260928,3.5,3.52,3.41,3.43,3.52,-0.09,-2.5568,969131.64,333202.466,601099,太平洋,证券
601100.SH,20260928,91.5,92.25,89.58,90.0,92.3,-2.3,-2.4919,100880.79,911723.674,601100,恒立液压,工程机械
601101.SH,20260928,12.93,13.14,12.54,12.89,13.06,-0.17,-1.3017,156039.47,199889.673,601101,昊华能源,煤炭开采
601106.SH,20260928,2.93,2.94,2.85,2.87,2.92,-0.05,-1.7123,428721.67,123348.16,601106,中国一重,工程机械
601107.SH,20260928,6.01,6.11,5.97,6.0,6.02,-0.02,-0.3322,104531.9,63021.469,601107,四川成渝,路桥
601108.SH,20260928,8.34,8.36,8.1,8.12,8.36,-0.24,-2.8708,393818.95,321869.35,601108,财通证券,证券
601111.SH,20260928,5.82,5.82,5.7,5.76,5.81,-0.05,-0.8606,821796.34,471429.369,601111,中国国航,空运
601112.SH,20260928,16.1,16.38,15.93,16.37,16.17,0.2,1.2369,59437.32,96402.251,601112,振石股份,玻璃
601113.SH,20260928,3.54,3.63,3.48,3.52,3.54,-0.02,-0.565,164197.07,57965.142,601113,华鼎股份,化纤
601116.SH,20260928,10.03,10.09,9.77,9.84,10.02,-0.18,-1.7964,70627.06,69594.205,601116,三江购物,超市连锁
601117.SH,20260928,7.19,7.2,7.1,7.13,7.22,-0.09,-1.2465,382419.33,272850.066,601117,中国化学,建筑工程
601118.SH,20260928,6.54,6.61,5.98,5.99,6.48,-0.49,-7.5617,1372016.49,838760.727,601118,海南橡胶,橡胶
601121.SH,20260928,7.09,7.09,6.78,6.85,7.06,-0.21,-2.9745,88780.0,60877.093,601121,宝地矿业,普钢
601123.SH,20260928,17.51,17.97,16.51,17.62,17.82,-0.2,-1.1223,239638.18,410630.008,601123,马矿股份,普钢
601126.SH,20260928,37.99,37.99,35.55,35.9,37.91,-2.01,-5.302,156632.74,566956.473,601126,四方股份,电气设备
601127.SH,20260928,45.0,45.4,44.19,45.09,46.33,-1.24,-2.6765,254476.71,1141684.649,601127,赛力斯,汽车整车
601128.SH,20260928,6.17,6.21,6.09,6.14,6.17,-0.03,-0.4862,512486.29,314585.834,601128,常熟银行,银行
601133.SH,20260928,24.8,25.0,23.51,23.58,25.05,-1.47,-5.8683,133990.21,322968.613,601133,柏诚股份,建筑工程
601136.SH,20260928,14.15,14.26,13.81,13.85,14.19,-0.34,-2.3961,104175.55,145134.399,601136,首创证券,证券
601137.SH,20260928,19.8,19.85,18.98,19.18,19.85,-0.67,-3.3753,103148.7,199104.315,601137,博威合金,小金属
601138.SH,20260928,61.0,61.0,58.28,58.92,61.0,-2.08,-3.4098,643814.94,3811349.674,601138,工业富联,通信设备
601139.SH,20260928,6.2,6.25,6.19,6.24,6.19,0.05,0.8078,128793.13,80043.921,601139,深圳燃气,供气供热
601155.SH,20260928,12.57,12.81,12.42,12.66,12.56,0.1,0.7962,223858.99,283304.558,601155,新城控股,区域地产
601156.SH,20260928,18.21,18.62,18.08,18.45,18.21,0.24,1.318,113742.05,209122.937,601156,东航物流,仓储物流
601158.SH,20260928,3.97,3.99,3.95,3.97,3.98,-0.01,-0.2513,48584.0,19275.964,601158,重庆水务,水务
601162.SH,20260928,3.57,3.59,3.48,3.49,3.6,-0.11,-3.0556,1254807.89,441443.949,601162,天风证券,证券
601163.SH,20260928,12.22,12.26,12.11,12.16,12.21,-0.05,-0.4095,16987.0,20679.208,601163,三角轮胎,汽车配件
601166.SH,20260928,17.92,17.96,17.72,17.77,17.88,-0.11,-0.6152,627686.93,1117799.988,601166,兴业银行,银行
601168.SH,20260928,34.38,34.67,33.7,33.77,35.19,-1.42,-4.0352,334620.35,1142149.436,601168,西部矿业,铜
601169.SH,20260928,5.49,5.53,5.43,5.45,5.49,-0.04,-0.7286,1438857.31,786792.018,601169,北京银行,银行
601177.SH,20260928,13.73,13.8,13.42,13.61,13.72,-0.11,-0.8017,35132.79,47696.662,601177,杭齿前进,机械基件
601179.SH,20260928,11.71,11.72,11.37,11.48,11.75,-0.27,-2.2979,470583.77,540725.794,601179,中国西电,电气设备
601186.SH,20260928,5.97,5.99,5.92,5.93,5.98,-0.05,-0.8361,232235.0,137979.709,601186,中国铁建,建筑工程
601187.SH,20260928,6.91,6.96,6.81,6.82,6.92,-0.1,-1.4451,160369.45,110216.085,601187,厦门银行,银行
601188.SH,20260928,2.84,2.86,2.82,2.84,2.85,-0.01,-0.3509,88405.0,25073.928,601188,龙江交通,路桥
601199.SH,20260928,6.66,6.69,6.35,6.63,6.61,0.02,0.3026,192077.49,126406.144,601199,江南水务,水务
601200.SH,20260928,6.74,6.76,6.67,6.72,6.74,-0.02,-0.2967,59692.05,40044.093,601200,上海环境,环境保护
601208.SH,20260928,55.02,55.16,50.8,50.8,56.44,-5.64,-9.9929,711939.77,3676141.643,601208,东材科技,化工原料
601211.SH,20260928,17.2,17.23,16.74,16.81,17.21,-0.4,-2.3242,662180.4,1119055.019,601211,国泰海通,证券
601212.SH,20260928,5.6,5.64,5.43,5.49,5.79,-0.3,-5.1813,1352449.94,745723.292,601212,白银有色,铜
601216.SH,20260928,4.47,4.49,4.41,4.46,4.47,-0.01,-0.2237,414517.08,184243.089,601216,君正集团,化工原料
601218.SH,20260928,5.5,6.05,5.4,6.05,5.5,0.55,10.0,2647974.88,1514983.777,601218,吉鑫科技,电气设备
601222.SH,20260928,5.86,5.94,5.8,5.85,5.88,-0.03,-0.5102,132224.38,77416.598,601222,林洋能源,新型电力
601225.SH,20260928,25.51,26.0,25.25,25.85,25.83,0.02,0.0774,308865.19,794426.454,601225,陕西煤业,煤炭开采
601226.SH,20260928,6.53,6.56,6.36,6.42,6.53,-0.11,-1.6845,84941.7,54674.339,601226,华电科工,建筑工程
601228.SH,20260928,3.02,3.04,3.0,3.02,3.03,-0.01,-0.33,159844.26,48183.34,601228,广州港,港口
601229.SH,20260928,9.53,9.61,9.48,9.51,9.51,0.0,0.0,504188.18,481178.565,601229,上海银行,银行
601231.SH,20260928,25.51,25.53,23.39,23.67,25.45,-1.78,-6.9941,329319.31,789482.948,601231,环旭电子,元器件
601233.SH,20260928,23.24,23.54,22.85,23.28,23.26,0.02,0.086,196589.49,456898.424,601233,桐昆股份,化纤
601236.SH,20260928,6.85,6.89,6.75,6.86,6.89,-0.03,-0.4354,143644.8,97853.196,601236,红塔证券,证券
601279.SH,20260928,3.49,3.62,3.49,3.55,3.51,0.04,1.1396,173200.97,61280.765,601279,英利汽车,汽车配件
601288.SH,20260928,6.88,6.98,6.84,6.86,6.87,-0.01,-0.1456,3173153.33,2190898.402,601288,农业银行,银行
601298.SH,20260928,9.76,9.89,9.7,9.86,9.75,0.11,1.1282,104246.37,102641.262,601298,青岛港,港口
601311.SH,20260928,7.29,7.29,7.2,7.24,7.3,-0.06,-0.8219,67578.0,48916.091,601311,骆驼股份,电气设备
601318.SH,20260928,53.09,53.4,52.19,52.4,53.25,-0.85,-1.5962,711944.68,3747989.837,601318,中国平安,保险
601319.SH,20260928,8.03,8.17,7.96,8.0,8.07,-0.07,-0.8674,560149.31,451893.62,601319,中国人保,保险
601326.SH,20260928,3.46,3.49,3.39,3.48,3.47,0.01,0.2882,192235.0,66354.73,601326,秦港股份,港口
601328.SH,20260928,7.57,7.62,7.52,7.59,7.56,0.03,0.3968,2159994.39,1635494.103,601328,交通银行,银行
601330.SH,20260928,8.03,8.22,7.99,8.17,8.03,0.14,1.7435,125764.25,102243.56,601330,绿色动力,环境保护
601333.SH,20260928,3.07,3.08,3.04,3.06,3.06,0.0,0.0,466139.2,142676.525,601333,广深铁路,铁路
601336.SH,20260928,57.26,57.45,55.86,55.9,57.58,-1.68,-2.9177,130735.88,739806.294,601336,新华保险,保险
601339.SH,20260928,7.53,7.55,7.25,7.28,7.47,-0.19,-2.5435,116341.75,85776.136,601339,百隆东方,纺织
601360.SH,20260928,9.08,9.15,8.76,8.95,8.95,0.0,0.0,992629.29,886294.745,601360,三六零,互联网
601366.SH,20260928,3.57,3.61,3.53,3.58,3.58,0.0,0.0,73716.81,26279.543,601366,利群股份,百货
601368.SH,20260928,4.53,4.59,4.49,4.59,4.55,0.04,0.8791,58477.06,26586.197,601368,绿城水务,水务
601369.SH,20260928,8.82,8.84,8.45,8.62,8.82,-0.2,-2.2676,104586.0,89914.424,601369,陕鼓动力,机械基件
601375.SH,20260928,3.95,3.96,3.86,3.89,3.95,-0.06,-1.519,324863.4,126723.243,601375,中原证券,证券
601377.SH,20260928,5.85,5.86,5.71,5.74,5.87,-0.13,-2.2147,600535.01,346305.116,601377,兴业证券,证券
601388.SH,20260928,3.13,3.15,3.08,3.11,3.15,-0.04,-1.2698,254208.43,79156.559,601388,怡球资源,铝
601390.SH,20260928,4.25,4.25,4.2,4.22,4.25,-0.03,-0.7059,558318.64,235539.143,601390,中国中铁,建筑工程
601398.SH,20260928,8.12,8.25,8.11,8.15,8.13,0.02,0.246,2991229.32,2444282.076,601398,工商银行,银行
601399.SH,20260928,3.08,3.09,3.02,3.05,3.07,-0.02,-0.6515,511021.38,155648.543,601399,国机重装,工程机械
601456.SH,20260928,8.54,8.6,8.42,8.57,8.53,0.04,0.4689,177421.23,150992.852,601456,国联民生,证券
601500.SH,20260928,3.86,3.88,3.78,3.81,3.87,-0.06,-1.5504,90883.4,34694.412,601500,通用股份,汽车配件
601512.SH,20260928,8.35,8.4,8.26,8.35,8.34,0.01,0.1199,21373.03,17792.513,601512,中新集团,园区开发
601515.SH,20260928,3.22,3.23,3.1,3.14,3.21,-0.07,-2.1807,135081.18,42484.828,601515,衢州东峰,广告包装
601518.SH,20260928,2.76,2.76,2.73,2.74,2.76,-0.02,-0.7246,105062.6,28823.007,601518,吉林高速,路桥
601519.SH,20260928,8.52,8.54,8.13,8.19,8.52,-0.33,-3.8732,262753.97,216721.537,601519,大智慧,软件服务
601528.SH,20260928,5.02,5.02,4.95,4.99,4.97,0.02,0.4024,117555.73,58577.531,601528,瑞丰银行,银行
601555.SH,20260928,8.15,8.18,8.05,8.08,8.17,-0.09,-1.1016,303304.3,245773.927,601555,东吴证券,证券
601566.SH,20260928,9.52,9.58,9.06,9.13,9.67,-0.54,-5.5843,335800.97,309704.345,601566,九牧王,服饰
601567.SH,20260928,16.0,16.0,14.63,14.63,16.25,-1.62,-9.9692,575894.26,856710.557,601567,三星电气,电气设备
601568.SH,20260928,3.59,3.6,3.5,3.52,3.59,-0.07,-1.9499,186405.1,65821.396,601568,北元化工,化工原料
601577.SH,20260928,9.67,9.76,9.56,9.6,9.67,-0.07,-0.7239,242107.31,233497.979,601577,长沙银行,银行
601579.SH,20260928,40.46,41.84,40.19,41.84,38.04,3.8,9.9895,539156.65,2223607.414,601579,会稽山,红黄酒
601588.SH,20260928,1.75,1.76,1.72,1.75,1.75,0.0,0.0,345433.01,60117.727,601588,北辰实业,区域地产
601595.SH,20260928,23.55,24.3,22.65,22.74,22.96,-0.22,-0.9582,93457.46,215815.587,601595,上海电影,影视音像
601598.SH,20260928,6.81,6.84,6.55,6.6,6.68,-0.08,-1.1976,185993.2,123388.974,601598,中国外运,仓储物流
601599.SH,20260928,3.23,3.28,3.18,3.21,3.23,-0.02,-0.6192,154831.99,49769.072,601599,浙文影业,纺织
601600.SH,20260928,8.8,8.81,8.62,8.68,8.88,-0.2,-2.2523,1468221.02,1276413.084,601600,中国铝业,铝
601601.SH,20260928,30.71,31.22,30.36,30.5,30.88,-0.38,-1.2306,361237.7,1108931.656,601601,中国太保,保险
601606.SH,20260928,31.83,31.83,30.92,31.0,31.9,-0.9,-2.8213,152464.85,475383.688,601606,长城军工,专用机械
601607.SH,20260928,16.01,16.11,15.83,15.89,16.02,-0.13,-0.8115,88359.84,140920.953,601607,上海医药,医药商业
601608.SH,20260928,4.59,4.61,4.48,4.54,4.6,-0.06,-1.3043,229936.45,104251.65,601608,中信重工,专用机械
601609.SH,20260928,11.79,11.81,11.13,11.19,11.86,-0.67,-5.6492,458276.01,521206.518,601609,金田股份,铜
601611.SH,20260928,10.15,10.15,9.97,10.0,10.15,-0.15,-1.4778,132284.56,132706.421,601611,中国核建,建筑工程
601615.SH,20260928,9.66,9.86,9.39,9.51,9.65,-0.14,-1.4508,443139.05,424512.842,601615,明阳智能,电气设备
601616.SH,20260928,3.77,3.78,3.7,3.75,3.77,-0.02,-0.5305,91318.9,34117.51,601616,广电电气,电气设备
601618.SH,20260928,2.49,2.5,2.45,2.46,2.49,-0.03,-1.2048,673280.0,165987.185,601618,中国中冶,建筑工程
601619.SH,20260928,3.92,3.93,3.74,3.81,3.91,-0.1,-2.5575,325860.6,124236.871,601619,嘉泽新能,新型电力
601628.SH,20260928,37.33,37.71,36.75,36.77,37.43,-0.66,-1.7633,181253.84,672157.508,601628,中国人寿,保险
601633.SH,20260928,13.8,13.9,13.72,13.79,13.91,-0.12,-0.8627,111827.27,154309.057,601633,长城汽车,汽车整车
601636.SH,20260928,5.49,5.62,5.31,5.34,5.45,-0.11,-2.0183,667218.15,361714.143,601636,旗滨集团,玻璃
601658.SH,20260928,5.33,5.41,5.3,5.32,5.33,-0.01,-0.1876,1732043.81,926927.706,601658,邮储银行,银行
601665.SH,20260928,6.98,7.06,6.91,6.96,6.97,-0.01,-0.1435,562501.71,392922.049,601665,齐鲁银行,银行
601666.SH,20260928,8.83,8.86,8.6,8.79,8.83,-0.04,-0.453,204484.34,178567.132,601666,平煤股份,煤炭开采
601668.SH,20260928,4.25,4.27,4.2,4.22,4.26,-0.04,-0.939,1773686.83,750058.588,601668,中国建筑,建筑工程
601669.SH,20260928,4.54,4.54,4.5,4.52,4.54,-0.02,-0.4405,538518.93,243270.733,601669,中国电建,建筑工程
601677.SH,20260928,16.05,16.26,15.8,16.03,16.14,-0.11,-0.6815,159948.2,256558.76,601677,明泰铝业,铝
601678.SH,20260928,5.77,5.79,5.65,5.7,5.76,-0.06,-1.0417,395095.75,225280.643,601678,滨化股份,化工原料
601686.SH,20260928,5.02,5.03,4.9,4.93,5.02,-0.09,-1.7928,60937.99,30113.433,601686,友发集团,钢加工
601688.SH,20260928,18.16,18.2,17.79,17.84,18.16,-0.32,-1.7621,437106.41,784344.698,601688,华泰证券,证券
601689.SH,20260928,46.4,47.0,45.58,46.5,46.44,0.06,0.1292,277866.63,1285350.383,601689,拓普集团,汽车配件
601696.SH,20260928,11.1,11.16,10.9,10.93,11.18,-0.25,-2.2361,252128.37,276975.385,601696,中银证券,证券
601698.SH,20260928,23.47,23.57,22.84,23.03,23.56,-0.53,-2.2496,167265.47,385961.285,601698,中国卫通,电信运营
601699.SH,20260928,15.29,15.29,14.93,15.19,15.35,-0.16,-1.0423,175433.64,265211.842,601699,潞安环能,煤炭开采
601700.SH,20260928,6.2,6.21,6.05,6.11,6.25,-0.14,-2.24,342497.7,209256.661,601700,风范股份,电气设备
601702.SH,20260928,15.05,15.28,14.76,14.8,15.05,-0.25,-1.6611,33524.0,49865.324,601702,华峰铝业,铝
601717.SH,20260928,13.33,13.5,13.05,13.09,13.4,-0.31,-2.3134,206336.48,272850.649,601717,中创智领,专用机械
601718.SH,20260928,1.93,1.94,1.89,1.91,1.92,-0.01,-0.5208,169885.08,32420.993,601718,ST际华,服饰
601727.SH,20260928,6.57,6.58,6.41,6.44,6.56,-0.12,-1.8293,464342.5,300253.374,601727,上海电气,电气设备
601728.SH,20260928,6.15,6.27,6.13,6.25,6.16,0.09,1.461,1176936.15,730022.271,601728,中国电信,电信运营
601766.SH,20260928,5.97,6.13,5.96,6.12,5.97,0.15,2.5126,1932017.54,1172689.031,601766,中国中车,运输设备
601777.SH,20260928,8.3,8.6,8.26,8.43,8.28,0.15,1.8116,534221.01,451173.701,601777,千里科技,摩托车
601778.SH,20260928,3.42,3.43,3.31,3.34,3.42,-0.08,-2.3392,651859.97,218434.3,601778,晶科科技,新型电力
601788.SH,20260928,13.73,13.78,13.56,13.58,13.77,-0.19,-1.3798,116024.86,158147.275,601788,光大证券,证券
601789.SH,20260928,4.22,4.23,4.1,4.13,4.19,-0.06,-1.432,192148.02,79569.98,601789,宁波建工,建筑工程
601798.SH,20260928,7.58,7.61,7.44,7.52,7.59,-0.07,-0.9223,44826.0,33695.403,601798,蓝科高新,化工机械
601799.SH,20260928,70.71,71.09,68.8,69.22,70.71,-1.49,-2.1072,29906.05,208190.694,601799,星宇股份,汽车配件
601800.SH,20260928,5.81,5.81,5.73,5.76,5.8,-0.04,-0.6897,165130.59,95097.422,601800,中国交建,建筑工程
601801.SH,20260928,5.52,5.55,5.14,5.22,5.53,-0.31,-5.6058,380456.78,201425.758,601801,皖新传媒,出版业
601808.SH,20260928,12.07,12.21,12.0,12.17,12.12,0.05,0.4125,97599.81,118253.552,601808,中海油服,石油开采
601811.SH,20260928,22.0,22.39,18.33,18.52,20.35,-1.83,-8.9926,637319.71,1317723.424,601811,新华文轩,出版业
601816.SH,20260928,4.7,4.8,4.69,4.78,4.69,0.09,1.919,2334844.28,1111187.965,601816,京沪高铁,铁路
601818.SH,20260928,3.0,3.01,2.98,2.99,3.0,-0.01,-0.3333,1302750.4,389575.749,601818,光大银行,银行
601825.SH,20260928,8.71,8.75,8.56,8.61,8.7,-0.09,-1.0345,191547.06,165489.34,601825,沪农商行,银行
601827.SH,20260928,7.82,7.84,7.74,7.78,7.81,-0.03,-0.3841,31283.45,24379.894,601827,三峰环境,环境保护
601828.SH,20260928,2.15,2.17,2.09,2.12,2.16,-0.04,-1.8519,406979.44,86340.222,601828,美凯龙,其他商业
601838.SH,20260928,19.04,19.2,18.97,19.04,19.04,0.0,0.0,256989.95,490150.239,601838,成都银行,银行
601857.SH,20260928,10.92,11.22,10.83,11.19,10.95,0.24,2.1918,1631049.53,1807224.555,601857,中国石油,石油开采
601858.SH,20260928,21.16,21.84,20.76,21.65,20.9,0.75,3.5885,129744.1,277503.782,601858,中国科传,出版业
601860.SH,20260928,2.54,2.55,2.5,2.51,2.53,-0.02,-0.7905,643386.63,162010.632,601860,紫金银行,银行
601865.SH,20260928,9.3,9.4,9.03,9.1,9.27,-0.17,-1.8339,96698.0,88574.971,601865,福莱特,玻璃
601866.SH,20260928,2.42,2.43,2.39,2.42,2.42,0.0,0.0,559802.85,134641.468,601866,中远海发,水运
601868.SH,20260928,2.4,2.41,2.36,2.36,2.4,-0.04,-1.6667,2000179.38,474586.442,601868,中国能建,建筑工程
601869.SH,20260928,433.0,434.88,394.2,394.22,438.0,-43.78,-9.9954,129644.03,5242426.822,601869,长飞光纤,通信设备
601872.SH,20260928,21.08,21.18,20.44,20.65,20.93,-0.28,-1.3378,888272.21,1844978.62,601872,招商轮船,水运
601877.SH,20260928,24.9,24.96,24.4,24.45,24.9,-0.45,-1.8072,104148.89,255990.563,601877,正泰电器,电气设备
601878.SH,20260928,9.02,9.04,8.89,8.91,9.02,-0.11,-1.2195,158260.05,141386.714,601878,浙商证券,证券
601880.SH,20260928,1.45,1.46,1.43,1.44,1.45,-0.01,-0.6897,952190.17,137425.555,601880,辽港股份,港口
601881.SH,20260928,11.83,11.85,11.57,11.58,11.86,-0.28,-2.3609,251924.57,293820.035,601881,中国银河,证券
601882.SH,20260928,23.23,23.38,22.7,22.81,23.23,-0.42,-1.808,47887.0,109646.206,601882,海天精工,机床制造
601886.SH,20260928,13.0,13.65,13.0,13.16,13.1,0.06,0.458,134413.51,179255.974,601886,江河集团,装修装饰
601888.SH,20260928,51.19,51.49,50.52,50.79,51.46,-0.67,-1.302,121697.73,619440.961,601888,中国中免,旅游服务
601890.SH,20260928,9.37,9.39,9.16,9.2,9.39,-0.19,-2.0234,253480.7,234533.709,601890,亚星锚链,船舶
601898.SH,20260928,13.89,14.2,13.75,14.18,14.01,0.17,1.2134,406200.23,569481.68,601898,中煤能源,煤炭开采
601899.SH,20260928,29.6,29.69,29.05,29.42,30.01,-0.59,-1.966,1665026.88,4892448.594,601899,紫金矿业,铜
601900.SH,20260928,12.45,12.62,12.1,12.23,12.49,-0.26,-2.0817,101995.74,125235.924,601900,南方传媒,出版业
601901.SH,20260928,6.73,6.74,6.59,6.62,6.74,-0.12,-1.7804,327829.52,217681.758,601901,方正证券,证券
601908.SH,20260928,2.89,2.92,2.84,2.88,2.89,-0.01,-0.346,182717.0,52545.319,601908,京运通,电气设备
601916.SH,20260928,2.84,2.87,2.81,2.82,2.84,-0.02,-0.7042,1174249.51,332572.302,601916,浙商银行,银行
601918.SH,20260928,11.07,11.53,10.86,11.45,11.15,0.3,2.6906,478709.2,539643.193,601918,新集能源,煤炭开采
601919.SH,20260928,16.44,16.58,16.19,16.46,16.3,0.16,0.9816,732526.15,1202792.719,601919,中远海控,水运
601921.SH,20260928,7.59,7.66,7.45,7.5,7.54,-0.04,-0.5305,102010.49,77006.539,601921,浙版传媒,出版业
601928.SH,20260928,8.26,8.27,8.11,8.16,8.26,-0.1,-1.2107,104720.17,85581.457,601928,凤凰传媒,出版业
601929.SH,20260928,2.34,2.37,2.25,2.27,2.37,-0.1,-4.2194,986090.46,224981.91,601929,吉视传媒,影视音像
601933.SH,20260928,3.0,3.01,2.95,2.96,3.0,-0.04,-1.3333,730115.69,216448.516,601933,永辉超市,超市连锁
601939.SH,20260928,10.99,11.13,10.95,11.0,10.98,0.02,0.1821,987496.44,1089676.649,601939,建设银行,银行
601949.SH,20260928,5.61,5.68,5.46,5.46,5.71,-0.25,-4.3783,554895.66,306191.379,601949,中国出版,出版业
601952.SH,20260928,9.1,9.23,8.61,8.8,9.11,-0.31,-3.4029,238059.0,208397.301,601952,苏垦农发,种植业
601956.SH,20260928,5.14,5.21,5.0,5.08,5.14,-0.06,-1.1673,149121.6,75877.956,601956,东贝集团,家用电器
601958.SH,20260928,19.53,19.53,18.93,19.13,19.7,-0.57,-2.8934,229224.49,438892.192,601958,金钼股份,小金属
601963.SH,20260928,10.98,11.14,10.95,11.02,11.03,-0.01,-0.0907,110631.64,122244.877,601963,重庆银行,银行
601965.SH,20260928,13.07,13.11,12.82,12.98,13.04,-0.06,-0.4601,48425.53,62774.888,601965,中国汽研,汽车服务
601966.SH,20260928,10.4,10.45,10.26,10.33,10.41,-0.08,-0.7685,63754.15,65788.509,601966,玲珑轮胎,汽车配件
601968.SH,20260928,4.52,4.57,4.45,4.49,4.51,-0.02,-0.4435,98783.05,44508.504,601968,宝钢包装,广告包装
601969.SH,20260928,8.98,8.99,8.68,8.81,8.94,-0.13,-1.4541,105426.54,92895.881,601969,海南矿业,普钢
601975.SH,20260928,4.52,4.6,4.39,4.52,4.47,0.05,1.1186,1496302.54,675380.744,601975,招商南油,水运
601985.SH,20260928,8.89,9.02,8.88,9.0,8.9,0.1,1.1236,962967.89,863842.46,601985,中国核电,新型电力
601988.SH,20260928,6.61,6.71,6.59,6.63,6.62,0.01,0.1511,2604276.15,1729334.431,601988,中国银行,银行
601990.SH,20260928,6.58,6.61,6.47,6.5,6.58,-0.08,-1.2158,167023.87,108824.792,601990,南京证券,证券
601991.SH,20260928,5.36,5.36,5.27,5.32,5.36,-0.04,-0.7463,1241241.17,659226.303,601991,大唐发电,火力发电
601992.SH,20260928,1.4,1.4,1.37,1.38,1.4,-0.02,-1.4286,417328.0,57767.523,601992,金隅集团,水泥
601995.SH,20260928,30.95,30.99,30.36,30.5,31.02,-0.52,-1.6763,197694.15,604773.13,601995,中金公司,证券
601996.SH,20260928,2.91,2.95,2.85,2.88,2.9,-0.02,-0.6897,259856.0,75295.855,601996,丰林集团,家居用品
601997.SH,20260928,5.49,5.52,5.44,5.47,5.5,-0.03,-0.5455,348134.61,190575.169,601997,贵阳银行,银行
601998.SH,20260928,9.05,9.1,8.95,9.07,9.01,0.06,0.6659,709732.8,640872.442,601998,中信银行,银行
601999.SH,20260928,6.71,6.77,6.4,6.46,6.76,-0.3,-4.4379,210740.01,136955.945,601999,出版传媒,出版业
603000.SH,20260928,16.74,16.86,16.31,16.31,16.81,-0.5,-2.9744,136354.62,224383.833,603000,人民网,互联网
603001.SH,20260928,11.62,11.69,11.05,11.32,11.74,-0.42,-3.5775,227790.99,258201.229,603001,奥康国际,服饰
603002.SH,20260928,19.0,19.19,17.4,17.57,19.19,-1.62,-8.4419,589556.55,1066094.144,603002,宏昌电子,化工原料
603004.SH,20260928,18.9,20.14,18.37,18.89,18.9,-0.01,-0.0529,30510.13,57540.151,603004,鼎龙科技,化工原料
603005.SH,20260928,29.44,29.47,27.78,27.9,29.51,-1.61,-5.4558,269236.96,762256.944,603005,晶方科技,半导体
603006.SH,20260928,11.01,11.13,10.66,10.72,10.83,-0.11,-1.0157,29261.0,31596.157,603006,联明股份,汽车配件
603007.SH,20260928,4.55,4.58,4.39,4.45,4.55,-0.1,-2.1978,154935.33,68819.808,603007,顺景科技,建筑工程
603008.SH,20260928,10.4,11.09,10.28,10.53,10.47,0.06,0.5731,127299.0,135427.312,603008,ST喜临门,家居用品
603009.SH,20260928,46.73,47.13,45.5,45.97,47.14,-1.17,-2.482,57129.94,263480.82,603009,北特科技,汽车配件
603010.SH,20260928,12.52,12.52,11.84,12.1,12.63,-0.53,-4.1964,94891.0,115292.06,603010,万盛股份,化工原料
603011.SH,20260928,25.86,25.86,23.54,23.94,25.99,-2.05,-7.8876,378098.36,916069.688,603011,合锻智能,专用机械
603012.SH,20260928,8.7,8.76,8.3,8.51,8.7,-0.19,-2.1839,219144.18,186895.641,603012,创力集团,专用机械
603013.SH,20260928,14.24,14.35,13.89,13.96,14.24,-0.28,-1.9663,21434.0,30068.507,603013,亚普股份,汽车配件
603014.SH,20260928,31.15,31.52,30.88,31.05,31.15,-0.1,-0.321,7750.15,24106.923,603014,威高血净,医疗保健
603015.SH,20260928,10.59,10.68,10.18,10.28,10.54,-0.26,-2.4668,42014.47,43484.352,603015,弘讯科技,电气设备
603016.SH,20260928,32.0,32.7,30.93,32.39,32.52,-0.13,-0.3998,46260.0,147762.546,603016,新宏泰,电气设备
603017.SH,20260928,10.0,10.04,9.79,9.88,9.95,-0.07,-0.7035,34424.88,34070.901,603017,中衡设计,建筑工程
603018.SH,20260928,5.16,5.27,5.11,5.16,5.15,0.01,0.1942,59483.99,30671.986,603018,华设集团,建筑工程
603019.SH,20260928,82.2,82.49,80.0,80.02,82.17,-2.15,-2.6165,221597.57,1786339.315,603019,中科曙光,IT设备
603020.SH,20260928,12.71,12.79,12.19,12.35,12.88,-0.53,-4.1149,149203.98,185801.826,603020,爱普股份,食品
603021.SH,20260928,5.2,5.2,4.91,4.93,5.19,-0.26,-5.0096,55583.0,27886.527,603021,*ST华鹏,家居用品
603022.SH,20260928,9.01,9.07,8.85,8.95,8.95,0.0,0.0,29148.54,26108.041,603022,新通联,广告包装
603023.SH,20260928,4.03,4.08,3.93,3.99,4.03,-0.04,-0.9926,72963.0,29020.842,603023,威帝股份,汽车配件
603025.SH,20260928,13.3,13.31,12.67,12.83,13.27,-0.44,-3.3157,72515.3,93609.762,603025,大豪科技,纺织机械
603026.SH,20260928,57.5,57.5,54.91,55.34,57.54,-2.2,-3.8234,41584.75,231885.385,603026,石大胜华,化工原料
603027.SH,20260928,7.21,7.27,7.12,7.17,7.19,-0.02,-0.2782,74315.96,53380.977,603027,千禾味业,食品
603028.SH,20260928,7.19,7.32,7.08,7.18,7.25,-0.07,-0.9655,39214.45,28109.567,603028,赛福天,钢加工
603029.SH,20260928,16.54,16.94,16.54,16.61,16.54,0.07,0.4232,33698.98,56236.015,603029,天鹅股份,农用机械
603030.SH,20260928,2.05,2.08,2.0,2.02,2.04,-0.02,-0.9804,240102.99,48677.943,603030,全筑股份,装修装饰
603031.SH,20260928,39.54,39.98,36.36,36.77,39.54,-2.77,-7.0056,108243.04,402621.623,603031,安孚科技,电气设备
603032.SH,20260928,18.22,18.25,17.2,17.41,18.25,-0.84,-4.6027,57205.06,100107.202,603032,德新科技,专用机械
603033.SH,20260928,7.88,7.91,7.45,7.53,7.87,-0.34,-4.3202,75136.0,56859.612,603033,三维股份,橡胶
603035.SH,20260928,10.5,10.54,10.37,10.47,10.54,-0.07,-0.6641,27981.94,29236.425,603035,常熟汽饰,汽车配件
603036.SH,20260928,13.67,13.73,13.24,13.56,13.68,-0.12,-0.8772,36605.0,49320.693,603036,如通股份,专用机械
603037.SH,20260928,10.23,10.28,9.95,10.02,10.22,-0.2,-1.9569,47009.67,47330.768,603037,凯众股份,汽车配件
603038.SH,20260928,16.6,16.87,15.51,15.54,16.75,-1.21,-7.2239,68464.99,108763.614,603038,华立股份,家居用品
603039.SH,20260928,35.5,35.95,34.0,34.45,35.68,-1.23,-3.4473,111627.13,387905.721,603039,泛微网络,软件服务
603040.SH,20260928,47.29,47.29,44.55,44.83,47.2,-2.37,-5.0212,15975.09,72600.671,603040,新坐标,汽车配件
603041.SH,20260928,11.71,11.84,11.36,11.56,11.71,-0.15,-1.281,45634.01,53095.416,603041,美思德,化工原料
603042.SH,20260928,17.82,17.99,16.86,16.86,18.73,-1.87,-9.984,188678.63,323847.643,603042,华脉科技,通信设备
603043.SH,20260928,12.88,13.04,12.82,13.04,12.88,0.16,1.2422,28163.0,36428.603,603043,广州酒家,食品
603045.SH,20260928,48.54,48.55,45.03,45.65,48.57,-2.92,-6.0119,56211.28,258608.974,603045,福达合金,小金属
603048.SH,20260928,25.76,25.91,24.61,24.75,25.76,-1.01,-3.9208,26190.0,65938.483,603048,浙江黎明,汽车配件
603049.SH,20260928,44.5,44.68,43.91,44.2,44.53,-0.33,-0.7411,13459.45,59473.256,603049,中策橡胶,汽车配件
603050.SH,20260928,16.82,16.86,16.43,16.51,16.83,-0.32,-1.9014,37751.69,62661.745,603050,科林电气,电气设备
603051.SH,20260928,25.1,25.2,24.0,24.09,25.22,-1.13,-4.4806,73450.51,178196.705,603051,鹿山新材,塑料
603052.SH,20260928,58.13,58.3,52.61,52.61,58.46,-5.85,-10.0068,45399.66,245235.215,603052,可川科技,元器件
603053.SH,20260928,8.69,8.69,8.56,8.61,8.65,-0.04,-0.4624,18010.03,15519.953,603053,成都燃气,供气供热
603055.SH,20260928,9.33,9.53,9.03,9.14,9.51,-0.37,-3.8906,177556.97,164555.259,603055,台华新材,纺织
603057.SH,20260928,17.67,17.91,17.02,17.19,17.67,-0.48,-2.7165,38815.0,67173.799,603057,紫燕食品,食品
603058.SH,20260928,9.0,9.01,8.49,8.57,8.88,-0.31,-3.491,79227.55,68301.183,603058,永吉股份,广告包装
603059.SH,20260928,25.78,26.18,25.3,25.9,25.6,0.3,1.1719,14421.02,37137.718,603059,倍加洁,日用化工
603060.SH,20260928,5.45,5.8,5.4,5.66,5.45,0.21,3.8532,158475.73,89218.43,603060,国检集团,建筑工程
603061.SH,20260928,330.66,335.35,310.67,316.2,333.85,-17.65,-5.2868,25623.74,820837.055,603061,金海通,半导体
603062.SH,20260928,37.89,38.3,36.52,36.75,37.74,-0.99,-2.6232,4211.11,15710.865,603062,麦加芯彩,染料涂料
603063.SH,20260928,29.06,29.06,27.07,27.17,29.08,-1.91,-6.5681,160183.86,442713.752,603063,禾望电气,电气设备
603065.SH,20260928,16.42,16.68,15.07,15.12,16.27,-1.15,-7.0682,411162.37,647511.826,603065,宿迁联盛,化工原料
603066.SH,20260928,9.38,9.41,9.11,9.18,9.35,-0.17,-1.8182,38507.0,35455.457,603066,音飞储存,仓储物流
603067.SH,20260928,41.3,41.5,39.39,39.69,40.89,-1.2,-2.9347,369684.76,1490290.6,603067,振华股份,化工原料
603068.SH,20260928,47.37,47.99,45.25,46.05,48.51,-2.46,-5.0711,172856.0,804750.167,603068,博通集成,半导体
603069.SH,20260928,13.39,13.4,12.8,12.88,13.43,-0.55,-4.0953,29363.99,38157.345,603069,海汽集团,公共交通
603070.SH,20260928,11.41,11.47,11.17,11.27,11.42,-0.15,-1.3135,14817.0,16700.274,603070,万控智造,电气设备
603071.SH,20260928,12.33,12.43,12.26,12.4,12.33,0.07,0.5677,17605.03,21755.674,603071,物产环能,批发业
603072.SH,20260928,30.5,30.5,29.55,29.73,30.53,-0.8,-2.6204,12858.41,38366.771,603072,天和磁材,矿物制品
603073.SH,20260928,18.58,20.5,18.0,19.72,18.88,0.84,4.4492,109182.88,210070.836,603073,彩蝶实业,纺织
603075.SH,20260928,20.13,20.47,19.66,20.03,20.15,-0.12,-0.5955,26599.67,53416.986,603075,热威股份,家用电器
603076.SH,20260928,20.23,20.34,19.78,20.16,20.21,-0.05,-0.2474,16227.09,32583.359,603076,乐惠国际,专用机械
603077.SH,20260928,2.22,2.23,2.15,2.16,2.22,-0.06,-2.7027,1166191.34,253353.551,603077,和邦生物,化工原料
603078.SH,20260928,31.98,32.0,29.7,30.14,31.96,-1.82,-5.6946,140225.65,426861.793,603078,江化微,半导体
603079.SH,20260928,13.3,13.3,12.94,13.0,13.11,-0.11,-0.8391,28984.36,37803.307,603079,圣达生物,食品
603080.SH,20260928,19.85,19.94,19.5,19.62,19.8,-0.18,-0.9091,11001.0,21655.131,603080,新疆火炬,供气供热
603081.SH,20260928,9.5,9.52,9.31,9.38,9.4,-0.02,-0.2128,23336.01,21923.303,603081,大丰实业,专用机械
603082.SH,20260928,46.75,46.75,42.68,42.73,46.74,-4.01,-8.5794,65820.62,289446.041,603082,北自科技,运输设备
603083.SH,20260928,205.0,215.52,194.0,197.37,209.63,-12.26,-5.8484,187157.67,3787108.446,603083,剑桥科技,通信设备
603085.SH,20260928,9.83,9.84,9.6,9.69,9.74,-0.05,-0.5133,43417.19,42182.323,603085,天成自控,汽车配件
603086.SH,20260928,5.83,5.85,5.72,5.78,5.83,-0.05,-0.8576,61380.19,35471.625,603086,先达股份,农药化肥
603087.SH,20260928,73.44,75.0,73.43,73.96,73.44,0.52,0.7081,94895.74,705341.907,603087,甘李药业,生物制药
603088.SH,20260928,10.06,10.21,9.69,9.74,10.15,-0.41,-4.0394,84521.64,82954.422,603088,宁波精达,机床制造
603089.SH,20260928,9.63,9.68,9.41,9.49,9.62,-0.13,-1.3514,25756.87,24425.632,603089,正裕工业,汽车配件
603090.SH,20260928,37.86,38.2,36.21,36.32,37.87,-1.55,-4.0929,38621.0,143240.078,603090,宏盛股份,专用机械
603091.SH,20260928,46.69,46.87,44.99,45.12,46.43,-1.31,-2.8215,7362.94,33663.664,603091,众鑫股份,家居用品
603092.SH,20260928,45.84,48.9,45.35,48.34,45.85,2.49,5.4308,62949.85,298516.463,603092,德力佳,机械基件
603093.SH,20260928,13.41,13.83,13.24,13.4,13.4,0.0,0.0,225076.46,304683.134,603093,南华期货,多元金融
603095.SH,20260928,13.95,14.7,13.95,14.27,14.43,-0.16,-1.1088,50258.46,71740.593,603095,越剑智能,纺织机械
603096.SH,20260928,15.96,16.42,15.76,16.05,15.96,0.09,0.5639,22892.01,36710.117,603096,新经典,出版业
603097.SH,20260928,18.53,18.62,17.47,17.78,18.44,-0.66,-3.5792,18530.01,32894.22,603097,江苏华辰,电气设备
603098.SH,20260928,10.73,10.75,10.43,10.53,10.72,-0.19,-1.7724,28214.25,29755.413,603098,森特股份,装修装饰
603099.SH,20260928,41.81,42.0,40.29,40.6,41.76,-1.16,-2.7778,111168.55,452981.918,603099,长白山,旅游景点
603100.SH,20260928,18.63,18.64,18.31,18.45,18.55,-0.1,-0.5391,27561.28,50931.37,603100,川仪股份,电器仪表
603101.SH,20260928,7.24,7.35,7.2,7.3,7.26,0.04,0.551,56827.46,41349.075,603101,汇嘉时代,百货
603102.SH,20260928,37.7,37.78,36.53,36.93,37.5,-0.57,-1.52,12274.01,45364.535,603102,百合股份,医疗保健
603103.SH,20260928,16.0,16.38,15.7,15.82,16.01,-0.19,-1.1868,48566.09,77304.764,603103,横店影视,影视音像
603105.SH,20260928,8.5,9.08,8.5,8.94,8.68,0.26,2.9954,455509.5,402457.782,603105,芯能科技,电气设备
603106.SH,20260928,7.3,7.31,7.08,7.18,7.26,-0.08,-1.1019,80081.14,57340.381,603106,恒银科技,IT设备
603107.SH,20260928,12.08,12.34,12.05,12.31,12.08,0.23,1.904,35287.85,43167.048,603107,上海汽配,汽车配件
603108.SH,20260928,9.97,10.16,9.7,9.8,9.98,-0.18,-1.8036,116121.5,114212.345,603108,润达医疗,医药商业
603109.SH,20260928,17.66,17.99,17.3,17.49,17.72,-0.23,-1.298,18095.8,31636.512,603109,神驰机电,电气设备
603110.SH,20260928,25.35,25.58,23.75,23.93,25.23,-1.3,-5.1526,91458.2,222217.251,603110,东方材料,染料涂料
603111.SH,20260928,6.1,6.14,6.02,6.11,6.09,0.02,0.3284,63162.49,38568.246,603111,康尼机电,运输设备
603112.SH,20260928,17.41,17.5,16.5,16.61,17.56,-0.95,-5.41,115147.72,193489.565,603112,华翔股份,机械基件
603113.SH,20260928,4.89,4.89,4.74,4.82,4.83,-0.01,-0.207,104331.02,50049.586,603113,金能科技,化工原料
603115.SH,20260928,77.79,77.79,71.46,71.46,79.4,-7.94,-10.0,78726.0,576922.833,603115,海星股份,铝
603116.SH,20260928,7.21,7.38,6.9,7.26,7.16,0.1,1.3966,215504.11,155383.592,603116,红蜻蜓,服饰
603117.SH,20260928,3.96,4.0,3.91,3.98,3.95,0.03,0.7595,98838.0,39066.504,603117,万林物流,仓储物流
603118.SH,20260928,17.4,17.64,16.25,16.49,17.76,-1.27,-7.1509,608270.3,1014304.193,603118,共进股份,通信设备
603119.SH,20260928,56.0,56.5,53.98,53.98,56.42,-2.44,-4.3247,87516.69,481817.379,603119,浙江荣泰,汽车配件
603120.SH,20260928,59.27,63.5,57.0,58.0,59.87,-1.87,-3.1234,45154.3,272502.634,603120,肯特催化,化工原料
603121.SH,20260928,13.0,13.19,12.5,12.6,13.14,-0.54,-4.1096,92622.4,118010.509,603121,华培动力,汽车配件
603122.SH,20260928,13.89,15.88,13.89,14.61,14.93,-0.32,-2.1433,908050.3,1353153.293,603122,合富中国,医药商业
603123.SH,20260928,9.33,9.51,9.16,9.21,9.37,-0.16,-1.7076,152025.0,141252.595,603123,翠微股份,多元金融
603124.SH,20260928,131.0,131.0,118.64,118.64,131.82,-13.18,-9.9985,54528.86,670359.858,603124,江南新材,铜
603125.SH,20260928,22.0,22.0,21.1,21.1,23.44,-2.34,-9.9829,40449.25,86009.659,603125,常青科技,化工原料
603126.SH,20260928,6.33,6.34,6.16,6.22,6.33,-0.11,-1.7378,44842.07,27923.709,603126,中材节能,环境保护
603127.SH,20260928,46.39,46.98,45.02,45.44,46.39,-0.95,-2.0479,274942.87,1259882.306,603127,昭衍新药,医疗保健
603128.SH,20260928,5.36,5.57,5.3,5.31,5.3,0.01,0.1887,162604.96,87502.337,603128,华贸物流,仓储物流
603129.SH,20260928,290.06,295.93,277.6,279.1,290.75,-11.65,-4.0069,22523.23,634395.161,603129,春风动力,摩托车
603130.SH,20260928,38.68,39.09,37.5,38.33,38.68,-0.35,-0.9049,11550.81,44181.763,603130,云中马,纺织
603131.SH,20260928,13.99,14.14,13.53,13.7,13.99,-0.29,-2.0729,46278.79,63639.082,603131,上海沪工,专用机械
603132.SH,20260928,18.22,18.22,17.19,17.26,17.93,-0.67,-3.7368,62347.08,109281.156,603132,金徽股份,铅锌
603135.SH,20260928,8.76,8.81,8.47,8.56,8.76,-0.2,-2.2831,55735.02,47780.941,603135,中重科技,专用机械
603136.SH,20260928,9.08,9.18,8.99,9.11,9.07,0.04,0.441,84977.02,77155.692,603136,天目湖,旅游景点
603137.SH,20260928,19.36,19.53,18.31,18.39,19.63,-1.24,-6.3169,89965.64,168058.7,603137,恒尚节能,装修装饰
603138.SH,20260928,14.78,15.42,14.18,15.4,14.73,0.67,4.5485,263426.34,392483.15,603138,海量数据,软件服务
603139.SH,20260928,36.22,36.67,34.89,35.02,36.3,-1.28,-3.5262,19436.01,68607.077,603139,康惠股份,中成药
603150.SH,20260928,71.44,71.44,64.03,65.25,71.14,-5.89,-8.2794,31201.93,207342.504,603150,万朗磁塑,塑料
603151.SH,20260928,18.32,18.88,17.93,18.66,18.32,0.34,1.8559,52461.34,97089.197,603151,邦基科技,饲料
603153.SH,20260928,13.34,13.38,13.24,13.29,13.28,0.01,0.0753,15174.71,20194.746,603153,上海建科,建筑工程
603155.SH,20260928,15.16,15.26,14.11,14.26,15.25,-0.99,-6.4918,124018.84,180356.15,603155,新亚强,化工原料
603156.SH,20260928,43.86,44.05,42.44,42.9,43.9,-1.0,-2.2779,94064.31,405213.664,603156,养元饮品,软饮料
603158.SH,20260928,10.5,10.54,10.09,10.15,10.51,-0.36,-3.4253,108015.04,110318.849,603158,腾龙股份,汽车配件
603159.SH,20260928,22.94,22.98,21.95,22.1,23.03,-0.93,-4.0382,40089.01,89680.76,603159,上海亚虹,专用机械
603160.SH,20260928,54.1,54.64,53.35,53.72,54.4,-0.68,-1.25,30878.19,166518.742,603160,汇顶科技,半导体
603161.SH,20260928,15.03,15.11,14.68,14.74,15.03,-0.29,-1.9295,19861.08,29360.12,603161,科华控股,汽车配件
603162.SH,20260928,13.1,13.42,12.9,13.02,13.43,-0.41,-3.0529,354127.58,465629.967,603162,海通发展,水运
603163.SH,20260928,81.29,81.88,75.1,75.62,82.0,-6.38,-7.7805,27722.13,215062.378,603163,圣晖集成,建筑工程
603165.SH,20260928,13.47,13.82,13.21,13.33,13.44,-0.11,-0.8185,62395.57,83967.098,603165,荣晟环保,造纸
603166.SH,20260928,10.92,10.97,10.64,10.75,10.99,-0.24,-2.1838,50829.11,54802.001,603166,福达股份,汽车配件
603167.SH,20260928,8.03,8.08,7.95,7.97,8.06,-0.09,-1.1166,37715.58,30177.424,603167,渤海轮渡,水运
603168.SH,20260928,5.89,5.98,5.79,5.91,5.85,0.06,1.0256,69414.92,40848.26,603168,莎普爱思,化学制药
603169.SH,20260928,6.02,6.04,5.8,5.85,6.02,-0.17,-2.8239,86636.0,50938.376,603169,兰石重装,专用机械
603170.SH,20260928,12.39,13.54,12.39,13.09,12.32,0.77,6.25,131496.29,171017.573,603170,宝立食品,食品
603171.SH,20260928,40.05,40.18,38.72,39.31,40.02,-0.71,-1.7741,32846.56,129282.541,603171,税友股份,软件服务
603172.SH,20260928,19.69,19.73,19.1,19.46,19.59,-0.13,-0.6636,17381.42,33766.783,603172,万丰股份,染料涂料
603173.SH,20260928,29.45,29.45,28.63,28.7,29.48,-0.78,-2.6459,4815.0,13944.819,603173,福斯达,机械基件
603175.SH,20260928,110.41,111.41,102.96,104.38,110.39,-6.01,-5.4443,42590.67,453400.059,603175,超颖电子,元器件
603176.SH,20260928,5.29,5.29,5.1,5.17,5.29,-0.12,-2.2684,61006.0,31542.374,603176,汇通集团,建筑工程
603177.SH,20260928,11.17,11.21,10.81,10.96,11.11,-0.15,-1.3501,32594.5,35821.611,603177,德创环保,环境保护
603178.SH,20260928,15.82,16.88,15.78,16.24,15.85,0.39,2.4606,128111.16,209109.92,603178,圣龙股份,汽车配件
603179.SH,20260928,41.21,41.4,40.0,40.7,41.29,-0.59,-1.4289,152654.49,620103.382,603179,新泉股份,汽车配件
603180.SH,20260928,15.83,15.97,15.5,15.58,15.83,-0.25,-1.5793,10437.92,16310.569,603180,金牌家居,家居用品
603181.SH,20260928,12.51,12.59,12.05,12.12,12.55,-0.43,-3.4263,38480.36,47003.028,603181,皇马科技,化工原料
603182.SH,20260928,13.5,13.69,13.35,13.57,13.52,0.05,0.3698,21731.9,29340.009,603182,嘉华股份,食品
603183.SH,20260928,4.94,5.19,4.9,5.13,4.92,0.21,4.2683,250533.41,126295.406,603183,建研院,建筑工程
603185.SH,20260928,13.94,14.18,13.54,13.65,13.92,-0.27,-1.9397,63230.2,87051.198,603185,弘元绿能,电气设备
603186.SH,20260928,213.38,219.2,202.5,204.6,213.3,-8.7,-4.0788,138173.42,2892244.603,603186,华正新材,元器件
603187.SH,20260928,10.66,10.69,10.47,10.53,10.65,-0.12,-1.1268,24086.81,25432.123,603187,海容冷链,机械基件
603188.SH,20260928,4.5,4.5,4.37,4.46,4.5,-0.04,-0.8889,87896.99,38905.981,603188,亚邦股份,染料涂料
603189.SH,20260928,9.63,9.68,9.34,9.46,9.63,-0.17,-1.7653,15007.0,14246.784,603189,*ST网达,软件服务
603190.SH,20260928,16.25,16.45,16.01,16.19,16.25,-0.06,-0.3692,18568.39,30279.877,603190,亚通精工,汽车配件
603191.SH,20260928,13.25,13.3,12.88,12.99,13.24,-0.25,-1.8882,50950.78,66252.194,603191,望变电气,电气设备
603192.SH,20260928,21.1,21.2,20.05,20.18,21.08,-0.9,-4.2694,31396.24,64015.655,603192,汇得科技,化工原料
603193.SH,20260928,20.36,20.36,19.95,20.2,20.18,0.02,0.0991,15521.0,31219.423,603193,润本股份,日用化工
603194.SH,20260928,33.51,33.58,32.8,32.95,33.37,-0.42,-1.2586,8164.0,27026.357,603194,中力股份,工程机械
603195.SH,20260928,37.88,38.03,37.39,37.52,37.89,-0.37,-0.9765,23394.73,87999.212,603195,公牛集团,家用电器
603196.SH,20260928,18.84,18.85,17.8,17.82,18.49,-0.67,-3.6236,16255.79,29234.831,603196,璞源材料,服饰
603197.SH,20260928,29.45,29.6,28.93,29.06,29.36,-0.3,-1.0218,19844.92,57917.95,603197,保隆科技,汽车配件
603198.SH,20260928,37.2,37.93,36.7,37.1,37.2,-0.1,-0.2688,24342.14,90573.346,603198,迎驾贡酒,白酒
603199.SH,20260928,32.32,32.36,31.6,31.84,32.3,-0.46,-1.4241,11476.24,36584.273,603199,九华旅游,旅游景点
603200.SH,20260928,38.1,38.44,36.54,36.97,38.32,-1.35,-3.523,39536.44,146743.395,603200,上海洗霸,环境保护
603201.SH,20260928,15.71,15.73,15.17,15.22,15.62,-0.4,-2.5608,20227.44,30966.96,603201,常润股份,汽车配件
603202.SH,20260928,51.97,51.97,50.38,50.5,51.78,-1.28,-2.472,9290.92,47256.235,603202,天有为,汽车配件
603203.SH,20260928,47.08,47.09,42.73,43.11,47.1,-3.99,-8.4713,92869.82,410361.695,603203,快克智能,专用机械
603205.SH,20260928,21.64,21.68,21.18,21.25,21.57,-0.32,-1.4835,7525.76,16055.986,603205,健尔康,医疗保健
603206.SH,20260928,13.83,13.83,13.33,13.46,13.83,-0.37,-2.6753,30548.05,41276.322,603206,嘉环科技,通信设备
603207.SH,20260928,24.28,24.64,24.2,24.35,24.25,0.1,0.4124,19269.96,47006.656,603207,小方制药,化学制药
603208.SH,20260928,11.33,11.45,11.08,11.25,11.34,-0.09,-0.7937,22215.07,24921.584,603208,江山欧派,家居用品
603209.SH,20260928,14.65,14.95,14.5,14.79,14.7,0.09,0.6122,58535.55,86576.457,603209,兴通股份,水运
603210.SH,20260928,13.49,13.54,13.28,13.36,13.4,-0.04,-0.2985,22379.36,29990.692,603210,泰鸿万立,汽车配件
603211.SH,20260928,19.72,19.82,18.86,18.96,19.78,-0.82,-4.1456,52734.52,100744.164,603211,晋拓股份,汽车配件
603212.SH,20260928,11.59,12.12,11.14,11.66,11.58,0.08,0.6908,167032.0,193698.945,603212,赛伍技术,塑料
603213.SH,20260928,13.68,13.68,13.45,13.58,13.62,-0.04,-0.2937,13327.46,18020.272,603213,镇洋发展,化工原料
603214.SH,20260928,13.52,13.7,13.39,13.6,13.5,0.1,0.7407,37206.62,50417.715,603214,爱婴室,百货
603215.SH,20260928,15.68,15.91,15.3,15.64,15.53,0.11,0.7083,45511.0,70854.889,603215,比依股份,家用电器
603216.SH,20260928,23.32,23.38,21.79,21.88,23.32,-1.44,-6.175,94777.0,210830.844,603216,梦天家居,家居用品
603217.SH,20260928,28.41,28.41,26.8,26.93,28.11,-1.18,-4.1978,27021.28,73668.22,603217,元利科技,化工原料
603218.SH,20260928,9.3,9.44,9.15,9.38,9.31,0.07,0.7519,104199.87,96700.915,603218,日月股份,电气设备
603219.SH,20260928,12.76,13.02,12.71,12.91,12.75,0.16,1.2549,36748.37,47326.575,603219,富佳股份,家用电器
603220.SH,20260928,18.18,18.2,16.8,16.99,18.18,-1.19,-6.5457,196782.5,338864.5,603220,中贝通信,通信设备
603221.SH,20260928,29.8,29.95,27.72,27.72,30.8,-3.08,-10.0,46771.0,133866.757,603221,爱丽家居,家居用品
603222.SH,20260928,8.2,8.49,7.97,8.01,8.27,-0.26,-3.1439,259297.12,209852.842,603222,济民健康,医疗保健
603223.SH,20260928,9.96,9.96,9.36,9.45,9.9,-0.45,-4.5455,107415.85,102329.313,603223,恒通股份,公路
603225.SH,20260928,17.02,17.48,16.96,17.11,17.07,0.04,0.2343,121312.73,208893.779,603225,新凤鸣,化纤
603226.SH,20260928,30.36,31.13,28.86,28.88,31.0,-2.12,-6.8387,67721.37,199728.59,603226,菲林格尔,家居用品
603227.SH,20260928,7.41,7.43,7.25,7.36,7.4,-0.04,-0.5405,59247.53,43500.228,603227,雪峰科技,化工原料
603228.SH,20260928,102.99,103.49,93.5,95.0,103.55,-8.55,-8.2569,264198.23,2556696.945,603228,景旺电子,元器件
603229.SH,20260928,8.15,8.25,8.01,8.17,8.15,0.02,0.2454,94518.35,76730.408,603229,奥翔药业,化学制药
603230.SH,20260928,17.99,18.37,16.62,16.62,18.47,-1.85,-10.0162,151604.0,262244.165,603230,内蒙新华,出版业
603231.SH,20260928,17.16,17.19,16.87,17.12,17.16,-0.04,-0.2331,13649.0,23241.023,603231,索宝蛋白,食品
603232.SH,20260928,16.2,16.57,15.6,15.96,15.93,0.03,0.1883,154252.83,247338.433,603232,格尔软件,软件服务
603233.SH,20260928,17.55,17.81,17.32,17.77,17.55,0.22,1.2536,55847.07,98966.204,603233,大参林,医药商业
603235.SH,20260928,25.25,25.3,24.9,25.2,25.17,0.03,0.1192,6133.15,15409.581,603235,天新药业,化学制药
603236.SH,20260928,73.21,73.68,70.88,71.45,72.68,-1.23,-1.6924,105226.54,757573.75,603236,移远通信,通信设备
603237.SH,20260928,15.14,15.36,15.06,15.27,15.1,0.17,1.1258,19492.04,29744.527,603237,五芳斋,食品
603238.SH,20260928,12.98,13.06,12.56,12.68,12.79,-0.11,-0.86,34407.5,43824.619,603238,诺邦股份,纺织
603239.SH,20260928,14.16,14.19,13.72,13.75,14.0,-0.25,-1.7857,23075.0,31975.465,603239,浙江仙通,汽车配件
603248.SH,20260928,22.32,24.6,20.53,23.2,22.54,0.66,2.9281,272593.48,603520.495,603248,锡华科技,机械基件
603255.SH,20260928,32.7,32.7,31.0,31.24,32.57,-1.33,-4.0835,15107.0,47879.331,603255,鼎际得,化工原料
603256.SH,20260928,148.81,153.3,140.21,140.55,152.0,-11.45,-7.5329,248723.43,3609341.524,603256,宏和科技,玻璃
603257.SH,20260928,66.99,70.9,65.65,66.0,66.91,-0.91,-1.36,23557.65,159368.416,603257,中国瑞林,建筑工程
603258.SH,20260928,13.94,14.04,13.55,13.72,13.92,-0.2,-1.4368,38837.4,53238.633,603258,电魂网络,互联网
603259.SH,20260928,164.75,165.88,159.89,161.8,162.4,-0.6,-0.3695,350118.72,5675753.45,603259,药明康德,化学制药
603260.SH,20260928,31.9,31.9,30.68,30.91,31.85,-0.94,-2.9513,69279.05,215540.49,603260,合盛硅业,化工原料
603261.SH,20260928,52.78,53.2,49.5,49.5,53.0,-3.5,-6.6038,18335.0,94414.625,603261,立航科技,航空
603262.SH,20260928,17.93,18.91,17.35,17.41,17.93,-0.52,-2.9002,32513.66,57554.338,603262,技源集团,食品
603266.SH,20260928,18.06,18.8,17.82,18.38,18.06,0.32,1.7719,72820.51,133625.955,603266,天龙股份,汽车配件
603267.SH,20260928,50.18,50.2,46.51,46.99,50.54,-3.55,-7.0241,81367.47,388324.972,603267,鸿远电子,元器件
603268.SH,20260928,215.01,217.07,211.6,211.95,215.9,-3.95,-1.8296,43507.45,928812.071,603268,松发股份,船舶
603269.SH,20260928,26.0,26.1,23.6,23.71,26.03,-2.32,-8.9128,248195.77,603668.881,603269,海鸥股份,机械基件
603270.SH,20260928,35.96,35.98,32.54,32.84,35.71,-2.87,-8.037,78333.65,262065.375,603270,金帝股份,机械基件
603271.SH,20260928,38.88,38.88,37.95,38.18,38.92,-0.74,-1.9013,8895.41,33992.587,603271,永杰新材,铝
603272.SH,20260928,17.0,17.55,16.05,16.15,16.81,-0.66,-3.9262,30309.0,50174.123,603272,*ST联翔,家居用品
603273.SH,20260928,14.81,14.93,14.49,14.58,14.81,-0.23,-1.553,16728.0,24482.564,603273,天元智能,专用机械
603275.SH,20260928,37.23,37.45,36.5,36.85,37.26,-0.41,-1.1004,6770.93,24932.542,603275,众辰科技,电器仪表
603276.SH,20260928,17.94,17.94,17.23,17.38,17.91,-0.53,-2.9592,32217.9,56348.659,603276,恒兴新材,化工原料
603277.SH,20260928,11.2,11.34,11.1,11.24,11.24,0.0,0.0,10421.69,11698.018,603277,银都股份,专用机械
603278.SH,20260928,10.19,10.78,9.77,10.78,9.8,0.98,10.0,645723.46,664094.603,603278,大业股份,钢加工
603279.SH,20260928,11.0,11.05,10.72,10.79,10.99,-0.2,-1.8198,55415.8,60090.346,603279,景津装备,环境保护
603280.SH,20260928,28.0,28.26,27.24,27.41,28.31,-0.9,-3.1791,35215.09,97244.682,603280,南方路机,工程机械
603281.SH,20260928,19.0,19.15,18.05,18.09,18.96,-0.87,-4.5886,33051.62,60561.298,603281,江瀚新材,化工原料
603282.SH,20260928,17.24,17.39,16.82,17.13,17.42,-0.29,-1.6648,16107.99,27565.137,603282,亚光股份,专用机械
603283.SH,20260928,45.67,45.8,42.43,42.91,46.02,-3.11,-6.7579,127816.63,557292.347,603283,赛腾股份,专用机械
603284.SH,20260928,41.0,41.26,40.31,40.73,41.03,-0.3,-0.7312,7157.21,29149.999,603284,林平发展,造纸
603285.SH,20260928,36.8,38.21,35.27,35.76,36.81,-1.05,-2.8525,31448.55,113867.643,603285,键邦股份,化工原料
603286.SH,20260928,45.77,45.77,43.71,43.9,46.06,-2.16,-4.6895,36517.16,161756.087,603286,日盈电子,汽车配件
603288.SH,20260928,33.8,33.96,32.93,32.93,33.93,-1.0,-2.9472,164460.19,547895.062,603288,海天味业,食品
603289.SH,20260928,11.41,11.5,10.91,11.17,10.87,0.3,2.7599,111672.76,124561.524,603289,泰瑞机器,专用机械
603290.SH,20260928,85.93,86.01,82.04,82.81,85.95,-3.14,-3.6533,37833.71,315767.384,603290,斯达半导,半导体
603291.SH,20260928,8.72,8.78,8.42,8.61,8.72,-0.11,-1.2615,38928.39,33401.067,603291,联合水务,水务
603293.SH,20260928,36.71,36.71,35.33,35.52,36.73,-1.21,-3.2943,10593.77,37911.182,603293,埃泰克,汽车配件
603296.SH,20260928,78.49,78.69,74.25,74.84,79.11,-4.27,-5.3975,141360.13,1069899.91,603296,华勤技术,元器件
603297.SH,20260928,113.35,113.35,107.29,108.25,113.32,-5.07,-4.4741,10134.0,110722.316,603297,永新光学,元器件
603298.SH,20260928,22.72,22.73,21.66,21.76,22.72,-0.96,-4.2254,87354.6,192429.225,603298,杭叉集团,工程机械
603299.SH,20260928,8.64,8.66,8.53,8.6,8.64,-0.04,-0.463,33292.0,28598.125,603299,苏盐井神,食品
603300.SH,20260928,4.52,4.56,4.44,4.49,4.55,-0.06,-1.3187,222197.63,99645.426,603300,海南华铁,多元金融
603301.SH,20260928,77.7,78.48,73.76,74.81,78.48,-3.67,-4.6764,12543.0,94819.106,603301,振德医疗,医疗保健
603303.SH,20260928,29.59,29.69,27.75,27.96,29.33,-1.37,-4.671,29593.05,83858.219,603303,得邦照明,家用电器
603305.SH,20260928,11.12,11.36,11.01,11.1,11.17,-0.07,-0.6267,119803.25,133333.371,603305,旭升集团,汽车配件
603306.SH,20260928,79.89,79.91,72.03,73.95,79.92,-5.97,-7.47,126542.3,940432.005,603306,华懋科技,汽车配件
603307.SH,20260928,26.19,26.44,25.68,26.13,26.2,-0.07,-0.2672,15048.02,39254.814,603307,扬州金泉,文教休闲
603308.SH,20260928,39.11,39.16,36.21,36.56,38.95,-2.39,-6.1361,233648.17,866309.624,603308,应流股份,机械基件
603309.SH,20260928,11.09,11.18,10.98,11.12,11.07,0.05,0.4517,21998.2,24388.98,603309,维力医疗,医疗保健
603310.SH,20260928,14.75,14.85,14.26,14.41,14.74,-0.33,-2.2388,19276.0,27851.48,603310,巍华新材,化工原料
603311.SH,20260928,25.89,26.29,25.21,25.71,25.89,-0.18,-0.6952,60469.0,154531.655,603311,金海高科,家用电器
603312.SH,20260928,32.08,33.66,31.69,32.96,31.79,1.17,3.6804,21114.76,69219.421,603312,西典新能,电气设备
603313.SH,20260928,6.42,6.45,6.16,6.25,6.43,-0.18,-2.7994,142325.49,88965.344,603313,梦百合,家居用品
603315.SH,20260928,10.8,10.83,10.49,10.66,10.82,-0.16,-1.4787,41496.0,44134.905,603315,福鞍股份,环境保护
603316.SH,20260928,16.86,17.16,15.8,15.9,17.09,-1.19,-6.9631,272620.0,443961.969,603316,诚邦股份,建筑工程
603317.SH,20260928,12.65,12.73,12.54,12.59,12.66,-0.07,-0.5529,55058.23,69526.869,603317,天味食品,食品
603318.SH,20260928,8.86,8.86,8.38,8.62,8.86,-0.24,-2.7088,293637.62,251054.064,603318,水发燃气,供气供热
603319.SH,20260928,30.83,30.83,28.25,28.79,30.85,-2.06,-6.6775,180822.43,527048.36,603319,美湖股份,汽车配件
603320.SH,20260928,18.17,18.2,17.56,17.8,18.12,-0.32,-1.766,16424.0,29243.287,603320,迪贝电气,电气设备
603321.SH,20260928,7.23,7.39,7.2,7.27,7.23,0.04,0.5533,69843.01,50796.413,603321,梅轮电梯,运输设备
603322.SH,20260928,28.67,28.96,26.26,26.45,29.12,-2.67,-9.169,111049.38,300173.53,603322,超讯科技,通信设备
603323.SH,20260928,4.41,4.47,4.39,4.43,4.41,0.02,0.4535,299938.04,132907.419,603323,苏农银行,银行
603324.SH,20260928,26.64,26.65,24.72,25.25,26.51,-1.26,-4.7529,25401.4,64081.308,603324,盛剑科技,环境保护
603325.SH,20260928,53.12,53.35,51.63,52.15,52.88,-0.73,-1.3805,2207.0,11520.625,603325,博隆技术,化工机械
603326.SH,20260928,7.57,7.68,7.49,7.59,7.56,0.03,0.3968,33161.72,25097.515,603326,我乐家居,家居用品
603327.SH,20260928,8.24,8.27,7.98,8.03,8.27,-0.24,-2.9021,114984.18,92632.864,603327,福蓉科技,元器件
603328.SH,20260928,13.69,14.18,12.93,13.13,14.26,-1.13,-7.9243,594603.87,799456.2,603328,依顿电子,元器件
603329.SH,20260928,10.2,10.36,10.16,10.24,10.2,0.04,0.3922,33578.58,34395.623,603329,上海雅仕,仓储物流
603330.SH,20260928,9.8,9.91,9.35,9.41,9.81,-0.4,-4.0775,241289.39,229365.785,603330,天洋新材,塑料
603331.SH,20260928,12.46,12.62,12.21,12.3,12.46,-0.16,-1.2841,32380.0,39898.294,603331,百达精工,专用机械
603332.SH,20260928,12.05,12.07,11.9,11.95,12.03,-0.08,-0.665,30631.97,36664.107,603332,苏州龙杰,化纤
603333.SH,20260928,9.3,9.3,8.85,8.88,9.32,-0.44,-4.721,114096.01,102733.961,603333,福华尚纬,电气设备
603334.SH,20260928,32.14,32.36,31.52,31.89,32.08,-0.19,-0.5923,8882.76,28331.082,603334,丰倍生物,化工原料
603335.SH,20260928,6.13,6.17,5.95,6.04,6.13,-0.09,-1.4682,79973.0,48231.027,603335,迪生力,汽车配件
603336.SH,20260928,10.28,10.44,9.95,9.98,10.3,-0.32,-3.1068,132743.5,133960.946,603336,宏辉果蔬,农业综合
603337.SH,20260928,36.98,37.04,35.3,35.8,37.04,-1.24,-3.3477,39745.3,142280.219,603337,杰克科技,纺织机械
603338.SH,20260928,52.76,52.88,51.78,52.14,52.78,-0.64,-1.2126,21553.66,112738.948,603338,浙江鼎力,工程机械
603339.SH,20260928,12.32,12.45,12.11,12.17,12.3,-0.13,-1.0569,64822.55,79259.805,603339,四方科技,专用机械
603341.SH,20260928,37.17,37.3,35.61,35.72,37.33,-1.61,-4.3129,91382.0,330230.974,603341,龙旗科技,通信设备
603344.SH,20260928,22.32,22.72,22.01,22.16,22.36,-0.2,-0.8945,20684.82,46032.141,603344,星德胜,电气设备
603345.SH,20260928,76.8,78.35,76.68,77.24,76.93,0.31,0.403,38655.44,299512.891,603345,安井食品,食品
603348.SH,20260928,14.54,14.8,14.37,14.55,14.48,0.07,0.4834,34197.86,49967.523,603348,文灿股份,汽车配件
603350.SH,20260928,28.37,28.66,28.11,28.42,28.31,0.11,0.3886,6211.0,17630.86,603350,安乃达,电气设备
603351.SH,20260928,26.85,27.43,26.76,27.0,27.16,-0.16,-0.5891,13501.0,36466.509,603351,威尔药业,化学制药
603352.SH,20260928,25.58,25.62,24.86,25.1,25.62,-0.52,-2.0297,7742.18,19474.926,603352,至信股份,汽车配件
603353.SH,20260928,43.76,44.0,41.19,41.63,44.17,-2.54,-5.7505,85263.1,359189.847,603353,和顺石油,石油贸易
603355.SH,20260928,30.93,31.48,29.78,30.27,31.1,-0.83,-2.6688,30339.72,91954.724,603355,莱克电气,家用电器
603356.SH,20260928,16.9,17.25,16.42,16.56,17.11,-0.55,-3.2145,44807.99,74758.935,603356,华菱精工,运输设备
603357.SH,20260928,5.98,6.01,5.89,5.92,5.95,-0.03,-0.5042,22875.2,13562.345,603357,设计总院,建筑工程
603358.SH,20260928,44.51,44.96,42.0,43.04,44.73,-1.69,-3.7782,66280.08,285705.649,603358,华达科技,汽车配件
603359.SH,20260928,2.17,2.17,2.07,2.1,2.15,-0.05,-2.3256,44369.96,9364.769,603359,*ST东珠,建筑工程
603360.SH,20260928,12.43,12.49,11.8,12.03,12.55,-0.52,-4.1434,88056.44,106108.662,603360,百傲化学,农药化肥
603363.SH,20260928,2.8,2.81,2.75,2.79,2.8,-0.01,-0.3571,225940.0,62872.816,603363,傲农生物,饲料
603365.SH,20260928,16.14,16.19,15.93,15.99,16.08,-0.09,-0.5597,7642.0,12232.929,603365,水星家纺,纺织
603366.SH,20260928,7.3,7.44,7.26,7.29,7.3,-0.01,-0.137,181451.85,133095.786,603366,日出东方,家用电器
603367.SH,20260928,14.33,14.41,14.14,14.24,14.28,-0.04,-0.2801,43945.37,62675.148,603367,辰欣药业,化学制药
603368.SH,20260928,15.2,15.24,15.11,15.12,15.17,-0.05,-0.3296,19609.71,29736.375,603368,柳药集团,医药商业
603369.SH,20260928,26.9,27.14,26.48,26.64,26.92,-0.28,-1.0401,57479.19,153700.86,603369,今世缘,白酒
603370.SH,20260928,28.0,28.24,27.05,27.35,27.97,-0.62,-2.2167,17490.82,48095.261,603370,华新精科,电气设备
603373.SH,20260928,50.3,55.8,48.68,52.7,50.8,1.9,3.7402,64039.67,334257.401,603373,安邦护卫,仓储物流
603375.SH,20260928,48.75,49.5,46.11,48.59,49.25,-0.66,-1.3401,64270.52,307332.522,603375,盛景微,半导体
603376.SH,20260928,27.01,27.06,26.4,26.44,27.01,-0.57,-2.1103,12611.19,33563.175,603376,大明电子,汽车配件
603377.SH,20260928,3.2,3.2,3.06,3.06,3.19,-0.13,-4.0752,25083.13,7798.205,603377,ST东时,汽车服务
603378.SH,20260928,4.76,4.76,4.54,4.62,4.71,-0.09,-1.9108,107548.34,49725.974,603378,*ST亚士,染料涂料
603379.SH,20260928,50.03,50.3,49.25,49.7,50.03,-0.33,-0.6596,50614.66,251614.312,603379,三美股份,化工原料
603380.SH,20260928,34.13,34.49,31.72,32.25,34.23,-1.98,-5.7844,32789.0,106555.754,603380,易德龙,元器件
603381.SH,20260928,14.9,14.98,14.53,14.62,14.84,-0.22,-1.4825,27185.69,39968.539,603381,永臻股份,电气设备
603382.SH,20260928,19.14,19.61,18.91,19.05,19.16,-0.11,-0.5741,27324.24,52439.616,603382,海阳科技,化纤
603383.SH,20260928,26.97,26.97,26.32,26.61,26.83,-0.22,-0.82,13960.95,37093.378,603383,顶点软件,软件服务
603385.SH,20260928,5.71,5.74,5.59,5.63,5.69,-0.06,-1.0545,49719.2,28106.179,603385,惠达卫浴,家居用品
603386.SH,20260928,18.4,18.76,17.06,17.38,18.47,-1.09,-5.9015,149033.87,260816.138,603386,骏亚科技,元器件
603387.SH,20260928,9.87,10.11,9.84,9.91,9.82,0.09,0.9165,96173.54,95443.548,603387,基蛋生物,医疗保健
603389.SH,20260928,43.86,44.4,42.15,42.63,43.82,-1.19,-2.7157,20406.0,87518.549,603389,亚振家居,家居用品
603390.SH,20260928,10.51,11.26,10.43,10.72,10.48,0.24,2.2901,121686.0,131243.785,603390,通达电气,汽车配件
603391.SH,20260928,67.92,69.35,66.5,68.94,68.3,0.64,0.937,28791.02,196420.734,603391,力聚热能,专用机械
603392.SH,20260928,26.36,26.72,26.04,26.69,26.38,0.31,1.1751,52700.82,139396.177,603392,万泰生物,生物制药
603393.SH,20260928,24.88,25.05,24.36,24.89,24.77,0.12,0.4845,41090.27,101377.39,603393,新天然气,石油开采
603395.SH,20260928,26.09,26.31,24.8,25.1,26.01,-0.91,-3.4987,60775.87,153159.605,603395,红四方,农药化肥
603396.SH,20260928,39.2,39.2,36.4,39.2,35.64,3.56,9.9888,235109.46,910810.358,603396,金辰股份,专用机械
603398.SH,20260928,8.66,8.66,8.22,8.24,8.75,-0.51,-5.8286,43096.97,36115.872,603398,*ST沐邦,电气设备
603399.SH,20260928,13.0,13.09,12.6,12.68,13.22,-0.54,-4.0847,203268.07,259814.954,603399,永杉锂业,小金属
603402.SH,20260928,60.94,61.34,59.19,59.5,60.65,-1.15,-1.8961,13191.73,78783.372,603402,陕西旅游,旅游景点
603406.SH,20260928,27.9,28.14,27.62,27.69,27.91,-0.22,-0.7882,12356.76,34385.1,603406,天富龙,化纤
603407.SH,20260928,61.2,61.2,58.78,59.86,61.5,-1.64,-2.6667,45696.0,273041.129,603407,长裕集团,化工原料
603408.SH,20260928,11.69,11.74,11.55,11.6,11.69,-0.09,-0.7699,13197.0,15359.617,603408,建霖家居,家居用品
603409.SH,20260928,18.1,18.1,17.45,17.57,17.99,-0.42,-2.3346,12844.67,22647.932,603409,汇通控股,汽车配件
603416.SH,20260928,46.15,46.49,45.15,45.5,46.37,-0.87,-1.8762,13465.3,61540.091,603416,信捷电气,电器仪表
603418.SH,20260928,46.06,49.62,45.6,48.75,45.11,3.64,8.0692,76319.88,373160.339,603418,友升股份,汽车配件
603421.SH,20260928,6.44,6.46,6.09,6.18,6.38,-0.2,-3.1348,194432.53,120612.138,603421,鼎信通讯,通信设备
603429.SH,20260928,8.7,9.19,8.7,8.88,8.7,0.18,2.069,27745.12,24824.342,603429,*ST集友,广告包装
603435.SH,20260928,48.3,48.3,44.28,44.42,48.39,-3.97,-8.2042,29382.54,132930.054,603435,嘉德利,元器件
603439.SH,20260928,13.47,13.77,13.12,13.44,13.48,-0.04,-0.2967,142879.81,192973.944,603439,三力制药,中成药
603444.SH,20260928,343.04,343.04,333.0,336.03,342.0,-5.97,-1.7456,10107.43,340872.004,603444,吉比特,互联网
603448.SH,20260928,62.0,63.0,58.7,62.17,62.17,0.0,0.0,49608.36,300304.15,603448,天博智能,汽车配件
603456.SH,20260928,16.33,16.53,16.14,16.42,16.24,0.18,1.1084,198729.29,325212.546,603456,九洲药业,医疗保健
603458.SH,20260928,10.82,10.94,10.36,10.52,10.81,-0.29,-2.6827,69255.32,72732.683,603458,勘设股份,建筑工程
603459.SH,20260928,85.0,86.18,83.66,84.07,85.16,-1.09,-1.2799,54424.44,462272.669,603459,红板科技,元器件
603466.SH,20260928,12.28,12.29,11.47,11.52,12.11,-0.59,-4.872,419400.47,489927.505,603466,风语筑,文教休闲
603468.SH,20260928,22.49,22.61,21.8,22.15,22.49,-0.34,-1.5118,20125.38,44389.436,603468,津富士达,摩托车
603477.SH,20260928,13.84,14.07,13.56,13.94,13.89,0.05,0.36,122180.51,168708.792,603477,巨星农牧,农业综合
603486.SH,20260928,50.5,51.0,49.71,50.4,50.33,0.07,0.1391,29704.23,149145.73,603486,科沃斯,家用电器
603488.SH,20260928,7.91,7.99,7.52,7.68,7.91,-0.23,-2.9077,58371.0,44715.314,603488,展鹏科技,运输设备
603489.SH,20260928,29.49,29.65,29.06,29.35,29.63,-0.28,-0.945,19785.17,58065.548,603489,八方股份,电气设备
603496.SH,20260928,22.48,22.5,21.83,21.98,22.58,-0.6,-2.6572,47093.23,103881.766,603496,恒为科技,IT设备
603499.SH,20260928,13.18,13.23,12.57,12.78,13.18,-0.4,-3.0349,36434.52,46719.548,603499,翔港科技,广告包装
603500.SH,20260928,10.39,10.39,9.8,9.99,10.42,-0.43,-4.1267,283932.0,284003.994,603500,祥和实业,运输设备
603501.SH,20260928,81.18,82.2,80.64,80.75,81.4,-0.65,-0.7985,116035.46,944394.411,603501,豪威集团,半导体
603505.SH,20260928,14.86,14.9,14.24,14.36,14.91,-0.55,-3.6888,76524.6,110676.999,603505,金石资源,化工原料
603506.SH,20260928,12.08,12.39,12.04,12.21,12.08,0.13,1.0762,38845.0,47373.964,603506,南都物业,房产服务
603507.SH,20260928,26.63,28.23,26.58,27.12,26.75,0.37,1.3832,175579.9,481268.906,603507,振江股份,电气设备
603508.SH,20260928,20.67,20.75,20.35,20.48,20.7,-0.22,-1.0628,21740.22,44522.652,603508,思维列控,IT设备
603511.SH,20260928,12.88,12.93,12.62,12.83,12.77,0.06,0.4699,22648.4,29034.161,603511,爱慕股份,服饰
603515.SH,20260928,14.64,14.71,14.41,14.44,14.6,-0.16,-1.0959,10795.65,15658.859,603515,欧普照明,家用电器
603516.SH,20260928,82.34,82.47,77.0,78.6,82.68,-4.08,-4.9347,51506.22,405613.997,603516,淳中科技,IT设备
603517.SH,20260928,11.43,11.43,10.93,11.02,11.43,-0.41,-3.5871,56599.0,62741.373,603517,ST绝味,食品
603518.SH,20260928,7.75,7.87,7.68,7.85,7.72,0.13,1.6839,79980.56,62375.126,603518,锦泓集团,服饰
603519.SH,20260928,17.5,17.55,16.65,16.9,17.58,-0.68,-3.868,105966.06,179880.375,603519,立霸股份,家用电器
603520.SH,20260928,8.47,8.56,8.39,8.42,8.47,-0.05,-0.5903,53896.97,45549.569,603520,司太立,化学制药
603527.SH,20260928,9.66,9.66,9.3,9.45,9.65,-0.2,-2.0725,49817.64,47030.554,603527,众源新材,铜
603528.SH,20260928,6.51,6.54,6.37,6.43,6.5,-0.07,-1.0769,78833.86,50762.951,603528,多伦科技,软件服务
603529.SH,20260928,20.89,21.2,20.55,21.12,20.88,0.24,1.1494,36835.49,76987.998,603529,爱玛科技,摩托车
603530.SH,20260928,44.79,44.79,42.23,42.6,44.81,-2.21,-4.9319,19199.3,82780.828,603530,神马电力,电气设备
603533.SH,20260928,22.16,22.26,21.49,21.5,22.37,-0.87,-3.8891,164236.7,357222.504,603533,掌阅科技,互联网
603535.SH,20260928,6.24,6.27,6.08,6.11,6.21,-0.1,-1.6103,26553.33,16280.385,603535,嘉诚国际,仓储物流
603536.SH,20260928,10.01,10.13,9.87,10.08,9.91,0.17,1.7154,54525.44,54502.898,603536,惠发食品,食品
603538.SH,20260928,26.76,27.35,25.95,26.13,26.76,-0.63,-2.3543,234116.35,617579.101,603538,美诺华,化学制药
603551.SH,20260928,9.38,9.44,9.22,9.25,9.33,-0.08,-0.8574,18564.01,17250.231,603551,奥普科技,家居用品
603556.SH,20260928,22.69,22.85,22.31,22.44,22.68,-0.24,-1.0582,22593.78,50793.415,603556,海兴电力,电器仪表
603557.SH,20260928,3.11,3.16,2.91,2.99,3.14,-0.15,-4.7771,121269.0,36360.884,603557,*ST起步,服饰
603558.SH,20260928,13.31,13.45,12.95,12.99,13.31,-0.32,-2.4042,72808.0,95899.009,603558,健盛集团,纺织
603559.SH,20260928,9.03,9.05,8.72,8.88,9.09,-0.21,-2.3102,86837.0,76959.321,603559,中通国脉,通信设备
603565.SH,20260928,11.69,11.8,11.39,11.48,11.69,-0.21,-1.7964,120990.76,139183.545,603565,中谷物流,水运
603566.SH,20260928,10.2,10.28,10.1,10.14,10.19,-0.05,-0.4907,19476.97,19790.935,603566,普莱柯,农业综合
603567.SH,20260928,5.17,5.23,5.07,5.16,5.17,-0.01,-0.1934,167105.24,85630.953,603567,珍宝岛,中成药
603568.SH,20260928,13.36,13.45,13.2,13.36,13.36,0.0,0.0,52764.19,70188.185,603568,伟明环保,环境保护
603569.SH,20260928,5.82,5.83,5.72,5.76,5.81,-0.05,-0.8606,26241.01,15123.513,603569,长久物流,公路
603577.SH,20260928,9.77,9.77,9.52,9.7,9.7,0.0,0.0,25739.1,24842.869,603577,汇金通,电气设备
603578.SH,20260928,13.84,14.0,13.37,13.8,13.83,-0.03,-0.2169,35265.0,48184.28,603578,三星新材,家用电器
603579.SH,20260928,18.43,18.54,17.89,18.0,18.33,-0.33,-1.8003,44424.0,80560.971,603579,荣泰健康,家用电器
603580.SH,20260928,77.5,83.89,73.07,79.25,78.74,0.51,0.6477,122185.76,954716.096,603580,艾艾精工,塑料
603583.SH,20260928,28.01,28.3,27.74,28.07,28.08,-0.01,-0.0356,41140.15,115183.067,603583,捷昌驱动,电气设备
603585.SH,20260928,10.42,10.54,10.28,10.37,10.36,0.01,0.0965,30655.84,31823.008,603585,苏利股份,农药化肥
603586.SH,20260928,13.71,14.11,13.65,13.95,13.65,0.3,2.1978,40048.09,55647.217,603586,金麒麟,汽车配件
603587.SH,20260928,12.36,12.57,12.28,12.35,12.29,0.06,0.4882,47450.01,58992.741,603587,地素时尚,服饰
603588.SH,20260928,17.09,17.19,15.95,16.47,17.22,-0.75,-4.3554,651241.99,1069281.386,603588,高能环境,环境保护
603589.SH,20260928,17.57,17.74,17.3,17.42,17.58,-0.16,-0.9101,43136.73,75303.333,603589,口子窖,白酒
603590.SH,20260928,29.38,29.85,29.03,29.16,29.38,-0.22,-0.7488,14020.49,41076.838,603590,康辰药业,生物制药
603595.SH,20260928,32.85,32.85,30.51,30.6,32.55,-1.95,-5.9908,20367.0,63300.258,603595,ST东尼,元器件
603596.SH,20260928,28.48,28.7,27.67,28.0,28.55,-0.55,-1.9264,127025.04,356937.672,603596,伯特利,汽车配件
603598.SH,20260928,18.47,18.48,17.31,17.39,18.26,-0.87,-4.7645,192295.0,338334.222,603598,引力传媒,互联网
603599.SH,20260928,10.35,10.4,10.12,10.21,10.35,-0.14,-1.3527,60000.96,61394.885,603599,广信股份,农药化肥
603600.SH,20260928,10.35,10.48,10.22,10.25,10.32,-0.07,-0.6783,43156.16,44513.435,603600,永艺股份,家居用品
603601.SH,20260928,10.44,10.74,10.0,10.16,10.59,-0.43,-4.0604,1381324.27,1422145.126,603601,再升科技,玻璃
603602.SH,20260928,11.69,11.7,11.34,11.55,11.63,-0.08,-0.6879,24448.6,28154.568,603602,纵横通信,通信设备
603605.SH,20260928,56.44,57.0,54.58,54.68,56.45,-1.77,-3.1355,53245.49,295305.433,603605,珀莱雅,日用化工
603606.SH,20260928,35.59,36.05,35.01,35.41,35.56,-0.15,-0.4218,99866.45,353007.957,603606,东方电缆,电气设备
603607.SH,20260928,23.33,23.45,22.85,22.87,23.28,-0.41,-1.7612,40110.83,92671.334,603607,京华激光,造纸
603608.SH,20260928,20.34,20.67,19.17,19.27,20.34,-1.07,-5.2606,134349.43,265607.042,603608,天创时尚,服饰
603609.SH,20260928,6.21,6.27,6.17,6.22,6.22,0.0,0.0,40994.99,25472.178,603609,禾丰股份,饲料
603610.SH,20260928,13.71,13.81,12.65,13.08,13.71,-0.63,-4.5952,83621.75,108790.406,603610,麒盛科技,家居用品
603611.SH,20260928,15.74,15.74,15.3,15.41,15.67,-0.26,-1.6592,20044.27,30999.865,603611,诺力股份,专用机械
603612.SH,20260928,16.11,16.12,15.36,15.61,16.09,-0.48,-2.9832,104731.08,163449.867,603612,索通发展,矿物制品
603613.SH,20260928,19.54,19.7,19.0,19.15,19.66,-0.51,-2.5941,113305.23,217763.067,603613,国联股份,互联网
603615.SH,20260928,18.92,19.02,18.3,18.47,18.82,-0.35,-1.8597,35317.13,65661.39,603615,茶花股份,家居用品
603616.SH,20260928,5.6,5.63,5.48,5.57,5.6,-0.03,-0.5357,64290.74,35650.553,603616,韩建河山,水泥
603617.SH,20260928,6.79,6.89,6.67,6.77,6.79,-0.02,-0.2946,64136.74,43356.25,603617,君禾股份,机械基件
603618.SH,20260928,36.21,36.22,33.01,33.29,36.35,-3.06,-8.4182,528913.26,1788442.474,603618,杭电股份,电气设备
603619.SH,20260928,21.3,21.34,20.77,21.11,21.35,-0.24,-1.1241,124280.94,261578.274,603619,中曼石油,石油开采
603626.SH,20260928,22.56,23.82,22.35,22.5,22.51,-0.01,-0.0444,547371.98,1256937.494,603626,科森科技,元器件
603628.SH,20260928,10.31,10.5,10.25,10.46,10.33,0.13,1.2585,60514.57,62987.142,603628,清源股份,电气设备
603629.SH,20260928,105.0,105.2,98.75,98.77,105.89,-7.12,-6.724,166828.47,1681620.417,603629,利通电子,元器件
603630.SH,20260928,14.18,14.39,13.94,14.15,14.16,-0.01,-0.0706,44085.35,62256.088,603630,拉芳家化,日用化工
603633.SH,20260928,6.28,6.44,6.08,6.16,6.3,-0.14,-2.2222,96452.43,59638.903,603633,徕木股份,汽车配件
603636.SH,20260928,7.52,7.67,7.15,7.15,7.94,-0.79,-9.9496,536476.69,388165.287,603636,南威软件,软件服务
603637.SH,20260928,14.04,14.1,13.5,13.54,14.08,-0.54,-3.8352,62054.0,84970.569,603637,镇海股份,建筑工程
603638.SH,20260928,19.34,19.53,18.97,19.2,19.34,-0.14,-0.7239,114546.02,220014.81,603638,艾迪精密,专用机械
603639.SH,20260928,10.41,10.46,10.15,10.38,10.41,-0.03,-0.2882,10381.0,10736.973,603639,海利尔,农药化肥
603648.SH,20260928,9.75,9.79,9.52,9.6,9.7,-0.1,-1.0309,24318.72,23395.305,603648,畅联股份,仓储物流
603650.SH,20260928,68.07,68.97,65.13,65.5,68.68,-3.18,-4.6302,134838.42,897128.602,603650,彤程新材,化工原料
603655.SH,20260928,32.75,33.02,31.45,31.71,32.66,-0.95,-2.9088,12173.0,38699.083,603655,朗博科技,汽车配件
603656.SH,20260928,17.6,17.6,17.22,17.35,17.56,-0.21,-1.1959,14664.0,25495.347,603656,泰禾智能,专用机械
603657.SH,20260928,36.0,38.87,35.1,36.22,35.7,0.52,1.4566,58822.69,216505.901,603657,春光科技,家用电器
603658.SH,20260928,34.16,34.57,33.8,34.13,33.65,0.48,1.4264,37978.2,129680.669,603658,安图生物,医疗保健
603659.SH,20260928,21.48,21.5,20.73,20.8,21.5,-0.7,-3.2558,185918.28,390472.646,603659,璞泰来,化工原料
603660.SH,20260928,9.64,9.7,9.13,9.27,9.64,-0.37,-3.8382,142491.69,132974.76,603660,苏州科达,IT设备
603661.SH,20260928,34.38,35.38,33.16,33.37,34.69,-1.32,-3.8051,30329.01,102066.514,603661,恒林股份,家居用品
603662.SH,20260928,49.2,49.65,47.72,48.19,49.31,-1.12,-2.2713,33657.51,163131.774,603662,柯力传感,电器仪表
603663.SH,20260928,47.58,47.95,43.38,43.38,48.2,-4.82,-10.0,278609.2,1244295.892,603663,三祥新材,小金属
603665.SH,20260928,22.52,24.0,22.5,22.83,22.37,0.46,2.0563,57576.15,132269.535,603665,康隆达,服饰
603666.SH,20260928,27.3,27.34,25.94,26.24,27.12,-0.88,-3.2448,28857.4,76151.49,603666,亿嘉和,专用机械
603667.SH,20260928,50.85,51.29,48.8,49.42,50.65,-1.23,-2.4284,146494.93,726811.877,603667,五洲新春,机械基件
603668.SH,20260928,12.18,12.29,11.95,12.02,12.18,-0.16,-1.3136,52388.82,63178.029,603668,天马科技,饲料
603669.SH,20260928,5.9,5.97,5.72,5.9,5.9,0.0,0.0,238342.0,139810.151,603669,灵康药业,化学制药
603676.SH,20260928,8.86,8.92,8.8,8.88,8.85,0.03,0.339,14643.01,12971.87,603676,卫信康,化学制药
603677.SH,20260928,14.61,14.76,14.32,14.55,14.44,0.11,0.7618,19051.01,27764.884,603677,奇精机械,家用电器
603678.SH,20260928,47.9,47.91,43.25,43.45,48.05,-4.6,-9.5734,244168.07,1080659.237,603678,火炬电子,元器件
603679.SH,20260928,22.55,24.0,22.5,22.55,22.61,-0.06,-0.2654,97164.27,221753.157,603679,华体科技,电气设备
603680.SH,20260928,9.94,10.05,9.7,9.9,9.99,-0.09,-0.9009,60029.58,59114.702,603680,今创集团,运输设备
603681.SH,20260928,19.81,19.81,18.52,18.67,19.86,-1.19,-5.9919,102064.25,193334.786,603681,永冠新材,化工原料
603682.SH,20260928,9.71,9.76,9.28,9.31,9.65,-0.34,-3.5233,124891.0,118077.457,603682,锦和商管,房产服务
603683.SH,20260928,16.07,16.14,15.17,15.27,16.19,-0.92,-5.6825,137000.0,212263.238,603683,晶华新材,化工原料
603685.SH,20260928,25.7,25.85,24.84,25.3,25.79,-0.49,-1.9,15785.84,39973.152,603685,晨丰科技,电气设备
603686.SH,20260928,14.37,14.79,14.2,14.35,14.82,-0.47,-3.1714,334940.84,483522.1,603686,福龙马,环境保护
603687.SH,20260928,14.96,15.02,14.0,14.13,14.97,-0.84,-5.6112,132885.34,191154.516,603687,大胜达,广告包装
603688.SH,20260928,47.84,47.87,44.04,44.35,48.19,-3.84,-7.9685,139625.75,632403.633,603688,石英股份,矿物制品
603689.SH,20260928,7.59,7.6,7.54,7.57,7.58,-0.01,-0.1319,21265.73,16084.605,603689,皖天然气,供气供热
603690.SH,20260928,24.11,24.24,22.77,23.05,24.3,-1.25,-5.144,200975.4,469151.753,603690,至纯科技,半导体
603693.SH,20260928,11.49,12.28,11.42,12.05,11.49,0.56,4.8738,210705.34,251801.448,603693,江苏新能,新型电力
603696.SH,20260928,13.73,13.9,13.34,13.44,14.03,-0.59,-4.2053,159028.33,215123.569,603696,安记食品,食品
603697.SH,20260928,9.03,9.62,9.03,9.48,9.07,0.41,4.5204,102534.77,95880.554,603697,有友食品,食品
603698.SH,20260928,20.86,21.03,20.08,20.31,20.95,-0.64,-3.0549,87786.2,178698.669,603698,航天工程,专用机械
603699.SH,20260928,42.54,43.19,42.1,42.8,42.5,0.3,0.7059,39378.01,167519.971,603699,纽威股份,机械基件
603700.SH,20260928,11.86,11.96,11.4,11.51,11.87,-0.36,-3.0329,85194.0,98925.625,603700,宁水集团,电器仪表
603701.SH,20260928,18.8,19.06,18.08,18.14,18.81,-0.67,-3.5619,30620.06,56200.662,603701,德宏股份,汽车配件
603703.SH,20260928,10.18,10.19,9.6,9.75,10.23,-0.48,-4.6921,116505.11,113881.688,603703,盛洋科技,元器件
603706.SH,20260928,17.12,17.18,16.96,17.04,17.12,-0.08,-0.4673,7028.0,11997.236,603706,东方环宇,供气供热
603707.SH,20260928,7.72,7.95,7.7,7.91,7.7,0.21,2.7273,98019.49,76720.231,603707,健友股份,生物制药
603708.SH,20260928,8.87,8.91,8.76,8.88,8.85,0.03,0.339,30233.99,26657.348,603708,家家悦,超市连锁
603709.SH,20260928,12.8,13.26,12.7,12.85,12.81,0.04,0.3123,48655.96,62767.189,603709,中源家居,家居用品
603711.SH,20260928,11.75,11.86,11.69,11.72,11.74,-0.02,-0.1704,26259.22,30887.837,603711,香飘飘,软饮料
603712.SH,20260928,11.41,11.48,11.02,11.21,11.41,-0.2,-1.7528,86566.02,96794.814,603712,七一二,通信设备
603713.SH,20260928,69.45,69.79,66.2,66.9,69.43,-2.53,-3.644,20775.21,140348.994,603713,密尔克卫,仓储物流
603716.SH,20260928,17.0,17.48,16.68,16.76,17.27,-0.51,-2.9531,138567.32,234311.019,603716,塞力医疗,医药商业
603717.SH,20260928,5.94,5.96,5.78,5.86,5.93,-0.07,-1.1804,73556.13,43007.976,603717,天域生物,农业综合
603718.SH,20260928,3.06,3.08,3.01,3.06,3.07,-0.01,-0.3257,48128.48,14655.732,603718,*ST海利,医疗保健
603719.SH,20260928,9.08,9.19,8.98,9.07,9.07,0.0,0.0,27421.0,24880.354,603719,良品铺子,食品
603721.SH,20260928,18.24,18.5,17.96,18.31,18.19,0.12,0.6597,50115.42,91150.685,603721,中广天择,影视音像
603722.SH,20260928,29.67,29.67,28.3,28.49,29.67,-1.18,-3.9771,11564.37,33106.739,603722,阿科力,化工原料
603725.SH,20260928,11.35,11.45,10.95,11.33,11.39,-0.06,-0.5268,137300.32,153863.96,603725,天安新材,塑料
603726.SH,20260928,24.3,24.38,23.31,23.55,24.38,-0.83,-3.4044,32316.72,76568.329,603726,朗迪集团,家用电器
603727.SH,20260928,18.29,19.62,18.13,19.18,18.24,0.94,5.1535,80880.56,154367.498,603727,博迈科,石油开采
603728.SH,20260928,51.14,53.36,51.12,52.25,51.07,1.18,2.3106,97119.29,511351.545,603728,鸣志电器,电气设备
603729.SH,20260928,12.51,12.58,12.04,12.26,12.51,-0.25,-1.9984,15547.67,18991.988,603729,ST龙韵,广告包装
603730.SH,20260928,10.03,10.07,9.29,9.33,10.03,-0.7,-6.9791,208477.41,199001.692,603730,岱美股份,汽车配件
603733.SH,20260928,18.75,18.93,18.18,18.3,18.87,-0.57,-3.0207,54681.96,100312.248,603733,仙鹤股份,造纸
603737.SH,20260928,21.43,21.46,20.57,20.73,21.5,-0.77,-3.5814,59741.0,124215.855,603737,三棵树,染料涂料
603738.SH,20260928,37.6,37.65,34.02,34.02,37.8,-3.78,-10.0,265216.39,926394.527,603738,泰晶科技,元器件
603739.SH,20260928,12.85,12.95,12.71,12.75,12.85,-0.1,-0.7782,25120.0,32119.537,603739,蔚蓝生物,农业综合
603755.SH,20260928,25.22,26.52,24.9,26.0,25.22,0.78,3.0928,36966.02,96285.434,603755,日辰股份,食品
603757.SH,20260928,67.05,67.4,63.15,66.03,68.05,-2.02,-2.9684,88567.4,578917.738,603757,大元泵业,机械基件
603758.SH,20260928,10.96,10.96,10.61,10.74,10.91,-0.17,-1.5582,57074.98,61186.126,603758,秦安股份,汽车配件
603759.SH,20260928,7.84,7.95,7.8,7.9,7.81,0.09,1.1524,56061.61,44169.93,603759,海天股份,水务
603766.SH,20260928,14.59,14.68,14.15,14.52,14.55,-0.03,-0.2062,200541.5,288330.403,603766,隆鑫通用,摩托车
603767.SH,20260928,15.05,16.2,14.72,15.01,14.74,0.27,1.8318,307514.43,469356.646,603767,中马传动,汽车配件
603768.SH,20260928,11.71,11.79,11.52,11.6,11.57,0.03,0.2593,24121.0,28062.447,603768,常青股份,汽车配件
603773.SH,20260928,102.68,104.8,99.0,99.99,97.7,2.29,2.3439,435539.21,4446969.849,603773,沃格光电,元器件
603776.SH,20260928,21.07,22.18,20.71,20.71,21.15,-0.44,-2.0804,32314.59,69038.943,603776,永安行,公共交通
603777.SH,20260928,14.3,14.45,13.43,13.59,14.31,-0.72,-5.0314,77416.3,105557.671,603777,来伊份,食品
603778.SH,20260928,8.31,8.44,8.0,8.1,8.36,-0.26,-3.11,359940.05,292935.226,603778,国晟科技,电气设备
603779.SH,20260928,8.15,8.35,8.0,8.12,8.15,-0.03,-0.3681,88698.19,72100.701,603779,威龙股份,红黄酒
603786.SH,20260928,37.65,37.72,36.66,36.8,37.53,-0.73,-1.9451,13967.52,51664.36,603786,科博达,汽车配件
603787.SH,20260928,10.44,10.52,10.32,10.4,10.46,-0.06,-0.5736,21403.0,22267.476,603787,新日股份,摩托车
603788.SH,20260928,13.84,13.84,13.6,13.64,13.74,-0.1,-0.7278,10260.0,14058.095,603788,宁波高发,汽车配件
603789.SH,20260928,5.85,5.93,5.72,5.9,5.85,0.05,0.8547,21382.1,12507.887,603789,ST星农,农用机械
603790.SH,20260928,25.34,25.47,24.7,24.87,25.47,-0.6,-2.3557,28024.3,70193.524,603790,雅运股份,染料涂料
603797.SH,20260928,4.9,5.28,4.89,5.2,4.9,0.3,6.1224,301518.34,155090.705,603797,联泰环保,环境保护
603798.SH,20260928,14.1,14.63,13.18,14.31,13.82,0.49,3.5456,100044.29,139057.113,603798,康普顿,石油加工
603799.SH,20260928,35.1,35.1,34.03,34.14,35.42,-1.28,-3.6138,372378.58,1280262.334,603799,华友钴业,小金属
603800.SH,20260928,58.59,59.01,53.24,54.0,58.59,-4.59,-7.8341,57879.18,321027.463,603800,洪田股份,专用机械
603801.SH,20260928,6.26,6.29,6.07,6.11,6.2,-0.09,-1.4516,63881.74,39097.544,603801,志邦家居,家居用品
603803.SH,20260928,12.02,12.14,11.11,11.11,12.34,-1.23,-9.9676,376806.37,432043.188,603803,瑞斯康达,通信设备
603806.SH,20260928,13.92,14.06,13.59,13.7,13.9,-0.2,-1.4388,171017.74,235349.388,603806,福斯特,塑料
603808.SH,20260928,8.95,9.08,8.8,8.87,8.95,-0.08,-0.8939,34005.8,30152.261,603808,歌力思,服饰
603809.SH,20260928,8.59,8.68,8.45,8.5,8.63,-0.13,-1.5064,51116.52,43556.613,603809,豪能股份,汽车配件
603810.SH,20260928,12.11,12.17,11.8,11.96,12.01,-0.05,-0.4163,15902.9,19043.947,603810,丰山集团,农药化肥
603811.SH,20260928,6.9,6.97,6.86,6.89,6.87,0.02,0.2911,40526.61,28010.341,603811,诚意药业,化学制药
603813.SH,20260928,26.99,27.0,25.75,25.89,26.72,-0.83,-3.1063,7867.0,20700.239,603813,原尚股份,公路
603815.SH,20260928,5.1,5.14,5.02,5.04,5.09,-0.05,-0.9823,54064.16,27365.342,603815,交建股份,建筑工程
603816.SH,20260928,22.72,22.76,22.1,22.25,22.55,-0.3,-1.3304,37342.54,83170.734,603816,顾家家居,家居用品
603817.SH,20260928,6.0,6.06,5.71,5.77,6.16,-0.39,-6.3312,324454.0,188350.07,603817,海峡环保,环境保护
603818.SH,20260928,3.89,3.99,3.83,3.95,3.88,0.07,1.8041,297161.0,116348.51,603818,曲美家居,家居用品
603819.SH,20260928,16.5,17.19,16.38,16.77,16.76,0.01,0.0597,101647.19,171092.854,603819,神力股份,电气设备
603822.SH,20260928,62.02,63.5,62.02,62.93,62.42,0.51,0.817,3965.1,24901.61,603822,ST嘉澳,化工原料
603823.SH,20260928,44.89,48.99,43.55,47.43,45.42,2.01,4.4254,319612.52,1481130.268,603823,百合花,染料涂料
603825.SH,20260928,7.79,7.79,7.5,7.54,7.81,-0.27,-3.4571,15309.0,11607.336,603825,ST华扬,互联网
603826.SH,20260928,17.08,17.28,15.32,15.41,17.02,-1.61,-9.4595,238875.0,375746.05,603826,坤彩科技,染料涂料
603828.SH,20260928,6.23,6.33,6.05,6.14,6.1,0.04,0.6557,29278.16,18087.894,603828,*ST利达,装修装饰
603829.SH,20260928,15.45,15.63,15.11,15.3,15.6,-0.3,-1.9231,23338.0,35737.213,603829,洛凯股份,电气设备
603833.SH,20260928,29.38,29.81,28.84,29.72,29.36,0.36,1.2262,27991.87,82167.918,603833,欧派家居,家居用品
603836.SH,20260928,9.58,9.59,9.44,9.48,9.5,-0.02,-0.2105,26723.0,25410.116,603836,海程邦达,仓储物流
603838.SH,20260928,13.38,13.38,12.6,12.79,13.24,-0.45,-3.3988,18270.69,23352.69,603838,*ST四通,家居用品
603839.SH,20260928,6.95,6.97,6.76,6.83,6.9,-0.07,-1.0145,31201.4,21321.719,603839,安正时尚,服饰
603843.SH,20260928,6.33,6.4,6.04,6.04,6.33,-0.29,-4.5814,103879.6,64344.829,603843,*ST正平,建筑工程
603848.SH,20260928,13.46,13.46,13.07,13.22,13.32,-0.1,-0.7508,23990.0,31676.526,603848,好太太,家居用品
603855.SH,20260928,16.94,17.18,16.81,17.06,16.94,0.12,0.7084,18341.88,31221.053,603855,华荣股份,专用机械
603856.SH,20260928,11.79,11.8,11.53,11.62,11.72,-0.1,-0.8532,21122.0,24578.002,603856,东宏股份,塑料
603858.SH,20260928,14.52,14.6,14.36,14.47,14.52,-0.05,-0.3444,37040.62,53529.186,603858,步长制药,中成药
603859.SH,20260928,40.13,40.18,38.0,38.38,40.13,-1.75,-4.3608,48086.96,186167.875,603859,能科科技,软件服务
603860.SH,20260928,26.56,26.65,25.98,26.28,26.39,-0.11,-0.4168,12377.0,32530.972,603860,中公高科,建筑工程
603861.SH,20260928,11.06,11.07,10.63,10.71,10.95,-0.24,-2.1918,60546.15,65129.01,603861,白云电器,电气设备
603863.SH,20260928,12.24,12.38,11.73,11.79,12.33,-0.54,-4.3796,46697.0,55579.594,603863,松炀资源,造纸
603866.SH,20260928,4.12,4.23,4.08,4.19,4.15,0.04,0.9639,160694.78,66619.047,603866,桃李面包,食品
603867.SH,20260928,34.97,35.0,33.22,33.29,34.97,-1.68,-4.8041,86972.01,294570.607,603867,新化股份,化工原料
603868.SH,20260928,31.06,31.98,30.82,30.93,31.0,-0.07,-0.2258,14593.46,45700.763,603868,飞科电器,家用电器
603869.SH,20260928,8.52,8.52,8.34,8.37,8.52,-0.15,-1.7606,4771.45,4003.96,603869,ST智知,软件服务
603871.SH,20260928,12.15,12.18,11.89,11.96,12.07,-0.11,-0.9114,65339.03,78431.406,603871,嘉友国际,仓储物流
603876.SH,20260928,17.8,17.93,16.77,16.91,17.94,-1.03,-5.7414,264289.56,453613.336,603876,鼎胜新材,铝
603877.SH,20260928,11.87,11.93,11.69,11.73,11.85,-0.12,-1.0127,10518.0,12396.062,603877,太平鸟,服饰
603878.SH,20260928,4.88,4.88,4.75,4.83,4.86,-0.03,-0.6173,92948.01,44725.365,603878,武进不锈,钢加工
603879.SH,20260928,4.9,4.95,4.8,4.89,4.9,-0.01,-0.2041,68506.67,33326.884,603879,永悦科技,化工原料
603880.SH,20260928,9.13,9.19,8.62,8.72,9.12,-0.4,-4.386,81854.42,71970.761,603880,南卫股份,医疗保健
603881.SH,20260928,23.95,23.95,22.98,23.13,23.95,-0.82,-3.4238,152072.69,354086.735,603881,数据港,软件服务
603882.SH,20260928,29.58,29.6,28.32,29.01,29.39,-0.38,-1.293,114620.79,330598.057,603882,金域医学,医疗保健
603883.SH,20260928,12.95,13.05,12.88,13.01,12.95,0.06,0.4633,70588.23,91715.401,603883,老百姓,医药商业
603885.SH,20260928,9.91,9.93,9.55,9.77,9.91,-0.14,-1.4127,199951.29,193494.158,603885,吉祥航空,空运
603886.SH,20260928,12.5,12.84,12.17,12.47,12.5,-0.03,-0.24,47555.24,59726.743,603886,元祖股份,食品
603887.SH,20260928,8.75,8.76,8.28,8.35,8.65,-0.3,-3.4682,138082.59,115770.399,603887,城地香江,软件服务
603888.SH,20260928,17.5,17.71,16.91,16.97,17.58,-0.61,-3.4699,177733.66,304605.335,603888,新华网,互联网
603889.SH,20260928,6.01,6.04,5.94,5.95,6.03,-0.08,-1.3267,68704.64,41114.229,603889,新澳股份,纺织
603890.SH,20260928,15.96,15.96,14.81,14.92,15.99,-1.07,-6.6917,236513.2,359031.405,603890,春秋电子,元器件
603893.SH,20260928,219.02,221.5,209.58,211.28,219.05,-7.77,-3.5471,116134.16,2474923.554,603893,瑞芯微,半导体
603895.SH,20260928,25.97,26.3,25.5,25.91,25.87,0.04,0.1546,12702.0,32866.553,603895,天永智能,专用机械
603896.SH,20260928,14.56,14.88,14.47,14.79,14.51,0.28,1.9297,22212.01,32673.014,603896,寿仙谷,中成药
603897.SH,20260928,29.58,29.7,28.0,28.38,29.71,-1.33,-4.4766,52732.52,150424.916,603897,长城科技,电气设备
603898.SH,20260928,11.68,11.85,11.38,11.45,11.8,-0.35,-2.9661,45461.0,52455.823,603898,好莱客,家居用品
603899.SH,20260928,21.88,22.35,21.73,21.79,21.9,-0.11,-0.5023,22115.52,48479.636,603899,晨光股份,文教休闲
603900.SH,20260928,6.3,6.35,6.15,6.21,6.36,-0.15,-2.3585,115664.4,71826.059,603900,莱绅通灵,服饰
603901.SH,20260928,9.47,9.51,9.25,9.33,9.5,-0.17,-1.7895,57210.48,53390.837,603901,永创智能,专用机械
603903.SH,20260928,15.18,15.19,13.72,13.91,14.97,-1.06,-7.0808,185324.6,260806.899,603903,中持股份,环境保护
603906.SH,20260928,17.65,17.8,16.73,16.85,17.62,-0.77,-4.37,94206.27,160376.525,603906,龙蟠科技,电气设备
603908.SH,20260928,19.55,19.82,19.45,19.61,19.45,0.16,0.8226,17905.16,35110.933,603908,牧高笛,纺织
603909.SH,20260928,9.74,10.86,9.71,10.33,9.88,0.45,4.5547,75544.45,77541.833,603909,建发合诚,建筑工程
603912.SH,20260928,9.27,9.39,8.97,9.04,9.39,-0.35,-3.7274,235509.47,214882.505,603912,佳力图,专用机械
603915.SH,20260928,13.08,13.36,12.85,12.93,13.29,-0.36,-2.7088,46529.0,60574.743,603915,国茂股份,机械基件
603916.SH,20260928,10.53,10.53,10.21,10.36,10.52,-0.16,-1.5209,47487.49,49034.376,603916,苏博特,化工原料
603917.SH,20260928,14.29,14.41,14.01,14.03,14.3,-0.27,-1.8881,33512.0,47554.025,603917,合力科技,汽车配件
603918.SH,20260928,10.41,10.45,10.1,10.26,10.41,-0.15,-1.4409,72347.0,74309.227,603918,金桥信息,软件服务
603919.SH,20260928,15.85,16.17,15.67,15.77,15.85,-0.08,-0.5047,31203.91,49516.674,603919,金徽酒,白酒
603920.SH,20260928,45.3,45.3,42.16,43.05,45.5,-2.45,-5.3846,332648.08,1438947.912,603920,世运电路,元器件
603922.SH,20260928,12.1,12.13,11.76,11.8,12.13,-0.33,-2.7205,8087.0,9640.78,603922,ST金鸿顺,汽车配件
603926.SH,20260928,17.51,17.71,16.82,17.01,17.51,-0.5,-2.8555,29174.0,49779.744,603926,铁流股份,汽车配件
603927.SH,20260928,13.55,13.63,13.28,13.43,13.57,-0.14,-1.0317,55954.9,75081.287,603927,中科软,软件服务
603928.SH,20260928,12.21,12.39,11.9,11.93,12.32,-0.39,-3.1656,74770.7,89999.086,603928,兴业股份,化工原料
603929.SH,20260928,154.17,154.17,142.9,143.65,154.2,-10.55,-6.8418,31579.78,461603.175,603929,亚翔集成,装修装饰
603931.SH,20260928,35.92,36.0,33.51,33.94,35.87,-1.93,-5.3805,37491.84,128605.823,603931,格林达,化工原料
603933.SH,20260928,19.13,19.44,18.66,18.88,19.33,-0.45,-2.328,27855.95,52746.837,603933,睿能科技,元器件
603936.SH,20260928,21.2,21.25,19.43,19.51,21.31,-1.8,-8.4467,457890.17,914895.571,603936,博敏电子,元器件
603937.SH,20260928,12.85,13.49,12.27,13.29,13.55,-0.26,-1.9188,209610.61,268456.116,603937,丽岛新材,铝
603938.SH,20260928,47.5,48.0,43.6,44.06,48.03,-3.97,-8.2657,195038.9,874533.5,603938,三孚股份,化工原料
603939.SH,20260928,22.0,22.48,21.99,22.47,22.08,0.39,1.7663,64187.61,143670.666,603939,益丰药房,医药商业
603948.SH,20260928,19.31,19.49,18.68,18.99,19.34,-0.35,-1.8097,22142.0,42274.737,603948,建业股份,化工原料
603949.SH,20260928,18.59,18.59,16.82,18.59,16.9,1.69,10.0,163865.51,299115.798,603949,雪龙集团,汽车配件
603950.SH,20260928,56.11,56.22,51.9,52.5,56.1,-3.6,-6.4171,35501.31,189842.254,603950,长源东谷,汽车配件
603955.SH,20260928,25.55,25.57,24.35,24.61,25.74,-1.13,-4.3901,34855.0,86757.361,603955,大千生态,建筑工程
603956.SH,20260928,7.0,7.02,6.69,6.78,6.97,-0.19,-2.726,142554.0,97056.29,603956,威派格,专用机械
603958.SH,20260928,19.03,19.2,17.95,18.0,18.7,-0.7,-3.7433,82408.28,150151.424,603958,哈森股份,服饰
603959.SH,20260928,4.3,4.3,4.2,4.22,4.31,-0.09,-2.0882,29277.12,12400.148,603959,ST百利,建筑工程
603960.SH,20260928,17.98,17.98,17.14,17.24,17.88,-0.64,-3.5794,71202.73,123864.432,603960,克来机电,汽车配件
603966.SH,20260928,7.6,7.68,7.31,7.34,7.54,-0.2,-2.6525,50384.39,37209.925,603966,法兰泰克,专用机械
603967.SH,20260928,11.58,11.67,11.5,11.57,11.53,0.04,0.3469,17270.3,20008.527,603967,中创物流,仓储物流
603968.SH,20260928,10.65,11.63,10.53,11.63,10.57,1.06,10.0284,102246.63,113396.778,603968,醋化股份,化工原料
603969.SH,20260928,7.32,7.39,7.15,7.18,7.38,-0.2,-2.71,93513.72,67410.715,603969,银龙股份,其他建材
603970.SH,20260928,13.39,13.39,11.66,11.86,12.17,-0.31,-2.5472,241333.29,309547.926,603970,中农立华,农药化肥
603976.SH,20260928,31.3,31.49,29.57,29.6,31.3,-1.7,-5.4313,35486.72,106715.064,603976,正川股份,医疗保健
603977.SH,20260928,11.1,11.11,10.73,10.8,11.1,-0.3,-2.7027,51418.0,55716.519,603977,国泰集团,化工原料
603978.SH,20260928,26.1,27.0,25.8,26.77,26.01,0.76,2.922,185202.28,492015.447,603978,深圳新星,小金属
603979.SH,20260928,71.54,71.6,69.99,71.11,72.35,-1.24,-1.7139,31211.41,221402.162,603979,金诚信,铜
603980.SH,20260928,8.08,8.23,7.89,8.04,8.09,-0.05,-0.618,376247.6,302321.94,603980,吉华集团,染料涂料
603982.SH,20260928,6.4,6.4,6.26,6.33,6.33,0.0,0.0,45567.43,28791.909,603982,泉峰汽车,汽车配件
603983.SH,20260928,31.59,32.05,29.92,30.1,31.59,-1.49,-4.7167,40533.0,124209.598,603983,丸美生物,日用化工
603985.SH,20260928,16.7,16.75,15.71,15.98,16.75,-0.77,-4.597,84693.22,135678.149,603985,恒润股份,电气设备
603986.SH,20260928,380.0,380.0,357.14,358.51,383.77,-25.26,-6.5821,284936.0,10407944.421,603986,兆易创新,半导体
603987.SH,20260928,7.51,7.63,7.42,7.47,7.5,-0.03,-0.4,59256.22,44557.649,603987,康德莱,医疗保健
603988.SH,20260928,17.6,17.62,16.91,16.94,17.68,-0.74,-4.1855,32504.68,55665.459,603988,中电电机,电气设备
603989.SH,20260928,31.01,31.01,28.04,28.04,31.15,-3.11,-9.9839,185915.19,535794.094,603989,艾华集团,元器件
603990.SH,20260928,19.09,19.24,18.55,18.99,19.12,-0.13,-0.6799,139188.01,262460.204,603990,麦迪科技,软件服务
603991.SH,20260928,174.88,175.5,167.68,172.0,175.89,-3.89,-2.2116,41297.63,706806.322,603991,领先股份,半导体
603992.SH,20260928,20.07,20.07,19.21,19.37,19.94,-0.57,-2.8586,30379.37,59386.838,603992,松霖科技,家居用品
603993.SH,20260928,16.78,16.95,16.61,16.83,17.08,-0.25,-1.4637,1147063.11,1922467.759,603993,洛阳钼业,小金属
603995.SH,20260928,25.36,25.79,24.99,25.05,25.32,-0.27,-1.0664,39923.84,100919.193,603995,甬金股份,特种钢
603997.SH,20260928,14.13,14.3,13.48,13.65,14.12,-0.47,-3.3286,325096.68,445253.011,603997,继峰股份,汽车配件
603998.SH,20260928,10.29,10.51,10.24,10.36,10.29,0.07,0.6803,66980.87,69244.952,603998,方盛制药,中成药
603999.SH,20260928,6.47,6.62,6.3,6.35,6.53,-0.18,-2.7565,176534.99,113283.619,603999,读者传媒,出版业
605001.SH,20260928,5.84,5.86,5.72,5.78,5.84,-0.06,-1.0274,32943.0,19014.143,605001,威奥股份,运输设备
605003.SH,20260928,25.45,25.57,24.5,24.86,25.36,-0.5,-1.9716,11196.0,27825.898,605003,众望布艺,纺织
605005.SH,20260928,16.25,16.25,15.95,16.0,16.11,-0.11,-0.6828,8325.0,13361.22,605005,合兴股份,汽车配件
605006.SH,20260928,15.65,15.65,14.33,14.46,15.85,-1.39,-8.7697,327168.61,482297.69,605006,山东玻纤,玻璃
605007.SH,20260928,14.55,15.18,14.41,14.52,14.68,-0.16,-1.0899,34660.0,50954.458,605007,五洲特纸,造纸
605008.SH,20260928,14.75,14.8,13.51,13.75,14.7,-0.95,-6.4626,73155.8,101370.778,605008,长鸿高科,橡胶
605009.SH,20260928,24.88,25.26,24.78,25.05,24.88,0.17,0.6833,13751.32,34493.837,605009,豪悦护理,造纸
605011.SH,20260928,17.3,17.58,17.08,17.36,17.25,0.11,0.6377,79935.97,138439.909,605011,杭州热电,供气供热
605016.SH,20260928,21.25,21.35,20.85,21.03,21.45,-0.42,-1.958,31189.66,65575.376,605016,百龙创园,食品
605018.SH,20260928,12.94,13.02,11.9,12.08,12.74,-0.66,-5.1805,192550.91,235127.915,605018,长华集团,汽车配件
605020.SH,20260928,31.04,31.24,30.08,30.15,31.04,-0.89,-2.8673,83679.34,256476.416,605020,永和股份,化工原料
605028.SH,20260928,24.5,25.76,24.06,24.1,24.26,-0.16,-0.6595,16865.0,41262.674,605028,世茂能源,供气供热
605033.SH,20260928,19.65,19.83,19.27,19.45,19.48,-0.03,-0.154,18916.0,36909.851,605033,美邦股份,农药化肥
605050.SH,20260928,10.19,10.19,9.9,9.97,10.06,-0.09,-0.8946,11044.01,11000.658,605050,福然德,仓储物流
605055.SH,20260928,8.88,8.95,8.66,8.69,8.83,-0.14,-1.5855,37635.0,33033.71,605055,迎丰股份,纺织
605056.SH,20260928,14.01,14.19,13.36,13.49,14.01,-0.52,-3.7116,76539.98,103988.958,605056,咸亨国际,电器仪表
605058.SH,20260928,60.25,60.25,54.18,54.18,60.2,-6.02,-10.0,54386.0,307954.09,605058,澳弘电子,元器件
605060.SH,20260928,39.0,39.35,36.7,37.92,39.39,-1.47,-3.7319,35050.92,131797.066,605060,联德股份,机械基件
605066.SH,20260928,6.75,6.78,6.5,6.59,6.71,-0.12,-1.7884,46751.2,30887.688,605066,天正电气,电气设备
605068.SH,20260928,20.81,20.91,19.77,20.35,20.8,-0.45,-2.1635,39924.0,80606.098,605068,明新旭腾,汽车配件
605069.SH,20260928,12.08,12.72,11.6,11.63,12.1,-0.47,-3.8843,110958.9,132573.474,605069,正和生态,环境保护
605077.SH,20260928,11.4,11.57,11.25,11.46,11.46,0.0,0.0,76575.55,87272.389,605077,华康股份,食品
605080.SH,20260928,22.7,23.8,22.52,23.68,23.33,0.35,1.5002,25164.8,58623.544,605080,浙江自然,文教休闲
605086.SH,20260928,23.52,23.52,22.71,22.92,23.54,-0.62,-2.6338,10957.4,25147.312,605086,龙高股份,矿物制品
605088.SH,20260928,24.14,25.4,23.88,24.44,24.6,-0.16,-0.6504,126002.3,311146.756,605088,冠盛股份,汽车配件
605089.SH,20260928,21.3,22.16,20.95,22.0,21.26,0.74,3.4807,23953.85,51692.629,605089,味知香,食品
605090.SH,20260928,31.36,31.49,30.73,30.95,31.39,-0.44,-1.4017,51538.59,159700.464,605090,九丰能源,供气供热
605098.SH,20260928,53.53,53.65,52.66,53.05,53.4,-0.35,-0.6554,5742.0,30458.154,605098,行动教育,文教休闲
605099.SH,20260928,28.55,28.61,27.94,27.97,28.62,-0.65,-2.2711,9437.93,26569.618,605099,共创草坪,文教休闲
605100.SH,20260928,34.01,35.5,33.12,33.55,33.75,-0.2,-0.5926,40223.99,136569.243,605100,华丰股份,机械基件
605108.SH,20260928,12.15,12.23,12.0,12.05,12.12,-0.07,-0.5776,19576.42,23631.487,605108,同庆楼,酒店餐饮
605111.SH,20260928,59.11,59.9,55.75,56.79,59.7,-2.91,-4.8744,121987.88,697064.884,605111,新洁能,半导体
605116.SH,20260928,19.65,19.83,19.45,19.55,19.6,-0.05,-0.2551,12969.0,25417.06,605116,奥锐特,化学制药
605117.SH,20260928,76.11,79.18,76.02,77.77,76.47,1.3,1.7,163847.55,1275171.714,605117,德业股份,电气设备
605118.SH,20260928,33.24,33.49,31.62,31.75,33.24,-1.49,-4.4826,37147.99,119260.594,605118,力鼎光电,元器件
605122.SH,20260928,12.33,12.46,12.16,12.26,12.39,-0.13,-1.0492,32896.11,40508.483,605122,四方新材,水泥
605123.SH,20260928,80.38,80.47,76.89,78.2,80.0,-1.8,-2.25,14052.98,109939.901,605123,派克新材,航空
605128.SH,20260928,23.66,23.88,22.8,22.85,23.61,-0.76,-3.219,29194.44,67437.252,605128,上海沿浦,汽车配件
605133.SH,20260928,24.5,24.91,23.92,24.26,24.6,-0.34,-1.3821,49645.33,121087.467,605133,嵘泰股份,汽车配件
605136.SH,20260928,8.46,9.3,8.46,8.74,8.46,0.28,3.3097,226338.42,199748.999,605136,丽人丽妆,其他商业
605138.SH,20260928,6.18,6.22,6.06,6.1,6.16,-0.06,-0.974,32301.0,19748.028,605138,盛泰集团,服饰
605151.SH,20260928,18.75,18.96,18.5,18.7,18.7,0.0,0.0,11886.0,22236.218,605151,西上海,汽车配件
605155.SH,20260928,14.68,14.74,14.23,14.46,14.67,-0.21,-1.4315,17759.4,25732.324,605155,西大门,家居用品
605158.SH,20260928,7.84,7.96,7.7,7.81,7.88,-0.07,-0.8883,48555.0,37904.361,605158,华达新材,钢加工
605162.SH,20260928,11.85,12.69,11.75,12.06,12.05,0.01,0.083,331380.98,405559.572,605162,新中港,供气供热
605166.SH,20260928,8.7,8.8,8.42,8.45,8.7,-0.25,-2.8736,46073.0,39222.755,605166,聚合顺,化纤
605167.SH,20260928,16.4,16.45,15.6,15.7,16.4,-0.7,-4.2683,49946.32,79272.276,605167,利柏特,建筑工程
605168.SH,20260928,52.9,53.34,49.97,50.24,53.07,-2.83,-5.3326,46904.08,238801.565,605168,三人行,互联网
605169.SH,20260928,13.02,13.28,12.82,13.24,12.99,0.25,1.9246,42207.82,55444.762,605169,洪通燃气,供气供热
605177.SH,20260928,25.7,26.2,24.62,25.87,25.86,0.01,0.0387,72333.0,183921.32,605177,东亚药业,化学制药
605178.SH,20260928,68.59,69.25,63.29,64.5,69.75,-5.25,-7.5269,42069.0,274353.409,605178,时空科技,装修装饰
605179.SH,20260928,24.0,24.13,22.82,23.42,24.38,-0.96,-3.9377,180889.35,423269.124,605179,一鸣食品,乳制品
605180.SH,20260928,14.44,14.54,13.87,14.12,14.28,-0.16,-1.1204,62845.98,89023.254,605180,华生科技,纺织
605183.SH,20260928,16.52,16.67,16.1,16.24,16.51,-0.27,-1.6354,16890.01,27441.774,605183,确成股份,化工原料
605186.SH,20260928,26.11,26.35,24.5,24.83,26.11,-1.28,-4.9023,19677.93,49524.504,605186,健麾信息,专用机械
605188.SH,20260928,12.89,12.97,12.41,12.55,12.71,-0.16,-1.2589,77098.62,96924.539,605188,国光连锁,超市连锁
605189.SH,20260928,14.4,14.45,13.79,13.85,14.24,-0.39,-2.7388,64608.72,90341.853,605189,富春染织,纺织
605196.SH,20260928,34.44,35.4,33.8,33.92,34.7,-0.78,-2.2478,133969.26,461445.199,605196,华通线缆,电气设备
605198.SH,20260928,62.13,64.3,59.5,59.71,63.91,-4.2,-6.5717,77000.32,470911.759,605198,安德利,软饮料
605199.SH,20260928,5.72,5.78,5.68,5.7,5.76,-0.06,-1.0417,7946.0,4540.376,605199,ST葫芦娃,中成药
605208.SH,20260928,14.69,14.87,14.25,14.28,14.73,-0.45,-3.055,62549.05,89853.992,605208,永茂泰,铝
605218.SH,20260928,14.76,14.8,13.88,13.94,14.51,-0.57,-3.9283,72386.52,102269.882,605218,伟时电子,元器件
605222.SH,20260928,22.12,22.26,21.32,21.52,22.14,-0.62,-2.8004,44314.4,95755.228,605222,起帆电缆,电气设备
605228.SH,20260928,11.11,11.28,10.98,11.12,11.15,-0.03,-0.2691,39663.68,44222.831,605228,神通科技,汽车配件
605255.SH,20260928,58.39,58.39,55.09,55.1,58.1,-3.0,-5.1635,5601.11,31439.711,605255,天普股份,汽车配件
605258.SH,20260928,42.54,43.8,39.8,40.01,41.12,-1.11,-2.6994,77239.82,317188.493,605258,协和电子,元器件
605259.SH,20260928,17.42,17.52,17.09,17.25,17.43,-0.18,-1.0327,6974.52,12021.122,605259,绿田机械,农用机械
605266.SH,20260928,15.68,15.88,15.6,15.8,15.68,0.12,0.7653,14572.04,22950.652,605266,健之佳,医药商业
605268.SH,20260928,10.16,10.56,10.08,10.17,10.15,0.02,0.197,90753.22,92769.531,605268,王力安防,家居用品
605277.SH,20260928,17.24,17.4,16.64,16.67,17.24,-0.57,-3.3063,82892.94,139761.708,605277,新亚电子,元器件
605286.SH,20260928,25.06,25.06,23.73,24.23,24.95,-0.72,-2.8858,24858.99,60051.703,605286,同力天启,运输设备
605287.SH,20260928,35.38,35.51,32.6,32.88,35.42,-2.54,-7.1711,26113.32,87484.058,605287,德才股份,装修装饰
605288.SH,20260928,66.38,72.0,65.77,67.79,66.19,1.6,2.4173,26603.61,181493.239,605288,凯迪股份,电气设备
605289.SH,20260928,100.88,101.0,93.85,95.0,102.05,-7.05,-6.9084,24826.05,239006.796,605289,罗曼股份,建筑工程
605296.SH,20260928,30.29,31.48,28.98,31.47,30.3,1.17,3.8614,64921.29,195857.2,605296,神农集团,农业综合
605298.SH,20260928,44.92,44.99,42.01,42.15,44.04,-1.89,-4.2916,5578.12,23731.494,605298,必得科技,运输设备
605299.SH,20260928,12.45,12.61,12.25,12.3,12.62,-0.32,-2.5357,103311.37,127954.866,605299,舒华体育,文教休闲
605300.SH,20260928,10.21,10.25,10.08,10.18,10.19,-0.01,-0.0981,36425.98,36957.905,605300,佳禾食品,乳制品
605305.SH,20260928,30.68,30.73,29.88,29.88,30.73,-0.85,-2.766,30341.99,91338.099,605305,中际联合,工程机械
605318.SH,20260928,76.46,77.52,70.81,71.35,76.46,-5.11,-6.6832,12028.0,87098.807,605318,法狮龙,其他建材
605319.SH,20260928,22.29,22.34,21.95,22.05,22.29,-0.24,-1.0767,23824.52,52639.573,605319,无锡振华,汽车配件
605333.SH,20260928,16.67,16.8,16.27,16.4,16.67,-0.27,-1.6197,17174.2,28267.41,605333,沪光股份,汽车配件
605336.SH,20260928,11.68,11.88,11.08,11.22,11.63,-0.41,-3.5254,9782.7,11139.661,605336,*ST帅电,家用电器
605337.SH,20260928,8.99,9.12,8.99,9.04,9.01,0.03,0.333,25415.09,23037.685,605337,李子园,乳制品
605338.SH,20260928,17.7,17.8,17.46,17.64,17.63,0.01,0.0567,14534.01,25624.783,605338,巴比食品,食品
605339.SH,20260928,13.32,13.33,13.0,13.28,13.14,0.14,1.0654,17659.89,23223.016,605339,南侨食品,食品
605358.SH,20260928,47.68,48.6,45.52,45.67,48.34,-2.67,-5.5234,539234.26,2516653.438,605358,立昂微,半导体
605365.SH,20260928,14.82,14.94,14.46,14.67,14.81,-0.14,-0.9453,56613.01,82917.878,605365,立达信,家用电器
605366.SH,20260928,9.15,10.14,9.0,10.14,9.22,0.92,9.9783,1045303.08,999696.294,605366,宏柏新材,化工原料
605368.SH,20260928,6.61,6.67,6.58,6.64,6.66,-0.02,-0.3003,23511.44,15560.385,605368,蓝天燃气,供气供热
605369.SH,20260928,17.75,18.15,17.65,18.06,17.75,0.31,1.7465,18593.23,33235.809,605369,拱东医疗,医疗保健
605376.SH,20260928,132.0,132.19,119.71,119.97,133.01,-13.04,-9.8038,136334.38,1680292.59,605376,博迁新材,小金属
605377.SH,20260928,8.07,8.08,7.82,7.85,8.06,-0.21,-2.6055,40966.31,32478.443,605377,华旺科技,造纸
605378.SH,20260928,14.85,15.69,14.71,15.35,14.85,0.5,3.367,75993.48,115503.374,605378,野马电池,电气设备
605388.SH,20260928,6.0,6.16,6.0,6.11,6.05,0.06,0.9917,78636.3,47810.863,605388,均瑶健康,乳制品
605389.SH,20260928,64.3,64.3,60.5,61.31,64.3,-2.99,-4.6501,10501.92,64712.659,605389,长龄液压,机械基件
605398.SH,20260928,22.19,22.8,22.04,22.19,22.3,-0.11,-0.4933,58673.75,131751.147,605398,新炬网络,软件服务
605399.SH,20260928,11.44,12.2,11.44,11.8,11.59,0.21,1.8119,73611.28,86966.978,605399,晨光新材,化工原料
605488.SH,20260928,32.0,32.12,29.58,29.68,32.22,-2.54,-7.8833,112994.5,344199.605,605488,福莱新材,塑料
605499.SH,20260928,111.17,111.59,109.68,111.12,110.83,0.29,0.2617,20711.03,229088.724,605499,东鹏饮料,软饮料
605500.SH,20260928,7.36,7.44,7.29,7.37,7.32,0.05,0.6831,37923.21,27994.783,605500,森林包装,造纸
605507.SH,20260928,18.18,18.54,18.13,18.32,18.1,0.22,1.2155,83837.94,153770.34,605507,国邦医药,化学制药
605555.SH,20260928,12.61,13.05,12.39,12.75,12.52,0.23,1.8371,122098.72,155435.867,605555,德昌股份,家用电器
605566.SH,20260928,32.6,33.19,31.37,32.01,32.82,-0.81,-2.468,64703.0,207041.885,605566,福莱蒽特,染料涂料
605567.SH,20260928,9.4,9.57,9.32,9.46,9.38,0.08,0.8529,55394.03,52344.128,605567,春雪食品,食品
605577.SH,20260928,16.3,16.35,14.87,14.87,16.52,-1.65,-9.9879,107335.0,164138.384,605577,龙版传媒,出版业
605580.SH,20260928,22.36,23.15,20.95,21.33,21.89,-0.56,-2.5582,130986.02,286267.785,605580,恒盛能源,供气供热
605588.SH,20260928,47.04,47.4,44.28,44.92,47.14,-2.22,-4.7094,13030.49,58995.773,605588,冠石科技,元器件
605589.SH,20260928,39.79,39.8,36.07,36.07,40.08,-4.01,-10.005,322220.04,1192059.091,605589,圣泉集团,化工原料
605598.SH,20260928,24.57,24.65,23.33,23.61,24.56,-0.95,-3.8681,27242.73,64645.565,605598,上海港湾,建筑工程
605599.SH,20260928,13.47,13.54,13.25,13.31,13.49,-0.18,-1.3343,59252.87,79146.519,605599,菜百股份,服饰
688001.SH,20260928,67.33,69.0,60.92,61.82,67.57,-5.75,-8.5097,118238.77,749604.093,688001,华兴源创,专用机械
688002.SH,20260928,178.6,180.85,172.0,175.66,178.85,-3.19,-1.7836,80674.9,1420327.201,688002,睿创微纳,通信设备
688003.SH,20260928,80.18,80.38,73.63,74.69,79.3,-4.61,-5.8134,34394.55,260711.204,688003,天准科技,专用机械
688004.SH,20260928,32.5,32.64,28.68,30.66,33.14,-2.48,-7.4834,109351.25,331188.907,688004,博汇科技,软件服务
688005.SH,20260928,23.34,23.49,22.28,22.44,23.35,-0.91,-3.8972,83625.83,189255.355,688005,容百科技,电气设备
688006.SH,20260928,20.71,20.77,19.69,19.88,20.72,-0.84,-4.0541,57556.93,115105.352,688006,杭可科技,电气设备
688007.SH,20260928,11.32,11.32,10.51,10.62,11.23,-0.61,-5.4319,82711.85,88636.94,688007,光峰科技,元器件
688008.SH,20260928,212.5,213.94,205.0,208.6,214.5,-5.9,-2.7506,335043.12,6986851.649,688008,澜起科技,半导体
688009.SH,20260928,4.66,4.67,4.62,4.66,4.64,0.02,0.431,192590.65,89515.682,688009,中国通号,运输设备
688010.SH,20260928,28.4,28.94,26.92,27.46,29.27,-1.81,-6.1838,51670.68,142903.665,688010,福光股份,元器件
688011.SH,20260928,66.68,68.02,60.01,60.5,66.36,-5.86,-8.8306,33860.22,209941.068,688011,新光光电,元器件
688012.SH,20260928,342.0,344.48,323.1,324.5,339.3,-14.8,-4.3619,141039.57,4663691.237,688012,中微公司,半导体
688013.SH,20260928,25.35,26.33,24.4,24.85,25.22,-0.37,-1.4671,17633.63,43946.48,688013,天臣医疗,医疗保健
688015.SH,20260928,16.88,17.05,16.5,16.68,16.96,-0.28,-1.6509,11434.28,19070.749,688015,交控科技,运输设备
688016.SH,20260928,85.04,85.44,83.77,84.33,85.01,-0.68,-0.7999,7776.72,65628.201,688016,心脉医疗,医疗保健
688017.SH,20260928,285.0,285.53,270.88,274.62,284.34,-9.72,-3.4184,46288.35,1279309.295,688017,绿的谐波,机械基件
688018.SH,20260928,118.56,119.1,114.58,115.7,118.64,-2.94,-2.4781,41771.74,485239.267,688018,乐鑫科技,半导体
688019.SH,20260928,223.5,226.99,214.55,214.9,225.66,-10.76,-4.7682,48294.56,1058863.897,688019,安集科技,半导体
688020.SH,20260928,150.05,150.49,132.51,136.28,150.05,-13.77,-9.1769,34027.65,470105.25,688020,方邦股份,元器件
688021.SH,20260928,20.22,20.38,19.54,19.92,20.22,-0.3,-1.4837,13498.81,26841.783,688021,奥福科技,汽车配件
688022.SH,20260928,8.78,8.83,8.54,8.77,8.78,-0.01,-0.1139,24332.32,21097.055,688022,ST瀚川,专用机械
688023.SH,20260928,49.99,50.48,46.5,48.01,47.9,0.11,0.2296,82985.09,401115.466,688023,安恒信息,软件服务
688025.SH,20260928,444.59,444.59,395.0,397.02,444.59,-47.57,-10.6997,39937.84,1634226.585,688025,杰普特,专用机械
688026.SH,20260928,26.1,26.56,24.7,25.24,25.95,-0.71,-2.736,93423.57,236937.051,688026,洁特生物,医疗保健
688027.SH,20260928,364.03,364.05,340.89,341.75,364.0,-22.25,-6.1126,17237.09,597807.174,688027,国盾量子,通信设备
688028.SH,20260928,126.15,128.9,117.4,119.5,122.6,-3.1,-2.5285,103471.82,1264316.454,688028,沃尔德,机械基件
688029.SH,20260928,83.9,83.9,81.88,82.09,82.76,-0.67,-0.8096,20654.94,170362.458,688029,南微医学,医疗保健
688030.SH,20260928,19.25,19.53,18.68,18.98,19.0,-0.02,-0.1053,46943.24,89387.261,688030,山石网科,软件服务
688031.SH,20260928,103.57,104.9,88.9,89.45,103.7,-14.25,-13.7416,79718.12,742346.342,688031,星环科技,软件服务
688032.SH,20260928,68.13,69.19,65.66,66.42,68.73,-2.31,-3.361,10365.98,69204.664,688032,禾迈股份,电气设备
688033.SH,20260928,7.51,7.59,7.15,7.15,7.51,-0.36,-4.7936,38488.06,28110.115,688033,*ST天宜,电气设备
688035.SH,20260928,77.37,79.19,72.07,76.0,78.54,-2.54,-3.234,81577.52,611344.353,688035,德邦科技,半导体
688036.SH,20260928,54.9,55.2,53.54,53.72,54.92,-1.2,-2.185,89878.1,486865.984,688036,传音控股,通信设备
688037.SH,20260928,344.99,357.88,337.12,340.18,344.98,-4.8,-1.3914,38470.06,1324358.904,688037,芯源微,半导体
688038.SH,20260928,19.62,19.62,18.76,19.15,19.3,-0.15,-0.7772,16463.97,31449.826,688038,中科通达,软件服务
688039.SH,20260928,32.83,32.9,31.8,32.0,32.83,-0.83,-2.5282,14553.02,46739.973,688039,当虹科技,软件服务
688041.SH,20260928,246.93,246.93,238.3,240.5,248.3,-7.8,-3.1414,172247.9,4157915.166,688041,海光信息,半导体
688045.SH,20260928,60.88,61.23,56.07,56.95,60.58,-3.63,-5.9921,22947.95,133086.15,688045,必易微,半导体
688046.SH,20260928,35.99,36.4,34.95,35.06,35.92,-0.86,-2.3942,76402.64,271302.112,688046,药康生物,生物制药
688047.SH,20260928,104.0,104.0,99.73,99.91,104.7,-4.79,-4.575,37695.2,381286.506,688047,龙芯中科,半导体
688048.SH,20260928,325.01,327.0,285.0,289.79,329.66,-39.87,-12.0943,115027.75,3438419.073,688048,长光华芯,半导体
688049.SH,20260928,46.52,46.9,45.15,45.45,47.1,-1.65,-3.5032,80938.15,370846.529,688049,炬芯科技,半导体
688050.SH,20260928,38.62,38.98,38.03,38.31,38.35,-0.04,-0.1043,16484.69,63261.564,688050,爱博医疗,医疗保健
688051.SH,20260928,24.62,25.25,24.14,24.42,25.0,-0.58,-2.32,16037.1,39232.11,688051,佳华科技,软件服务
688052.SH,20260928,250.76,254.68,242.0,246.15,253.01,-6.86,-2.7114,29618.98,731358.446,688052,纳芯微,半导体
688053.SH,20260928,38.9,39.48,37.67,37.94,39.08,-1.14,-2.9171,5488.6,20873.572,688053,ST思科瑞,元器件
688055.SH,20260928,3.71,3.79,3.58,3.6,3.71,-0.11,-2.965,84506.22,30943.375,688055,龙腾光电,元器件
688056.SH,20260928,55.7,56.0,49.02,51.89,58.24,-6.35,-10.9032,46744.57,243452.418,688056,莱伯泰科,电器仪表
688057.SH,20260928,19.48,20.0,18.43,18.53,19.79,-1.26,-6.3669,50084.67,94822.803,688057,金达莱,环境保护
688058.SH,20260928,25.21,25.7,24.95,25.51,25.25,0.26,1.0297,12651.73,32042.534,688058,宝兰德,软件服务
688059.SH,20260928,88.16,89.2,82.29,83.3,88.99,-5.69,-6.394,36739.67,310170.395,688059,华锐精密,机械基件
688060.SH,20260928,37.52,37.52,36.32,36.63,37.13,-0.5,-1.3466,5303.26,19506.818,688060,云涌科技,IT设备
688061.SH,20260928,46.78,46.99,43.87,44.5,46.49,-1.99,-4.2805,18120.57,81579.638,688061,灿瑞科技,半导体
688062.SH,20260928,26.55,26.97,25.73,26.0,26.47,-0.47,-1.7756,52708.34,137607.87,688062,迈威生物,生物制药
688063.SH,20260928,40.51,40.62,38.83,39.22,40.51,-1.29,-3.1844,43865.8,173004.081,688063,派能科技,电气设备
688065.SH,20260928,38.66,38.66,37.68,38.15,38.34,-0.19,-0.4956,32857.2,125105.393,688065,凯赛生物,化工原料
688066.SH,20260928,8.8,9.08,8.21,8.29,8.96,-0.67,-7.4777,146019.47,126599.423,688066,*ST航图,软件服务
688067.SH,20260928,24.12,24.52,23.75,24.04,23.95,0.09,0.3758,12249.45,29515.769,688067,爱威科技,医疗保健
688068.SH,20260928,90.44,93.48,88.67,89.65,91.89,-2.24,-2.4377,17901.6,161332.156,688068,热景生物,医疗保健
688069.SH,20260928,37.37,37.37,34.5,34.93,37.3,-2.37,-6.3539,21531.42,76219.874,688069,德林海,环境保护
688070.SH,20260928,36.35,36.65,34.52,35.27,36.43,-1.16,-3.1842,20469.13,72551.102,688070,纵横股份,航空
688071.SH,20260928,35.4,35.81,34.44,35.26,35.65,-0.39,-1.094,27705.16,97490.709,688071,华依科技,专用机械
688072.SH,20260928,703.0,704.05,651.87,653.8,700.9,-47.1,-6.7199,55093.83,3705263.954,688072,拓荆科技,半导体
688073.SH,20260928,75.78,76.8,72.58,73.91,74.55,-0.64,-0.8585,39577.64,293299.27,688073,毕得医药,化学制药
688075.SH,20260928,30.12,30.48,29.77,29.91,29.82,0.09,0.3018,5519.06,16572.056,688075,安旭生物,医疗保健
688076.SH,20260928,28.66,29.11,28.55,28.92,28.83,0.09,0.3122,19543.47,56276.296,688076,ST诺泰,生物制药
688077.SH,20260928,27.51,27.88,26.2,26.56,27.86,-1.3,-4.6662,34212.53,91135.586,688077,大地熊,矿物制品
688078.SH,20260928,30.92,31.01,29.43,30.34,30.92,-0.58,-1.8758,15248.93,45802.183,688078,龙软科技,软件服务
688079.SH,20260928,18.43,18.5,16.73,17.03,17.51,-0.48,-2.7413,304882.64,531438.681,688079,美迪凯,元器件
688080.SH,20260928,38.04,38.08,36.44,36.77,38.04,-1.27,-3.3386,9861.34,36458.811,688080,映翰通,通信设备
688081.SH,20260928,26.25,26.67,24.81,25.31,26.25,-0.94,-3.581,16561.08,42093.73,688081,兴图新科,软件服务
688082.SH,20260928,300.9,309.5,285.0,286.01,304.11,-18.1,-5.9518,60992.57,1798233.55,688082,盛美上海,半导体
688083.SH,20260928,51.77,52.5,50.16,50.9,51.96,-1.06,-2.04,12321.1,62782.13,688083,中望软件,软件服务
688084.SH,20260928,42.87,42.94,40.86,41.3,43.03,-1.73,-4.0205,9477.12,39323.01,688084,晶品特装,专用机械
688085.SH,20260928,13.26,13.36,13.01,13.15,13.15,0.0,0.0,27631.09,36273.18,688085,三友医疗,医疗保健
688087.SH,20260928,33.64,33.64,31.91,32.3,33.21,-0.91,-2.7401,18476.75,60157.82,688087,英科再生,环境保护
688088.SH,20260928,29.31,29.59,28.5,28.84,29.49,-0.65,-2.2041,33298.44,96047.868,688088,虹软科技,软件服务
688089.SH,20260928,8.46,8.49,8.3,8.35,8.46,-0.11,-1.3002,11128.73,9332.758,688089,ST嘉必优,食品
688090.SH,20260928,84.34,86.0,77.5,78.38,83.31,-4.93,-5.9177,67224.64,535400.151,688090,瑞松科技,专用机械
688091.SH,20260928,39.61,40.09,38.8,39.29,39.95,-0.66,-1.6521,23956.02,94258.91,688091,上海谊众,化学制药
688092.SH,20260928,22.86,22.86,21.95,22.22,22.9,-0.68,-2.9694,9856.55,21873.294,688092,爱科科技,专用机械
688093.SH,20260928,23.3,23.3,21.92,21.98,23.29,-1.31,-5.6247,21115.64,47091.415,688093,世华科技,化工原料
688095.SH,20260928,57.45,57.5,54.08,55.49,57.44,-1.95,-3.3948,20333.48,112566.505,688095,福昕软件,软件服务
688096.SH,20260928,7.49,7.49,7.0,7.2,7.41,-0.21,-2.834,88811.93,63994.011,688096,京源环保,环境保护
688097.SH,20260928,43.99,44.75,41.33,41.82,44.9,-3.08,-6.8597,51335.96,217115.318,688097,博众精工,专用机械
688098.SH,20260928,8.37,8.46,8.18,8.34,8.37,-0.03,-0.3584,28777.31,23808.721,688098,申联生物,农业综合
688099.SH,20260928,89.11,89.79,86.36,88.27,89.52,-1.25,-1.3963,88645.7,781541.341,688099,晶晨股份,半导体
688100.SH,20260928,24.8,24.8,24.17,24.36,24.73,-0.37,-1.4962,17198.13,41907.687,688100,威胜信息,通信设备
688101.SH,20260928,14.58,14.58,14.04,14.09,14.54,-0.45,-3.0949,19686.38,27950.365,688101,三达膜,环境保护
688102.SH,20260928,30.87,30.97,29.05,29.42,30.9,-1.48,-4.7896,95084.44,282239.352,688102,斯瑞新材,铜
688103.SH,20260928,81.55,84.48,77.71,79.05,81.24,-2.19,-2.6957,24768.92,198620.456,688103,国力电子,元器件
688105.SH,20260928,26.99,27.09,25.54,25.8,26.57,-0.77,-2.898,140480.15,364574.474,688105,诺唯赞,生物制药
688106.SH,20260928,26.9,26.9,25.21,25.41,26.82,-1.41,-5.2573,120358.32,309316.391,688106,金宏气体,化工原料
688107.SH,20260928,30.66,30.72,28.81,29.33,30.73,-1.4,-4.5558,67886.13,200081.398,688107,安路科技,半导体
688108.SH,20260928,15.25,15.4,14.72,14.78,15.2,-0.42,-2.7632,64460.74,95990.264,688108,赛诺医疗,医疗保健
688109.SH,20260928,72.59,72.94,67.85,68.43,72.29,-3.86,-5.3396,8331.26,57439.966,688109,品茗科技,软件服务
688110.SH,20260928,118.09,124.4,116.3,116.75,118.73,-1.98,-1.6676,164854.21,1967222.39,688110,东芯股份,半导体
688111.SH,20260928,222.0,223.0,217.1,222.0,222.03,-0.03,-0.0135,37412.11,821947.469,688111,金山办公,软件服务
688112.SH,20260928,115.32,116.79,96.31,102.66,117.08,-14.42,-12.3164,161918.82,1688134.807,688112,鼎阳科技,电器仪表
688113.SH,20260928,37.84,37.9,37.0,37.74,37.9,-0.16,-0.4222,8628.71,32323.71,688113,联测科技,专用机械
688114.SH,20260928,75.51,76.51,72.02,72.84,74.94,-2.1,-2.8022,100007.09,736439.478,688114,华大智造,医疗保健
688115.SH,20260928,67.32,68.21,60.2,61.64,67.38,-5.74,-8.5188,40509.46,254009.697,688115,思林杰,电器仪表
688116.SH,20260928,33.56,33.79,31.9,32.26,33.64,-1.38,-4.1023,52217.59,169223.973,688116,天奈科技,化工原料
688117.SH,20260928,18.82,19.02,17.87,17.92,18.82,-0.9,-4.7821,101050.33,183494.652,688117,圣诺生物,生物制药
688118.SH,20260928,20.16,20.22,19.42,19.76,20.15,-0.39,-1.9355,18353.6,36288.204,688118,普元信息,软件服务
688119.SH,20260928,3.84,3.86,3.73,3.77,3.84,-0.07,-1.8229,86232.92,32566.583,688119,中钢洛耐,其他建材
688120.SH,20260928,246.88,248.86,233.01,234.24,247.17,-12.93,-5.2312,90264.02,2159606.242,688120,华海清科,半导体
688121.SH,20260928,1.2,1.2,1.13,1.14,1.16,-0.02,-1.7241,85639.73,9944.097,688121,*ST卓然,专用机械
688122.SH,20260928,51.11,51.24,49.38,49.44,51.33,-1.89,-3.6821,80608.29,402383.845,688122,西部超导,小金属
688123.SH,20260928,158.76,160.28,151.1,153.86,159.55,-5.69,-3.5663,94431.87,1457448.094,688123,聚辰股份,半导体
688125.SH,20260928,122.63,125.5,112.11,113.4,124.52,-11.12,-8.9303,10266.09,119972.933,688125,安达智能,专用机械
688126.SH,20260928,24.4,24.7,23.73,23.83,24.8,-0.97,-3.9113,584270.67,1411856.162,688126,沪硅产业,半导体
688127.SH,20260928,65.95,65.99,60.77,61.06,65.78,-4.72,-7.1754,83310.25,519940.333,688127,蓝特光学,元器件
688128.SH,20260928,22.0,22.1,21.44,21.66,22.1,-0.44,-1.991,13592.89,29507.546,688128,中国电研,专用机械
688129.SH,20260928,23.26,24.15,22.27,22.65,23.84,-1.19,-4.9916,11921.2,27261.503,688129,东来技术,染料涂料
688130.SH,20260928,27.3,27.85,26.03,26.29,27.36,-1.07,-3.9108,22096.93,58474.464,688130,晶华微,半导体
688131.SH,20260928,104.0,105.97,99.07,100.48,103.54,-3.06,-2.9554,51586.09,519268.827,688131,皓元医药,化学制药
688132.SH,20260928,16.8,17.11,15.73,16.17,16.78,-0.61,-3.6353,20819.74,33746.629,688132,邦彦技术,通信设备
688133.SH,20260928,22.71,22.72,21.33,21.63,22.7,-1.07,-4.7137,47122.59,102118.58,688133,泰坦科技,化工原料
688135.SH,20260928,39.54,39.55,37.33,37.67,39.55,-1.88,-4.7535,123074.91,467791.205,688135,利扬芯片,半导体
688136.SH,20260928,23.5,23.73,22.74,22.93,23.27,-0.34,-1.4611,70202.86,162140.804,688136,科兴制药,生物制药
688137.SH,20260928,126.1,135.61,123.36,128.08,125.25,2.83,2.2595,84874.01,1101744.701,688137,近岸蛋白,生物制药
688138.SH,20260928,39.71,40.4,37.2,37.48,40.15,-2.67,-6.6501,80240.05,306973.041,688138,清溢光电,半导体
688139.SH,20260928,34.7,35.38,34.43,34.8,34.6,0.2,0.578,46440.67,161769.611,688139,海尔生物,医疗保健
688141.SH,20260928,110.4,112.0,99.88,100.71,112.4,-11.69,-10.4004,145011.76,1504282.857,688141,杰华特,半导体
688143.SH,20260928,186.0,187.87,157.2,165.05,191.35,-26.3,-13.7444,133099.69,2264936.649,688143,长盈通,通信设备
688146.SH,20260928,211.59,212.0,198.08,201.07,212.99,-11.92,-5.5965,130167.4,2638035.051,688146,中船特气,半导体
688147.SH,20260928,111.8,113.0,104.23,105.96,111.0,-5.04,-4.5405,61029.58,655663.369,688147,微导纳米,专用机械
688148.SH,20260928,5.86,5.87,5.65,5.69,5.88,-0.19,-3.2313,105406.65,60321.927,688148,芳源股份,电气设备
688150.SH,20260928,42.99,43.08,39.2,39.69,42.99,-3.3,-7.6762,82588.48,333176.845,688150,莱特光电,元器件
688151.SH,20260928,16.95,17.06,16.45,16.6,17.08,-0.48,-2.8103,29408.42,48871.603,688151,华强科技,医疗保健
688152.SH,20260928,36.74,41.19,35.21,39.45,35.23,4.22,11.9784,93926.54,358029.445,688152,麒麟信安,软件服务
688153.SH,20260928,26.5,26.5,25.56,25.94,26.5,-0.56,-2.1132,34872.74,90468.001,688153,唯捷创芯,半导体
688155.SH,20260928,53.89,53.89,50.06,50.97,53.9,-2.93,-5.436,22993.02,117651.685,688155,先惠技术,电气设备
688156.SH,20260928,24.15,24.5,22.02,22.24,22.87,-0.63,-2.7547,32780.84,74782.917,688156,路德科技,饲料
688157.SH,20260928,19.29,19.36,17.94,18.39,19.3,-0.91,-4.715,30509.28,55953.958,688157,松井股份,染料涂料
688158.SH,20260928,29.5,30.48,28.2,28.34,29.65,-1.31,-4.4182,104658.19,300232.418,688158,优刻得,软件服务
688159.SH,20260928,36.52,36.52,34.39,34.78,36.62,-1.84,-5.0246,35405.81,123948.419,688159,有方科技,通信设备
688160.SH,20260928,96.48,97.95,92.0,94.0,97.36,-3.36,-3.4511,10472.22,99084.537,688160,步科股份,电器仪表
688161.SH,20260928,21.8,21.83,21.33,21.59,21.64,-0.05,-0.2311,6983.59,15019.479,688161,威高骨科,医疗保健
688162.SH,20260928,24.95,25.79,24.8,25.51,24.97,0.54,2.1626,19436.45,49002.04,688162,巨一科技,专用机械
688163.SH,20260928,38.76,42.82,38.08,40.66,37.31,3.35,8.9788,39429.85,161551.36,688163,赛伦生物,生物制药
688165.SH,20260928,14.75,14.94,14.36,14.54,14.81,-0.27,-1.8231,41661.9,60715.118,688165,埃夫特,专用机械
688166.SH,20260928,34.7,35.31,33.82,34.11,35.0,-0.89,-2.5429,76471.35,262477.32,688166,博瑞医药,化学制药
688167.SH,20260928,290.0,290.88,268.03,275.84,293.84,-18.0,-6.1258,64107.28,1763961.961,688167,炬光科技,元器件
688168.SH,20260928,45.6,46.18,42.5,43.39,44.78,-1.39,-3.1041,58019.69,255775.949,688168,安博通,软件服务
688169.SH,20260928,115.93,117.73,115.05,116.39,114.6,1.79,1.562,50269.66,583437.98,688169,石头科技,家用电器
688170.SH,20260928,69.45,72.5,64.88,66.12,68.65,-2.53,-3.6854,53211.57,357125.001,688170,德龙激光,专用机械
688171.SH,20260928,24.58,26.66,23.22,25.95,24.82,1.13,4.5528,64537.77,162662.948,688171,纬德信息,软件服务
688172.SH,20260928,45.2,45.84,42.88,43.74,45.26,-1.52,-3.3584,95849.5,422300.8,688172,燕东微,半导体
688173.SH,20260928,13.46,13.46,12.7,12.96,13.46,-0.5,-3.7147,87751.69,113854.249,688173,希荻微,半导体
688175.SH,20260928,25.92,25.95,23.01,25.08,25.95,-0.87,-3.3526,84488.05,207827.082,688175,高凌信息,通信设备
688176.SH,20260928,14.74,14.89,13.64,13.71,14.73,-1.02,-6.9246,161645.95,226716.081,688176,亚虹医药,化学制药
688177.SH,20260928,20.8,21.36,20.21,20.65,20.83,-0.18,-0.8641,49478.56,101916.997,688177,百奥泰,生物制药
688178.SH,20260928,29.96,30.2,28.93,29.57,30.11,-0.54,-1.7934,13005.79,38268.891,688178,万德斯,环境保护
688179.SH,20260928,24.3,24.85,22.5,22.95,24.84,-1.89,-7.6087,286840.87,664585.986,688179,阿拉丁,化学制药
688180.SH,20260928,35.31,35.63,34.39,34.84,34.88,-0.04,-0.1147,114195.71,399387.849,688180,君实生物,生物制药
688181.SH,20260928,47.52,49.47,44.6,44.66,46.98,-2.32,-4.9383,76157.59,349327.148,688181,八亿时空,元器件
688182.SH,20260928,28.3,28.8,26.05,26.4,28.67,-2.27,-7.9177,58007.17,155958.235,688182,灿勤科技,通信设备
688183.SH,20260928,113.51,113.53,105.18,105.96,114.08,-8.12,-7.1178,147073.53,1584264.492,688183,生益电子,元器件
688184.SH,20260928,10.68,10.74,10.45,10.6,10.76,-0.16,-1.487,5494.64,5793.105,688184,ST帕瓦,电气设备
688185.SH,20260928,83.58,87.78,82.9,86.5,81.61,4.89,5.9919,104039.9,889901.544,688185,康希诺,生物制药
688186.SH,20260928,14.35,14.35,14.06,14.22,14.35,-0.13,-0.9059,29205.43,41390.243,688186,广大特材,特种钢
688187.SH,20260928,44.41,44.62,43.72,43.75,44.4,-0.65,-1.464,31183.68,137191.034,688187,时代电气,运输设备
688188.SH,20260928,95.05,95.79,93.02,93.1,95.25,-2.15,-2.2572,15592.19,146211.58,688188,柏楚电子,专用机械
688189.SH,20260928,6.45,6.5,6.26,6.32,6.48,-0.16,-2.4691,28502.09,18022.867,688189,ST南新,化学制药
688190.SH,20260928,71.44,71.44,66.77,67.03,71.2,-4.17,-5.8567,10819.34,73758.523,688190,云路股份,矿物制品
688191.SH,20260928,21.87,22.14,19.91,19.97,22.05,-2.08,-9.4331,79868.54,163480.096,688191,智洋创新,软件服务
688192.SH,20260928,56.28,56.75,55.15,55.48,56.45,-0.97,-1.7183,32021.57,178407.015,688192,迪哲医药,生物制药
688193.SH,20260928,49.18,49.92,48.65,48.82,49.18,-0.36,-0.732,3835.17,18866.016,688193,仁度生物,医疗保健
688195.SH,20260928,188.0,188.12,172.26,174.39,188.12,-13.73,-7.2985,65538.31,1162846.464,688195,腾景科技,元器件
688196.SH,20260928,33.37,33.37,30.47,30.97,33.56,-2.59,-7.7175,29657.51,92905.858,688196,卓越新能,环境保护
688197.SH,20260928,37.76,38.51,36.35,36.8,37.72,-0.92,-2.439,16701.21,61907.172,688197,首药控股,化学制药
688198.SH,20260928,71.31,72.29,69.8,70.05,71.16,-1.11,-1.5599,4188.29,29584.055,688198,佰仁医疗,医疗保健
688199.SH,20260928,25.39,25.71,24.47,25.25,25.51,-0.26,-1.0192,44844.51,111977.91,688199,久日新材,化工原料
688200.SH,20260928,403.0,410.6,384.0,388.88,398.08,-9.2,-2.3111,54018.92,2133027.77,688200,华峰测控,半导体
688201.SH,20260928,7.69,7.81,7.59,7.7,7.71,-0.01,-0.1297,28376.99,21814.186,688201,ST信安,软件服务
688202.SH,20260928,108.0,109.96,104.61,105.3,107.91,-2.61,-2.4187,55843.65,592443.018,688202,美迪西,医疗保健
688203.SH,20260928,22.39,22.98,19.76,20.01,23.06,-3.05,-13.2264,320095.82,661672.493,688203,海正生材,塑料
688205.SH,20260928,209.0,209.99,189.78,191.25,210.68,-19.43,-9.2225,116891.33,2282755.111,688205,德科立,通信设备
688206.SH,20260928,36.8,36.88,34.5,35.39,36.79,-1.4,-3.8054,55518.9,196484.286,688206,概伦电子,半导体
688207.SH,20260928,19.56,19.66,18.58,19.04,19.72,-0.68,-3.4483,97666.24,185233.085,688207,格灵深瞳,软件服务
688208.SH,20260928,25.44,25.7,24.6,24.69,25.6,-0.91,-3.5547,55481.49,138106.168,688208,道通科技,IT设备
688209.SH,20260928,35.35,35.5,32.34,32.89,35.0,-2.11,-6.0286,170050.31,567110.129,688209,英集芯,半导体
688210.SH,20260928,28.88,28.98,27.07,27.39,28.92,-1.53,-5.2905,30415.91,84402.576,688210,统联精密,元器件
688211.SH,20260928,33.2,33.29,32.0,32.44,33.12,-0.68,-2.0531,7525.35,24441.813,688211,中科微至,专用机械
688212.SH,20260928,29.52,29.6,27.65,28.06,29.39,-1.33,-4.5253,29542.73,83451.664,688212,澳华内镜,医疗保健
688213.SH,20260928,92.91,94.0,90.62,92.15,93.41,-1.26,-1.3489,43385.1,398769.026,688213,思特威,半导体
688215.SH,20260928,46.99,46.99,43.46,44.22,46.09,-1.87,-4.0573,12395.12,54819.711,688215,瑞晟智能,专用机械
688216.SH,20260928,40.19,40.65,38.2,38.51,40.29,-1.78,-4.418,69785.74,272775.219,688216,气派科技,半导体
688217.SH,20260928,25.86,25.98,24.91,25.28,25.65,-0.37,-1.4425,9054.37,22961.955,688217,睿昂基因,医疗保健
688218.SH,20260928,38.77,39.38,36.8,38.36,38.69,-0.33,-0.8529,35773.92,135618.72,688218,江苏北人,专用机械
688219.SH,20260928,10.36,10.4,10.13,10.14,10.37,-0.23,-2.2179,41335.37,42193.774,688219,会通股份,塑料
688220.SH,20260928,96.01,96.9,91.3,92.23,97.36,-5.13,-5.2691,63661.43,591977.739,688220,翱捷科技,半导体
688221.SH,20260928,16.95,16.99,16.18,16.31,16.73,-0.42,-2.5105,92300.9,151875.942,688221,前沿生物,生物制药
688222.SH,20260928,44.5,44.7,42.61,43.68,44.19,-0.51,-1.1541,218468.26,955576.27,688222,成都先导,化学制药
688223.SH,20260928,3.75,3.84,3.64,3.68,3.75,-0.07,-1.8667,797220.88,297350.237,688223,晶科能源,电气设备
688225.SH,20260928,15.28,16.16,14.68,15.64,14.73,0.91,6.1779,215186.85,331809.267,688225,亚信安全,软件服务
688226.SH,20260928,30.34,30.49,27.71,28.11,30.64,-2.53,-8.2572,81711.89,232866.158,688226,威腾电气,电气设备
688227.SH,20260928,76.21,77.32,71.28,71.41,77.0,-5.59,-7.2597,28347.76,206929.791,688227,品高股份,软件服务
688228.SH,20260928,85.65,85.65,81.61,83.5,84.44,-0.94,-1.1132,13945.93,116606.747,688228,开普云,软件服务
688229.SH,20260928,60.23,60.56,57.45,58.24,60.57,-2.33,-3.8468,4885.94,28571.085,688229,博睿数据,软件服务
688230.SH,20260928,60.74,61.6,57.25,58.08,61.01,-2.93,-4.8025,13363.29,78387.928,688230,芯导科技,半导体
688231.SH,20260928,35.02,35.09,32.34,33.0,34.65,-1.65,-4.7619,48986.02,162873.001,688231,隆达股份,航空
688232.SH,20260928,17.51,17.55,17.14,17.49,17.45,0.04,0.2292,20528.72,35673.001,688232,新点软件,软件服务
688233.SH,20260928,100.04,100.05,92.11,93.24,100.36,-7.12,-7.0945,58381.76,553663.542,688233,神工股份,半导体
688234.SH,20260928,109.29,111.95,104.01,105.28,110.35,-5.07,-4.5945,98335.46,1049336.743,688234,天岳先进,半导体
688235.SH,20260928,259.13,262.87,255.24,257.9,258.0,-0.1,-0.0388,23011.23,597287.775,688235,百济神州,生物制药
688236.SH,20260928,14.29,14.32,13.94,14.12,14.12,0.0,0.0,15993.48,22541.382,688236,春立医疗,医疗保健
688237.SH,20260928,59.01,59.39,57.0,57.95,59.0,-1.05,-1.7797,10536.46,60977.858,688237,超卓航科,航空
688238.SH,20260928,8.65,8.8,8.33,8.56,8.52,0.04,0.4695,413342.02,351450.044,688238,和元生物,医疗保健
688239.SH,20260928,55.02,56.48,54.16,54.96,55.45,-0.49,-0.8837,59244.82,326607.124,688239,航宇科技,航空
688244.SH,20260928,17.06,19.8,16.72,19.8,16.5,3.3,20.0,147652.72,270535.534,688244,永信至诚,软件服务
688246.SH,20260928,17.41,17.41,16.82,16.97,17.22,-0.25,-1.4518,20972.75,35722.109,688246,嘉和美康,软件服务
688247.SH,20260928,9.88,10.21,9.8,9.95,9.88,0.07,0.7085,78596.41,78733.745,688247,宣泰医药,化学制药
688248.SH,20260928,47.19,47.55,45.4,46.37,47.47,-1.1,-2.3173,32318.75,150131.983,688248,南网科技,电气设备
688249.SH,20260928,34.74,35.08,33.1,33.21,34.82,-1.61,-4.6238,170330.05,574426.316,688249,晶合集成,半导体
688251.SH,20260928,18.53,18.55,17.77,18.51,18.45,0.06,0.3252,28554.14,51847.407,688251,井松智能,专用机械
688252.SH,20260928,21.21,21.48,20.55,20.79,21.32,-0.53,-2.4859,54379.23,114062.363,688252,天德钰,半导体
688253.SH,20260928,56.75,57.06,54.54,54.87,57.1,-2.23,-3.9054,10491.53,58074.607,688253,英诺特,医疗保健
688255.SH,20260928,26.71,27.16,25.83,26.04,26.8,-0.76,-2.8358,28561.1,74951.315,688255,凯尔达,机械基件
688256.SH,20260928,1075.0,1080.0,1020.0,1020.0,1091.48,-71.48,-6.5489,85333.25,8843414.396,688256,寒武纪,半导体
688257.SH,20260928,57.88,58.74,54.0,54.52,58.21,-3.69,-6.3391,145362.53,807298.587,688257,新锐股份,机械基件
688258.SH,20260928,86.84,87.66,80.9,82.2,88.14,-5.94,-6.7393,34689.09,287745.07,688258,卓易信息,软件服务
688259.SH,20260928,33.45,34.69,32.7,32.91,33.34,-0.43,-1.2897,25653.8,86356.716,688259,创耀科技,半导体
688260.SH,20260928,109.0,110.16,98.22,100.19,108.64,-8.45,-7.778,52952.55,540025.104,688260,昀冢科技,元器件
688261.SH,20260928,76.99,77.0,72.33,74.0,77.3,-3.3,-4.2691,45598.07,338064.857,688261,东微半导,半导体
688262.SH,20260928,29.23,29.23,27.55,28.01,29.24,-1.23,-4.2066,89657.57,252240.058,688262,国芯科技,半导体
688265.SH,20260928,53.56,55.97,52.18,54.61,52.13,2.48,4.7573,35219.17,190805.292,688265,南模生物,医疗保健
688266.SH,20260928,108.95,111.97,106.95,107.16,108.95,-1.79,-1.643,31095.91,339514.72,688266,泽璟制药,生物制药
688267.SH,20260928,22.29,22.32,21.61,21.85,22.29,-0.44,-1.974,20534.6,44858.084,688267,中触媒,化工原料
688268.SH,20260928,131.03,132.0,123.28,124.14,132.03,-7.89,-5.9759,32465.98,408080.31,688268,华特气体,化工原料
688269.SH,20260928,27.44,27.64,26.02,26.1,27.69,-1.59,-5.7421,16886.99,44846.812,688269,凯立新材,化工原料
688270.SH,20260928,56.6,57.18,55.0,55.05,56.91,-1.86,-3.2683,39557.04,220961.527,688270,ST臻镭,半导体
688271.SH,20260928,102.77,106.1,102.39,105.88,102.41,3.47,3.3883,82504.49,864400.401,688271,联影医疗,医疗保健
688272.SH,20260928,29.75,29.75,28.61,28.86,29.46,-0.6,-2.0367,13819.89,40168.913,688272,富吉瑞,元器件
688273.SH,20260928,29.74,30.26,29.1,29.48,29.43,0.05,0.1699,14036.91,41477.446,688273,麦澜德,医疗保健
688275.SH,20260928,67.1,67.62,63.4,64.42,67.64,-3.22,-4.7605,33244.02,215619.506,688275,万润新能,电气设备
688276.SH,20260928,17.89,18.2,17.6,17.76,17.75,0.01,0.0563,40834.6,72862.348,688276,百克生物,生物制药
688277.SH,20260928,15.52,15.66,15.16,15.23,15.29,-0.06,-0.3924,43784.59,67275.037,688277,天智航,医疗保健
688278.SH,20260928,51.4,51.9,50.98,51.6,51.4,0.2,0.3891,20381.91,104897.632,688278,特宝生物,生物制药
688279.SH,20260928,213.17,213.56,204.57,206.53,213.56,-7.03,-3.2918,12756.06,265653.219,688279,峰岹科技,半导体
688280.SH,20260928,4.88,4.96,4.8,4.87,4.88,-0.01,-0.2049,126453.93,61689.802,688280,精进电动,汽车配件
688281.SH,20260928,50.43,50.62,48.63,49.15,49.91,-0.76,-1.5227,23158.37,114256.523,688281,华秦科技,航空
688282.SH,20260928,54.44,55.13,50.62,51.03,54.9,-3.87,-7.0492,10016.37,52233.912,688282,理工导航,通信设备
688283.SH,20260928,33.4,33.4,29.03,30.07,34.08,-4.01,-11.7664,57468.1,175625.669,688283,坤恒顺维,电器仪表
688285.SH,20260928,7.65,7.65,7.49,7.59,7.61,-0.02,-0.2628,19784.01,14983.925,688285,高铁电气,运输设备
688286.SH,20260928,55.8,55.92,49.58,50.24,55.8,-5.56,-9.9642,72048.49,370900.079,688286,敏芯股份,半导体
688288.SH,20260928,20.02,20.12,19.32,19.62,19.9,-0.28,-1.407,17764.21,34833.959,688288,鸿泉技术,IT设备
688289.SH,20260928,16.67,16.85,16.4,16.6,16.65,-0.05,-0.3003,43295.49,71777.94,688289,圣湘生物,医疗保健
688290.SH,20260928,60.52,60.77,55.0,56.07,61.0,-4.93,-8.082,10338.62,59005.485,688290,景业智能,专用机械
688291.SH,20260928,42.3,43.0,39.8,40.8,42.3,-1.5,-3.5461,28324.11,116454.285,688291,金橙子,软件服务
688292.SH,20260928,22.17,23.08,21.32,21.89,21.74,0.15,0.69,82211.47,181205.858,688292,浩瀚深度,通信设备
688293.SH,20260928,77.0,77.95,74.0,74.84,77.45,-2.61,-3.3699,55587.11,417689.022,688293,奥浦迈,生物制药
688295.SH,20260928,36.3,36.62,35.02,35.23,36.41,-1.18,-3.2409,41616.43,147388.843,688295,中复神鹰,化纤
688296.SH,20260928,27.47,27.47,24.3,24.56,27.58,-3.02,-10.95,85452.26,215388.284,688296,和达科技,软件服务
688297.SH,20260928,42.15,42.55,41.66,42.08,42.15,-0.07,-0.1661,60116.64,252838.712,688297,中无人机,航空
688298.SH,20260928,19.26,19.51,18.92,18.96,19.18,-0.22,-1.147,15619.65,29924.847,688298,东方生物,医疗保健
688299.SH,20260928,13.25,13.45,12.84,12.95,13.37,-0.42,-3.1414,42700.15,55676.358,688299,长阳科技,元器件
688300.SH,20260928,166.0,166.0,145.11,145.69,167.8,-22.11,-13.1764,105292.93,1603236.752,688300,联瑞新材,矿物制品
688301.SH,20260928,88.25,88.5,82.44,84.97,89.1,-4.13,-4.6352,83454.72,704644.952,688301,奕瑞科技,医疗保健
688302.SH,20260928,32.0,33.33,31.56,31.87,32.89,-1.02,-3.1012,11255.58,36151.527,688302,海创药业,生物制药
688303.SH,20260928,15.9,16.08,15.49,15.5,15.83,-0.33,-2.0846,71875.33,112825.35,688303,大全能源,电气设备
688305.SH,20260928,56.33,56.64,54.28,54.73,56.3,-1.57,-2.7886,16163.93,88868.678,688305,科德数控,机床制造
688306.SH,20260928,10.16,10.2,9.8,9.86,10.15,-0.29,-2.8571,147583.66,146623.898,688306,均普智能,专用机械
688307.SH,20260928,46.78,47.4,43.14,43.63,47.21,-3.58,-7.5831,39943.28,178115.304,688307,中润光学,元器件
688308.SH,20260928,85.35,85.36,79.5,80.0,85.35,-5.35,-6.2683,55329.56,451332.375,688308,欧科亿,机械基件
688309.SH,20260928,77.51,77.59,72.88,74.66,77.2,-2.54,-3.2902,18463.16,137633.463,688309,恒誉科技,环境保护
688310.SH,20260928,16.08,16.08,15.34,15.45,15.75,-0.3,-1.9048,21822.59,33893.63,688310,迈得医疗,医疗保健
688311.SH,20260928,24.5,24.6,23.48,23.55,24.55,-1.0,-4.0733,35869.2,85247.774,688311,盟升电子,元器件
688312.SH,20260928,57.45,57.9,48.97,49.17,57.79,-8.62,-14.9161,126431.02,659256.35,688312,燕麦科技,专用机械
688313.SH,20260928,155.0,157.0,143.43,145.5,157.3,-11.8,-7.5016,157098.22,2319778.889,688313,仕佳光子,通信设备
688314.SH,20260928,31.01,31.39,30.03,30.37,30.76,-0.39,-1.2679,16717.15,51166.832,688314,康拓医疗,医疗保健
688315.SH,20260928,20.99,21.4,19.39,20.06,20.4,-0.34,-1.6667,291388.15,589046.707,688315,诺禾致源,医疗保健
688316.SH,20260928,45.93,46.26,44.01,44.7,45.92,-1.22,-2.6568,13050.23,58420.135,688316,青云科技,软件服务
688317.SH,20260928,18.64,19.0,18.15,18.24,18.75,-0.51,-2.72,36108.37,66423.151,688317,之江生物,医疗保健
688318.SH,20260928,78.05,78.08,74.93,75.73,78.0,-2.27,-2.9103,37964.05,288368.663,688318,财富趋势,软件服务
688319.SH,20260928,31.45,31.85,29.81,30.8,31.52,-0.72,-2.2843,75062.04,229471.793,688319,欧林生物,生物制药
688320.SH,20260928,37.12,37.27,35.12,35.25,37.38,-2.13,-5.6982,53966.67,192993.045,688320,禾川科技,电器仪表
688321.SH,20260928,25.4,25.59,24.82,25.21,25.35,-0.14,-0.5523,78121.07,196331.927,688321,微芯生物,化学制药
688322.SH,20260928,89.6,89.61,84.9,85.75,89.51,-3.76,-4.2006,55178.09,476386.803,688322,奥比中光,元器件
688323.SH,20260928,26.62,26.63,23.91,24.18,26.61,-2.43,-9.1319,105496.88,260411.002,688323,瑞华泰,塑料
688325.SH,20260928,108.0,112.95,108.0,110.96,108.83,2.13,1.9572,13055.36,144166.606,688325,赛微微电,半导体
688326.SH,20260928,58.29,58.29,56.01,56.3,57.98,-1.68,-2.8976,10168.62,57817.254,688326,经纬恒润,汽车配件
688327.SH,20260928,9.89,9.96,9.49,9.68,9.89,-0.21,-2.1234,163271.57,157437.768,688327,云从科技,软件服务
688328.SH,20260928,80.49,80.99,73.8,74.37,80.3,-5.93,-7.3848,49298.55,375257.907,688328,深科达,专用机械
688329.SH,20260928,23.79,24.2,23.13,23.37,23.32,0.05,0.2144,18368.62,43197.981,688329,艾隆科技,专用机械
688330.SH,20260928,37.69,37.87,36.51,36.83,37.88,-1.05,-2.7719,13927.57,51545.762,688330,宏力达,电气设备
688331.SH,20260928,115.42,118.76,114.88,115.34,116.28,-0.94,-0.8084,52846.73,614903.39,688331,荣昌生物,生物制药
688332.SH,20260928,93.0,94.27,86.63,87.87,93.84,-5.97,-6.3619,57792.91,513750.479,688332,中科蓝讯,半导体
688333.SH,20260928,107.19,108.51,99.13,100.0,108.27,-8.27,-7.6383,141475.25,1441394.563,688333,铂力特,机械基件
688334.SH,20260928,18.06,18.06,17.69,17.73,17.95,-0.22,-1.2256,11448.46,20407.729,688334,西高院,电气设备
688335.SH,20260928,17.56,17.79,16.85,17.03,17.6,-0.57,-3.2386,22902.42,39253.828,688335,复洁科技,环境保护
688336.SH,20260928,39.0,39.98,39.0,39.2,39.21,-0.01,-0.0255,55802.99,220366.395,688336,三生国健,生物制药
688337.SH,20260928,56.0,58.0,47.3,51.62,58.61,-6.99,-11.9263,191115.07,980656.852,688337,普源精电,电器仪表
688338.SH,20260928,32.07,32.41,31.48,31.98,31.8,0.18,0.566,19718.19,63099.056,688338,赛科希德,医疗保健
688339.SH,20260928,18.3,18.88,17.4,18.49,18.1,0.39,2.1547,84908.76,155125.587,688339,亿华通,汽车配件
688343.SH,20260928,63.91,64.32,61.48,61.93,63.85,-1.92,-3.007,100753.62,628703.044,688343,云天励飞,软件服务
688345.SH,20260928,48.44,48.63,44.13,44.97,48.11,-3.14,-6.5267,18681.67,85181.309,688345,博力威,电气设备
688347.SH,20260928,222.0,223.1,211.57,213.76,224.1,-10.34,-4.614,123805.91,2667776.979,688347,华虹宏力,半导体
688348.SH,20260928,30.93,30.93,29.45,29.8,30.5,-0.7,-2.2951,13096.95,39279.401,688348,昱能科技,电气设备
688349.SH,20260928,12.9,13.06,12.61,12.85,12.94,-0.09,-0.6955,75483.55,96476.104,688349,三一重能,电气设备
688350.SH,20260928,29.35,29.35,27.9,28.58,29.39,-0.81,-2.756,25936.58,74029.492,688350,富淼科技,化工原料
688351.SH,20260928,17.4,17.71,16.92,17.05,17.5,-0.45,-2.5714,22925.78,39272.938,688351,微电生理,医疗保健
688352.SH,20260928,19.11,19.28,17.37,17.67,19.09,-1.42,-7.4384,254767.78,454743.423,688352,颀中科技,半导体
688353.SH,20260928,80.66,80.88,77.61,78.96,79.86,-0.9,-1.127,33760.45,266686.394,688353,华盛锂电,化工原料
688355.SH,20260928,17.17,17.17,16.48,16.73,16.97,-0.24,-1.4143,11400.18,19094.657,688355,明志科技,机械基件
688356.SH,20260928,95.25,100.44,93.0,99.45,94.79,4.66,4.9161,60474.28,586170.671,688356,键凯科技,化学制药
688357.SH,20260928,26.93,27.2,26.27,26.68,26.93,-0.25,-0.9283,11513.66,30656.644,688357,建龙微纳,化工原料
688358.SH,20260928,29.25,29.44,28.5,28.8,29.0,-0.2,-0.6897,7483.38,21588.623,688358,祥生医疗,医疗保健
688359.SH,20260928,112.0,113.99,101.22,102.76,111.09,-8.33,-7.4984,43341.41,458671.522,688359,三孚新科,化工原料
688360.SH,20260928,16.31,16.79,16.18,16.19,16.4,-0.21,-1.2805,59557.7,98258.491,688360,德马科技,机械基件
688361.SH,20260928,365.92,377.35,353.0,361.24,370.3,-9.06,-2.4467,86378.06,3131945.75,688361,中科飞测,半导体
688362.SH,20260928,60.66,60.66,56.0,56.8,60.85,-4.05,-6.6557,148153.18,852812.718,688362,甬矽电子,半导体
688363.SH,20260928,34.7,35.1,34.23,34.3,34.7,-0.4,-1.1527,20900.05,72076.291,688363,华熙生物,医疗保健
688365.SH,20260928,15.99,16.19,15.1,15.22,16.07,-0.85,-5.2894,152991.48,235439.321,688365,光云科技,软件服务
688366.SH,20260928,30.33,30.33,29.72,29.82,29.91,-0.09,-0.3009,3490.4,10451.567,688366,昊海生科,医疗保健
688367.SH,20260928,30.93,31.2,29.11,29.52,30.9,-1.38,-4.466,13037.58,38890.057,688367,工大高科,运输设备
688368.SH,20260928,139.0,139.0,124.56,129.59,140.21,-10.62,-7.5744,49310.28,642269.871,688368,晶丰明源,半导体
688369.SH,20260928,19.57,19.63,19.05,19.36,19.57,-0.21,-1.0731,22775.25,43905.795,688369,致远互联,软件服务
688370.SH,20260928,28.16,28.82,27.48,28.59,28.42,0.17,0.5982,13263.55,37545.175,688370,丛麟科技,环境保护
688371.SH,20260928,24.98,24.98,22.2,22.82,24.84,-2.02,-8.132,84639.49,195229.408,688371,菲沃泰,元器件
688372.SH,20260928,112.35,112.37,104.57,105.0,112.78,-7.78,-6.8984,73085.58,777595.727,688372,伟测科技,半导体
688373.SH,20260928,5.86,5.91,5.63,5.66,5.86,-0.2,-3.413,139233.68,79770.805,688373,盟科药业,化学制药
688375.SH,20260928,69.25,69.47,65.08,65.77,68.88,-3.11,-4.5151,31268.82,207652.638,688375,国博电子,元器件
688376.SH,20260928,63.0,63.0,57.22,57.43,63.06,-5.63,-8.928,17565.2,103436.654,688376,美埃科技,专用机械
688377.SH,20260928,16.95,17.25,16.61,16.91,16.97,-0.06,-0.3536,25546.62,43259.279,688377,迪威尔,专用机械
688378.SH,20260928,51.27,51.6,47.0,47.47,50.72,-3.25,-6.4077,105764.28,514004.941,688378,奥来德,专用机械
688379.SH,20260928,60.93,61.11,53.77,54.66,61.27,-6.61,-10.7883,74128.54,410706.104,688379,华光新材,机械基件
688380.SH,20260928,42.33,42.5,40.04,40.29,42.28,-1.99,-4.7067,66999.97,273398.965,688380,中微半导,半导体
688381.SH,20260928,45.11,45.29,41.39,41.65,45.1,-3.45,-7.6497,121602.29,517696.135,688381,帝奥微,半导体
688382.SH,20260928,18.74,18.92,17.23,17.65,18.75,-1.1,-5.8667,161589.88,287667.026,688382,益方生物,生物制药
688383.SH,20260928,140.86,142.49,126.9,128.78,143.01,-14.23,-9.9504,28007.17,368867.282,688383,新益昌,专用机械
688385.SH,20260928,59.75,59.78,56.56,56.95,59.78,-2.83,-4.734,122163.73,703560.192,688385,复旦微电,半导体
688386.SH,20260928,48.5,49.14,45.7,45.88,49.11,-3.23,-6.5771,28683.82,133880.305,688386,泛亚微透,化工原料
688387.SH,20260928,12.25,12.31,11.41,11.53,12.31,-0.78,-6.3363,333764.25,389775.358,688387,信科移动,通信设备
688388.SH,20260928,29.68,29.71,27.15,27.26,30.0,-2.74,-9.1333,367015.75,1025716.791,688388,嘉元科技,电气设备
688389.SH,20260928,11.18,11.3,11.09,11.16,11.12,0.04,0.3597,18443.61,20643.944,688389,普门科技,医疗保健
688390.SH,20260928,56.88,57.22,54.1,54.67,56.8,-2.13,-3.75,66532.33,366292.487,688390,固德威,电气设备
688391.SH,20260928,27.02,27.06,26.0,26.42,27.02,-0.6,-2.2206,14958.52,39308.027,688391,钜泉科技,半导体
688392.SH,20260928,166.03,170.79,158.0,159.4,167.0,-7.6,-4.5509,25754.53,419455.043,688392,骄成超声,专用机械
688393.SH,20260928,22.58,22.6,21.77,22.16,22.21,-0.05,-0.2251,21752.27,48042.501,688393,安必平,医疗保健
688395.SH,20260928,26.72,26.75,24.7,25.73,26.35,-0.62,-2.3529,25507.06,65209.412,688395,正弦电气,机械基件
688396.SH,20260928,59.0,59.15,55.8,56.31,59.17,-2.86,-4.8335,150500.04,855009.886,688396,华润微,半导体
688398.SH,20260928,23.91,24.09,22.62,22.68,23.57,-0.89,-3.776,17421.47,40522.25,688398,赛特新材,矿物制品
688399.SH,20260928,27.51,28.01,26.71,26.98,27.63,-0.65,-2.3525,16793.49,45534.093,688399,硕世生物,医疗保健
688400.SH,20260928,44.6,44.61,40.99,41.4,46.15,-4.75,-10.2925,134759.36,570187.775,688400,凌云光,专用机械
688401.SH,20260928,69.88,70.22,64.37,64.96,70.76,-5.8,-8.1967,56189.8,372937.42,688401,路维光电,半导体
688403.SH,20260928,24.46,24.8,22.2,22.4,24.8,-2.4,-9.6774,522373.7,1208229.025,688403,汇成股份,半导体
688408.SH,20260928,22.8,22.97,22.05,22.34,22.7,-0.36,-1.5859,20712.93,46426.886,688408,中信博,电气设备
688409.SH,20260928,186.0,187.75,174.0,176.8,186.02,-9.22,-4.9565,56385.36,1009258.214,688409,富创精密,半导体
688410.SH,20260928,9.82,9.9,9.45,9.54,9.77,-0.23,-2.3541,63195.98,60548.721,688410,山外山,医疗保健
688411.SH,20260928,160.15,160.73,152.8,155.1,161.01,-5.91,-3.6706,20269.16,315709.386,688411,海博思创,电气设备
688416.SH,20260928,78.95,79.75,72.51,73.24,79.71,-6.47,-8.1169,47562.43,355392.273,688416,恒烁股份,半导体
688418.SH,20260928,32.17,32.17,29.77,30.19,32.0,-1.81,-5.6563,34706.43,105556.205,688418,震有科技,通信设备
688419.SH,20260928,52.01,52.03,48.08,48.9,52.08,-3.18,-6.106,28587.13,141425.804,688419,耐科装备,半导体
688420.SH,20260928,22.64,23.19,22.18,22.85,22.81,0.04,0.1754,10212.8,23083.785,688420,美腾科技,专用机械
688425.SH,20260928,3.92,3.95,3.89,3.91,3.92,-0.01,-0.2551,103364.16,40401.306,688425,铁建重工,工程机械
688426.SH,20260928,21.87,22.83,21.0,21.25,21.96,-0.71,-3.2332,39848.54,86318.853,688426,康为世纪,生物制药
688428.SH,20260928,29.58,29.69,27.89,28.63,29.86,-1.23,-4.1192,192891.3,554388.566,688428,诺诚健华,生物制药
688429.SH,20260928,10.2,10.2,9.73,9.8,10.09,-0.29,-2.8741,12004.75,11913.0,688429,时创能源,电气设备
688432.SH,20260928,54.0,57.5,52.5,53.15,55.13,-1.98,-3.5915,583609.64,3238708.372,688432,有研硅,半导体
688433.SH,20260928,86.27,86.92,79.61,81.34,86.5,-5.16,-5.9653,49386.78,403210.052,688433,华曙高科,专用机械
688435.SH,20260928,30.17,30.2,29.0,29.72,30.11,-0.39,-1.2953,18492.28,54680.356,688435,英方软件,软件服务
688439.SH,20260928,38.2,38.2,36.77,36.86,38.16,-1.3,-3.4067,18223.41,67748.559,688439,振华风光,元器件
688443.SH,20260928,24.73,24.89,24.0,24.24,24.61,-0.37,-1.5035,34019.26,82723.098,688443,智翔金泰,生物制药
688448.SH,20260928,66.79,67.12,58.3,62.49,65.69,-3.2,-4.8714,37220.73,228442.054,688448,磁谷科技,专用机械
688449.SH,20260928,62.0,62.0,56.41,57.25,61.61,-4.36,-7.0768,65586.34,381394.966,688449,联芸科技,半导体
688450.SH,20260928,33.21,33.25,31.2,31.94,33.07,-1.13,-3.417,13290.83,42382.753,688450,光格科技,电器仪表
688455.SH,20260928,17.7,18.14,17.4,17.69,17.7,-0.01,-0.0565,25519.67,45469.43,688455,科捷智能,机械基件
688456.SH,20260928,75.0,75.34,69.34,70.19,75.12,-4.93,-6.5628,52061.87,371496.827,688456,有研粉材,铜
688458.SH,20260928,39.99,39.99,36.75,37.7,39.16,-1.46,-3.7283,20377.58,76693.522,688458,美芯晟,半导体
688459.SH,20260928,8.31,8.34,8.11,8.21,8.23,-0.02,-0.243,10395.52,8513.457,688459,哈铁科技,运输设备
688466.SH,20260928,14.08,14.16,13.77,13.97,14.05,-0.08,-0.5694,13009.59,18131.987,688466,金科环境,环境保护
688468.SH,20260928,6.54,6.65,6.49,6.54,6.53,0.01,0.1531,36631.7,24043.797,688468,科美诊断,医疗保健
688469.SH,20260928,8.57,8.74,8.51,8.6,8.59,0.01,0.1164,986031.03,850248.202,688469,芯联集成,半导体
688472.SH,20260928,8.33,8.38,8.16,8.18,8.32,-0.14,-1.6827,228053.56,187343.017,688472,阿特斯,电气设备
688475.SH,20260928,28.29,28.33,27.15,27.21,27.99,-0.78,-2.7867,44885.71,123901.748,688475,萤石网络,IT设备
688478.SH,20260928,51.04,53.5,48.0,48.68,50.64,-1.96,-3.8705,72103.31,360647.585,688478,晶升股份,半导体
688479.SH,20260928,37.33,37.84,34.5,34.76,37.22,-2.46,-6.6093,23014.48,81868.023,688479,友车科技,软件服务
688480.SH,20260928,70.0,70.0,64.52,64.8,70.0,-5.2,-7.4286,14426.26,95522.705,688480,赛恩斯,环境保护
688484.SH,20260928,33.5,33.7,32.0,32.71,33.67,-0.96,-2.8512,57449.87,187618.683,688484,南芯科技,半导体
688485.SH,20260928,121.0,121.0,104.53,105.4,119.94,-14.54,-12.1227,98365.35,1084256.24,688485,九州一轨,运输设备
688486.SH,20260928,48.67,48.8,46.71,47.1,49.0,-1.9,-3.8776,57391.39,272256.247,688486,龙迅股份,半导体
688488.SH,20260928,15.91,16.38,15.48,15.69,15.95,-0.26,-1.6301,59760.6,93902.319,688488,艾迪药业,生物制药
688489.SH,20260928,27.17,27.87,26.5,27.27,27.12,0.15,0.5531,32432.02,88166.663,688489,三未信安,IT设备
688498.SH,20260928,1632.0,1656.97,1561.0,1591.43,1700.03,-108.6,-6.3881,38733.82,6189649.531,688498,源杰科技,半导体
688499.SH,20260928,38.0,38.66,36.28,37.0,37.75,-0.75,-1.9868,63412.71,236329.679,688499,利元亨,专用机械
688500.SH,20260928,31.28,31.28,29.55,30.2,30.7,-0.5,-1.6287,16267.14,48944.511,688500,慧辰股份,互联网
688501.SH,20260928,15.49,15.78,15.2,15.21,15.4,-0.19,-1.2338,43627.72,67328.095,688501,青达环保,环境保护
688502.SH,20260928,434.0,442.55,403.5,408.3,444.6,-36.3,-8.1646,15101.14,631207.562,688502,茂莱光学,元器件
688503.SH,20260928,74.83,76.5,70.38,71.49,76.01,-4.52,-5.9466,110898.99,802604.061,688503,聚和材料,电气设备
688505.SH,20260928,8.36,8.51,8.21,8.28,8.36,-0.08,-0.9569,84472.76,70395.776,688505,复旦张江,化学制药
688506.SH,20260928,239.3,243.42,237.41,239.53,239.3,0.23,0.0961,15440.87,370971.439,688506,百利天恒,化学制药
688507.SH,20260928,141.11,141.66,130.01,132.5,141.09,-8.59,-6.0883,26188.45,350326.459,688507,索辰科技,软件服务
688508.SH,20260928,84.0,84.63,77.4,78.5,84.29,-5.79,-6.8691,59683.37,478301.562,688508,芯朋微,半导体
688509.SH,20260928,4.2,4.2,4.08,4.15,4.15,0.0,0.0,45668.17,18876.159,688509,正元地信,软件服务
688510.SH,20260928,23.98,24.58,23.4,23.75,23.98,-0.23,-0.9591,60638.15,144367.263,688510,航亚科技,航空
688511.SH,20260928,23.14,23.4,22.03,22.25,23.06,-0.81,-3.5126,17551.96,39452.899,688511,天微电子,元器件
688512.SH,20260928,17.67,18.15,16.33,16.59,17.58,-0.99,-5.6314,469108.58,797613.188,688512,慧智微,半导体
688513.SH,20260928,50.11,50.52,49.0,49.5,50.0,-0.5,-1.0,16660.84,82493.732,688513,苑东生物,化学制药
688515.SH,20260928,152.0,154.34,141.69,143.73,152.5,-8.77,-5.7508,27289.77,397212.112,688515,裕太微,半导体
688516.SH,20260928,43.34,44.49,41.65,42.41,43.91,-1.5,-3.4161,65795.49,279816.989,688516,奥特维,专用机械
688517.SH,20260928,16.76,17.25,16.08,16.9,16.68,0.22,1.3189,35349.81,58801.795,688517,金冠电气,电气设备
688518.SH,20260928,21.08,21.35,19.88,20.25,21.08,-0.83,-3.9374,118328.71,241116.73,688518,联赢激光,专用机械
688519.SH,20260928,291.42,295.0,273.0,275.4,295.08,-19.68,-6.6694,43233.36,1214825.831,688519,南亚新材,元器件
688520.SH,20260928,35.91,36.32,34.94,35.19,35.75,-0.56,-1.5664,23599.45,83389.201,688520,神州细胞,生物制药
688521.SH,20260928,206.98,207.45,190.7,193.0,207.45,-14.45,-6.9655,171369.85,3367276.977,688521,芯原股份,半导体
688522.SH,20260928,18.42,18.45,17.78,17.9,18.4,-0.5,-2.7174,31696.93,57066.488,688522,纳睿雷达,通信设备
688523.SH,20260928,39.32,39.86,37.5,38.07,39.52,-1.45,-3.669,27251.79,104134.292,688523,航天环宇,航空
688525.SH,20260928,208.18,209.38,198.2,198.25,211.01,-12.76,-6.0471,163657.64,3311029.7,688525,佰维存储,半导体
688526.SH,20260928,12.23,12.23,12.03,12.13,12.18,-0.05,-0.4105,7105.56,8590.446,688526,科前生物,农业综合
688528.SH,20260928,10.31,10.46,10.01,10.28,10.31,-0.03,-0.291,22940.79,23522.929,688528,秦川物联,电器仪表
688529.SH,20260928,15.8,15.8,14.77,15.1,15.6,-0.5,-3.2051,20946.24,31627.73,688529,豪森智能,专用机械
688530.SH,20260928,61.14,61.84,56.11,57.45,61.71,-4.26,-6.9033,65718.56,381800.884,688530,欧莱新材,半导体
688531.SH,20260928,137.9,137.9,125.2,126.6,138.5,-11.9,-8.5921,47575.77,613741.084,688531,日联科技,专用机械
688533.SH,20260928,20.35,20.54,19.89,19.89,20.1,-0.21,-1.0448,9251.06,18590.162,688533,上声电子,汽车配件
688535.SH,20260928,108.94,108.98,100.5,101.31,108.84,-7.53,-6.9184,62423.23,644407.865,688535,华海诚科,半导体
688536.SH,20260928,349.89,353.53,338.21,342.42,346.81,-4.39,-1.2658,30866.53,1064462.642,688536,思瑞浦,半导体
688538.SH,20260928,2.05,2.06,2.02,2.04,2.05,-0.01,-0.4878,522200.61,106387.077,688538,和辉光电,半导体
688539.SH,20260928,25.0,25.39,23.5,23.92,24.85,-0.93,-3.7425,19717.65,47728.161,688539,高华科技,电器仪表
688543.SH,20260928,43.68,43.68,41.66,41.98,43.73,-1.75,-4.0018,57639.64,243814.856,688543,国科军工,专用机械
688545.SH,20260928,76.98,76.98,70.65,72.0,76.68,-4.68,-6.1033,81512.81,592269.23,688545,兴福电子,元器件
688548.SH,20260928,32.64,33.3,31.4,31.64,33.32,-1.68,-5.042,264583.43,851551.873,688548,广钢气体,化工原料
688549.SH,20260928,23.18,23.3,21.68,21.99,23.27,-1.28,-5.5006,388409.62,864744.726,688549,中巨芯,元器件
688550.SH,20260928,38.14,38.37,36.21,36.28,38.06,-1.78,-4.6768,28021.39,103187.0,688550,瑞联新材,化工原料
688551.SH,20260928,43.31,43.39,37.57,38.28,43.2,-4.92,-11.3889,53367.67,210973.478,688551,科威尔,专用机械
688552.SH,20260928,29.87,30.22,28.91,29.07,29.86,-0.79,-2.6457,21126.69,61964.571,688552,航天南湖,通信设备
688553.SH,20260928,12.29,12.45,11.99,12.09,12.26,-0.17,-1.3866,134813.21,164736.971,688553,汇宇制药,化学制药
688556.SH,20260928,7.87,7.9,7.5,7.57,7.85,-0.28,-3.5669,134335.43,102758.588,688556,高测股份,专用机械
688557.SH,20260928,21.2,21.36,20.61,20.71,21.28,-0.57,-2.6786,13388.78,27989.862,688557,兰剑智能,专用机械
688558.SH,20260928,33.86,34.03,33.07,33.65,34.08,-0.43,-1.2617,14723.27,49308.222,688558,国盛智科,机床制造
688559.SH,20260928,59.47,59.79,54.02,55.19,58.33,-3.14,-5.3832,128446.45,719861.506,688559,海目星,专用机械
688560.SH,20260928,12.84,12.95,12.5,12.62,12.8,-0.18,-1.4063,28562.93,36217.336,688560,明冠新材,电气设备
688561.SH,20260928,29.6,30.3,28.31,29.77,28.61,1.16,4.0545,189962.15,557583.72,688561,奇安信,软件服务
688562.SH,20260928,14.41,14.44,13.94,14.17,14.43,-0.26,-1.8018,25441.97,35963.781,688562,航天软件,软件服务
688563.SH,20260928,52.78,53.55,51.9,52.22,52.79,-0.57,-1.0797,18218.32,95662.168,688563,航材股份,航空
688565.SH,20260928,11.6,11.65,11.17,11.4,11.46,-0.06,-0.5236,21040.02,23940.168,688565,力源科技,环境保护
688566.SH,20260928,27.57,27.83,27.0,27.48,27.72,-0.24,-0.8658,23050.65,63046.912,688566,吉贝尔,化学制药
688567.SH,20260928,8.92,9.03,8.68,8.79,8.88,-0.09,-1.0135,76875.53,67772.277,688567,孚能科技,电气设备
688568.SH,20260928,30.01,30.3,28.45,28.8,30.3,-1.5,-4.9505,108704.54,315036.932,688568,中科星图,软件服务
688569.SH,20260928,18.76,18.76,18.35,18.64,18.75,-0.11,-0.5867,9564.27,17700.046,688569,铁科轨道,运输设备
688570.SH,20260928,14.68,14.79,14.48,14.61,14.74,-0.13,-0.882,4541.55,6631.391,688570,天玛智控,专用机械
688571.SH,20260928,8.43,8.5,8.05,8.07,8.49,-0.42,-4.947,66982.05,54845.668,688571,杭华股份,染料涂料
688573.SH,20260928,15.9,15.98,15.08,15.22,15.9,-0.68,-4.2767,48955.23,74990.035,688573,信宇人,专用机械
688575.SH,20260928,10.2,10.4,10.2,10.29,10.28,0.01,0.0973,82275.32,84693.525,688575,亚辉龙,医疗保健
688576.SH,20260928,40.5,40.5,39.36,39.86,40.36,-0.5,-1.2389,4121.56,16390.835,688576,西山科技,医疗保健
688577.SH,20260928,41.5,41.55,39.85,40.15,41.37,-1.22,-2.949,9484.08,38546.474,688577,浙海德曼,机床制造
688578.SH,20260928,104.26,106.47,103.24,105.99,104.22,1.77,1.6983,82223.89,864766.066,688578,艾力斯,化学制药
688579.SH,20260928,7.88,8.06,7.75,7.84,7.92,-0.08,-1.0101,32744.94,25687.879,688579,地纬智能,软件服务
688580.SH,20260928,43.07,43.95,42.08,42.6,43.07,-0.47,-1.0912,11337.04,48458.064,688580,伟思医疗,医疗保健
688581.SH,20260928,58.0,58.88,57.01,57.7,57.77,-0.07,-0.1212,11292.37,65421.892,688581,安杰思,医疗保健
688582.SH,20260928,38.78,38.9,36.42,36.71,38.78,-2.07,-5.3378,35232.15,130918.411,688582,芯动联科,元器件
688583.SH,20260928,84.86,85.98,78.3,79.49,84.38,-4.89,-5.7952,18853.78,151641.145,688583,思看科技,电器仪表
688584.SH,20260928,28.82,28.94,27.36,27.58,29.05,-1.47,-5.0602,119018.56,332571.687,688584,上海合晶,半导体
688585.SH,20260928,135.0,136.8,131.28,133.2,136.2,-3.0,-2.2026,18151.93,242840.057,688585,上纬新材,化工原料
688586.SH,20260928,11.15,11.2,10.84,10.99,11.09,-0.1,-0.9017,46707.53,51389.787,688586,江航装备,航空
688588.SH,20260928,9.01,9.02,8.77,8.86,9.0,-0.14,-1.5556,21656.14,19212.029,688588,凌志软件,软件服务
688589.SH,20260928,20.66,20.85,20.07,20.29,20.79,-0.5,-2.405,28025.88,57034.943,688589,力合微,半导体
688590.SH,20260928,12.2,12.28,11.78,12.0,12.19,-0.19,-1.5587,55174.32,65952.99,688590,新致软件,软件服务
688591.SH,20260928,32.13,32.35,30.8,30.95,32.45,-1.5,-4.6225,49212.57,153824.962,688591,泰凌微,半导体
688592.SH,20260928,23.59,23.59,22.27,22.53,23.52,-0.99,-4.2092,10266.06,23209.743,688592,司南导航,通信设备
688593.SH,20260928,30.8,30.88,28.9,29.06,31.01,-1.95,-6.2883,125509.79,370423.589,688593,新相微,半导体
688595.SH,20260928,31.3,31.78,30.0,30.33,31.65,-1.32,-4.1706,27206.49,83038.214,688595,芯海科技,半导体
688596.SH,20260928,63.83,65.09,60.11,60.43,64.69,-4.26,-6.5853,137867.6,853367.984,688596,正帆科技,专用机械
688597.SH,20260928,6.26,6.29,6.08,6.18,6.26,-0.08,-1.278,28097.98,17314.595,688597,煜邦电力,电器仪表
688598.SH,20260928,36.0,36.89,32.78,33.0,36.53,-3.53,-9.6633,171298.44,585928.65,688598,金博股份,矿物制品
688599.SH,20260928,10.95,11.08,10.58,10.68,10.89,-0.21,-1.9284,268138.47,288018.704,688599,天合光能,电气设备
688600.SH,20260928,36.67,36.67,34.5,34.75,36.34,-1.59,-4.3753,40020.44,140272.563,688600,皖仪科技,电器仪表
688601.SH,20260928,60.79,62.5,56.82,57.41,60.94,-3.53,-5.7926,35337.43,205411.586,688601,力芯微,半导体
688602.SH,20260928,6.93,6.95,6.71,6.75,6.9,-0.15,-2.1739,30567.47,20721.15,688602,康鹏科技,化工原料
688603.SH,20260928,128.12,129.23,112.25,112.45,125.12,-12.67,-10.1263,63354.77,744983.214,688603,天承科技,化工原料
688605.SH,20260928,85.59,88.58,81.96,83.09,86.59,-3.5,-4.042,44761.67,377689.041,688605,先锋精科,半导体
688606.SH,20260928,47.19,47.53,46.84,47.04,46.82,0.22,0.4699,3176.08,14968.049,688606,奥泰生物,医疗保健
688607.SH,20260928,38.0,38.0,35.01,35.41,37.96,-2.55,-6.7176,15784.82,56506.317,688607,康众科技,医疗保健
688608.SH,20260928,107.8,111.2,105.0,110.54,108.88,1.66,1.5246,68107.58,734849.104,688608,恒玄科技,半导体
688609.SH,20260928,9.23,9.23,8.78,8.81,9.24,-0.43,-4.6537,213362.75,189625.896,688609,九联科技,家用电器
688610.SH,20260928,164.02,165.67,150.03,151.8,165.04,-13.24,-8.0223,11485.93,178937.274,688610,埃科光电,电器仪表
688611.SH,20260928,65.77,66.72,63.61,64.54,66.43,-1.89,-2.8451,8934.63,57921.514,688611,杭州柯林,电气设备
688612.SH,20260928,35.43,35.73,32.36,32.55,35.4,-2.85,-8.0508,54700.2,182600.947,688612,威迈斯,汽车配件
688613.SH,20260928,21.09,21.3,19.2,19.62,21.09,-1.47,-6.9701,87702.32,174588.38,688613,奥精医疗,医疗保健
688615.SH,20260928,87.0,87.35,82.58,83.41,87.11,-3.7,-4.2475,48580.84,407879.628,688615,合合信息,软件服务
688616.SH,20260928,11.04,11.12,10.78,11.0,11.01,-0.01,-0.0908,18223.23,19991.953,688616,西力科技,电器仪表
688617.SH,20260928,238.9,243.48,236.87,241.88,236.04,5.84,2.4742,17862.52,430411.841,688617,惠泰医疗,医疗保健
688618.SH,20260928,28.58,29.19,27.2,28.16,29.06,-0.9,-3.097,25883.76,72358.52,688618,三旺通信,通信设备
688619.SH,20260928,14.47,14.61,13.56,13.76,14.47,-0.71,-4.9067,31529.79,43697.298,688619,罗普特,软件服务
688620.SH,20260928,17.85,17.98,16.55,16.82,18.01,-1.19,-6.6074,188435.82,319873.84,688620,安凯微,半导体
688621.SH,20260928,72.15,72.89,70.7,71.41,72.75,-1.34,-1.8419,12413.58,88736.416,688621,阳光诺和,医疗保健
688622.SH,20260928,142.58,147.8,138.11,145.18,142.39,2.79,1.9594,9171.75,131011.201,688622,*ST禾信,电器仪表
688623.SH,20260928,64.37,64.8,62.4,63.42,64.67,-1.25,-1.9329,7301.43,46238.056,688623,双元科技,专用机械
688625.SH,20260928,74.0,74.73,69.0,69.86,74.1,-4.24,-5.722,87204.07,626099.732,688625,呈和科技,化工原料
688626.SH,20260928,44.12,44.13,42.18,42.32,44.06,-1.74,-3.9492,25081.3,107341.153,688626,翔宇医疗,医疗保健
688627.SH,20260928,455.0,457.0,422.0,432.0,458.05,-26.05,-5.6872,38265.09,1666923.614,688627,精智达,专用机械
688628.SH,20260928,106.76,108.0,88.71,91.99,110.89,-18.9,-17.0439,160399.58,1489321.885,688628,优利德,电器仪表
688629.SH,20260928,116.0,116.9,105.18,106.22,116.8,-10.58,-9.0582,136565.25,1475295.248,688629,华丰科技,元器件
688630.SH,20260928,416.76,419.96,391.25,397.29,418.0,-20.71,-4.9545,26769.7,1079860.012,688630,芯碁微装,专用机械
688631.SH,20260928,37.2,37.73,35.19,35.37,37.52,-2.15,-5.7303,18614.29,67041.063,688631,莱斯信息,软件服务
688633.SH,20260928,22.33,22.35,21.44,21.67,22.37,-0.7,-3.1292,18282.78,39720.409,688633,星球石墨,专用机械
688635.SH,20260928,278.0,279.0,246.0,246.89,282.8,-35.91,-12.698,18882.86,483741.759,688635,长进光子,通信设备
688636.SH,20260928,20.5,20.5,19.17,19.43,20.41,-0.98,-4.8016,61022.55,119561.899,688636,智明达,元器件
688638.SH,20260928,35.1,35.15,33.7,34.61,34.69,-0.08,-0.2306,6368.25,21876.235,688638,誉辰智能,专用机械
688639.SH,20260928,18.31,18.35,17.58,17.69,17.95,-0.26,-1.4485,39330.23,70118.017,688639,华恒生物,化学制药
688646.SH,20260928,80.0,80.99,73.44,73.5,80.66,-7.16,-8.8768,35615.85,268659.338,688646,逸飞激光,专用机械
688648.SH,20260928,29.19,29.27,27.73,27.92,29.19,-1.27,-4.3508,14378.37,40474.519,688648,中邮科技,机床制造
688651.SH,20260928,25.8,26.15,24.53,25.3,24.94,0.36,1.4435,31379.83,79690.586,688651,盛邦安全,软件服务
688652.SH,20260928,143.94,143.94,132.02,134.32,144.05,-9.73,-6.7546,36441.22,498226.595,688652,京仪装备,半导体
688653.SH,20260928,15.34,15.34,14.58,14.75,15.39,-0.64,-4.1585,149362.4,221307.385,688653,康希通信,半导体
688655.SH,20260928,72.69,73.49,62.2,63.08,73.8,-10.72,-14.5257,143154.82,938840.072,688655,迅捷兴,元器件
688656.SH,20260928,134.2,139.21,127.52,137.66,132.15,5.51,4.1695,16351.32,217948.12,688656,浩欧博,医疗保健
688657.SH,20260928,33.95,34.12,33.09,33.32,33.95,-0.63,-1.8557,6780.7,22671.406,688657,浩辰软件,软件服务
688658.SH,20260928,13.26,13.36,12.88,13.03,13.17,-0.14,-1.063,106118.25,138777.521,688658,悦康药业,化学制药
688659.SH,20260928,9.24,9.39,8.97,9.15,9.3,-0.15,-1.6129,31274.01,28469.787,688659,元琛科技,环境保护
688660.SH,20260928,8.95,8.97,8.46,8.6,8.85,-0.25,-2.8249,226183.04,195654.264,688660,电气风电,电气设备
688661.SH,20260928,101.56,101.6,91.52,94.28,102.5,-8.22,-8.0195,41242.03,392990.667,688661,和林微纳,元器件
688662.SH,20260928,130.0,132.0,108.83,114.5,128.28,-13.78,-10.7421,191067.94,2227832.582,688662,富信科技,元器件
688663.SH,20260928,56.46,56.95,54.51,54.72,55.83,-1.11,-1.9882,21288.35,118307.596,688663,新风光,电气设备
688665.SH,20260928,46.74,47.26,42.69,43.17,47.27,-4.1,-8.6736,13457.67,59154.473,688665,四方光电,电器仪表
688667.SH,20260928,104.0,105.02,97.0,98.76,104.83,-6.07,-5.7903,10242.91,102180.621,688667,菱电电控,汽车配件
688668.SH,20260928,232.99,233.99,208.66,213.04,232.0,-18.96,-8.1724,56473.68,1216950.817,688668,鼎通科技,通信设备
688669.SH,20260928,66.88,67.19,62.0,62.03,66.92,-4.89,-7.3072,22371.53,142134.913,688669,聚石化学,化工原料
688670.SH,20260928,18.31,18.78,17.95,18.14,18.21,-0.07,-0.3844,18476.45,33619.13,688670,金迪克,生物制药
688671.SH,20260928,26.83,26.83,25.0,25.36,26.29,-0.93,-3.5375,16693.45,42622.944,688671,碧兴物联,环境保护
688676.SH,20260928,63.1,63.6,59.69,60.11,62.06,-1.95,-3.1421,84794.77,517830.703,688676,金盘科技,电气设备
688677.SH,20260928,81.38,81.4,73.77,74.7,81.01,-6.31,-7.7892,52334.93,397597.483,688677,海泰新光,医疗保健
688678.SH,20260928,33.0,33.6,30.4,31.26,32.63,-1.37,-4.1986,398204.16,1250305.037,688678,福立旺,元器件
688679.SH,20260928,39.6,40.06,37.5,37.94,39.6,-1.66,-4.1919,29686.99,113831.454,688679,通源环境,环境保护
688680.SH,20260928,39.18,40.1,37.82,38.77,39.21,-0.44,-1.1222,19308.54,74676.535,688680,海优新材,塑料
688681.SH,20260928,15.56,15.6,15.2,15.39,15.51,-0.12,-0.7737,20610.14,31725.867,688681,科汇股份,电气设备
688682.SH,20260928,36.0,37.8,33.56,34.65,37.94,-3.29,-8.6716,91150.23,319101.255,688682,霍莱沃,软件服务
688683.SH,20260928,31.86,32.44,30.22,30.55,31.86,-1.31,-4.1117,13865.71,42660.648,688683,莱尔科技,元器件
688685.SH,20260928,34.38,34.38,31.83,33.08,34.52,-1.44,-4.1715,40988.25,134195.02,688685,迈信林,航空
688686.SH,20260928,136.63,137.32,127.88,130.01,136.3,-6.29,-4.6148,14712.18,192656.062,688686,奥普特,电器仪表
688687.SH,20260928,18.41,18.99,18.25,18.6,18.29,0.31,1.6949,50185.64,93432.049,688687,凯因科技,生物制药
688689.SH,20260928,41.51,41.78,38.9,39.32,41.65,-2.33,-5.5942,64588.4,257678.552,688689,银河微电,半导体
688690.SH,20260928,46.9,47.66,45.59,46.16,46.99,-0.83,-1.7663,80201.13,371140.296,688690,纳微科技,化工原料
688691.SH,20260928,64.08,64.35,59.46,60.47,64.35,-3.88,-6.0295,42132.91,256373.856,688691,灿芯股份,半导体
688692.SH,20260928,201.11,202.9,192.45,192.88,202.07,-9.19,-4.5479,9115.77,178905.975,688692,达梦数据,软件服务
688693.SH,20260928,76.46,76.46,70.29,71.34,76.53,-5.19,-6.7817,14449.99,104403.229,688693,锴威特,半导体
688695.SH,20260928,19.98,20.27,19.55,19.92,19.82,0.1,0.5045,12241.99,24350.389,688695,中创股份,软件服务
688696.SH,20260928,83.0,84.88,80.7,81.06,83.58,-2.52,-3.0151,12227.32,100540.745,688696,极米科技,家用电器
688697.SH,20260928,14.83,15.1,14.65,14.79,14.91,-0.12,-0.8048,57256.16,85034.222,688697,纽威数控,机床制造
688698.SH,20260928,43.7,44.1,41.93,42.26,43.87,-1.61,-3.6699,25427.29,108498.915,688698,伟创电气,电气设备
688699.SH,20260928,67.67,68.99,63.49,64.6,68.65,-4.05,-5.8995,44156.32,287558.204,688699,明微电子,半导体
688700.SH,20260928,65.45,65.47,61.2,61.92,64.3,-2.38,-3.7014,116302.86,733911.992,688700,东威科技,专用机械
688701.SH,20260928,8.59,8.77,8.48,8.63,8.62,0.01,0.116,26365.26,22716.517,688701,卓锦股份,环境保护
688702.SH,20260928,323.0,326.87,306.02,307.73,328.5,-20.77,-6.3227,60147.18,1889218.98,688702,盛科通信,半导体
688707.SH,20260928,10.09,10.1,9.73,9.85,10.09,-0.24,-2.3786,45966.91,45261.716,688707,振华新材,电气设备
688708.SH,20260928,39.41,40.38,38.12,38.17,39.55,-1.38,-3.4893,14454.49,55757.49,688708,佳驰科技,化工原料
688709.SH,20260928,25.09,26.22,24.84,25.38,25.41,-0.03,-0.1181,64141.54,163898.338,688709,成都华微,半导体
688710.SH,20260928,96.0,97.97,94.06,95.05,96.0,-0.95,-0.9896,31663.97,304135.941,688710,益诺思,生物制药
688711.SH,20260928,28.45,28.45,26.18,26.51,28.58,-2.07,-7.2428,115060.73,308920.472,688711,宏微科技,半导体
688712.SH,20260928,31.21,31.55,30.51,30.58,31.22,-0.64,-2.05,13493.64,41546.015,688712,北芯生命,医疗保健
688716.SH,20260928,26.56,26.59,25.48,25.75,26.52,-0.77,-2.9035,12806.22,32995.973,688716,中研股份,化工原料
688717.SH,20260928,41.93,42.1,40.01,40.47,41.93,-1.46,-3.482,54154.21,220473.862,688717,艾罗能源,电气设备
688718.SH,20260928,15.32,15.32,14.7,14.82,15.13,-0.31,-2.0489,20665.72,30702.785,688718,唯赛勃,塑料
688719.SH,20260928,59.78,59.88,55.59,56.82,59.32,-2.5,-4.2144,50836.19,288191.802,688719,爱科赛博,电气设备
688720.SH,20260928,68.05,68.05,63.17,63.55,67.8,-4.25,-6.2684,35036.2,227556.739,688720,艾森股份,半导体
688721.SH,20260928,41.58,41.58,39.0,39.49,41.58,-2.09,-5.0265,25833.95,103385.124,688721,龙图光罩,半导体
688722.SH,20260928,14.55,14.57,14.18,14.3,14.58,-0.28,-1.9204,17790.66,25481.784,688722,同益中,化纤
688726.SH,20260928,46.51,46.56,45.09,46.08,46.55,-0.47,-1.0097,65476.96,300613.326,688726,拉普拉斯,专用机械
688727.SH,20260928,47.36,47.92,45.28,45.6,47.99,-2.39,-4.9802,27938.52,128999.463,688727,恒坤新材,半导体
688728.SH,20260928,14.33,14.4,13.67,13.81,14.39,-0.58,-4.0306,211184.74,293836.073,688728,格科微,半导体
688729.SH,20260928,23.86,24.03,22.43,22.48,23.92,-1.44,-6.0201,269504.68,616929.731,688729,屹唐股份,半导体
688733.SH,20260928,29.12,29.12,26.39,27.16,29.15,-1.99,-6.8268,66385.71,181003.682,688733,壹石通,矿物制品
688737.SH,20260928,17.24,17.33,16.62,16.98,17.3,-0.32,-1.8497,15865.05,26764.822,688737,中自科技,汽车配件
688739.SH,20260928,20.82,20.95,20.5,20.64,20.62,0.02,0.097,14368.98,29773.944,688739,成大生物,生物制药
688750.SH,20260928,13.96,13.96,13.59,13.65,13.9,-0.25,-1.7986,22457.05,30688.251,688750,金天钛业,小金属
688755.SH,20260928,30.14,30.55,29.21,29.76,29.83,-0.07,-0.2347,36754.61,109403.432,688755,汉邦科技,专用机械
688757.SH,20260928,31.33,31.48,28.41,28.78,31.7,-2.92,-9.2114,127045.7,371511.919,688757,胜科纳米,电器仪表
688758.SH,20260928,32.5,32.82,31.08,31.23,32.5,-1.27,-3.9077,87046.5,276134.397,688758,赛分科技,化工原料
688759.SH,20260928,22.54,22.9,21.47,21.69,22.47,-0.78,-3.4713,30028.88,65675.822,688759,必贝特,生物制药
688765.SH,20260928,41.16,42.01,40.1,40.3,41.05,-0.75,-1.827,40093.35,163531.538,688765,禾元生物,生物制药
688766.SH,20260928,408.56,408.56,375.25,379.57,408.7,-29.13,-7.1275,70658.94,2726682.159,688766,普冉股份,半导体
688767.SH,20260928,43.14,43.5,41.0,41.3,42.93,-1.63,-3.7969,28034.48,117239.307,688767,博拓生物,医疗保健
688768.SH,20260928,46.4,47.81,44.38,47.26,46.92,0.34,0.7246,12566.56,57552.687,688768,容知日新,电器仪表
688772.SH,20260928,14.11,14.15,13.6,13.86,14.03,-0.17,-1.2117,158141.31,218508.714,688772,珠海冠宇,电气设备
688775.SH,20260928,90.78,93.16,89.28,89.72,90.78,-1.06,-1.1677,47273.56,429195.84,688775,影石创新,IT设备
688776.SH,20260928,53.8,53.99,48.91,49.6,54.25,-4.65,-8.5714,53783.11,271746.401,688776,国光电气,元器件
688777.SH,20260928,80.23,80.56,76.26,77.11,80.02,-2.91,-3.6366,121886.92,945846.642,688777,中控技术,专用机械
688778.SH,20260928,41.96,42.1,40.0,40.35,42.15,-1.8,-4.2705,51619.02,209655.204,688778,厦钨新能,电气设备
688779.SH,20260928,7.44,7.48,7.08,7.17,7.44,-0.27,-3.629,237670.38,171180.84,688779,五矿新能,电气设备
688781.SH,20260928,45.5,45.6,41.95,42.09,45.02,-2.93,-6.5082,52395.66,226158.367,688781,视涯科技,元器件
688783.SH,20260928,28.21,29.45,27.81,27.81,29.91,-2.1,-7.0211,276901.97,789463.976,688783,西安奕材,半导体
688785.SH,20260928,367.0,367.0,345.0,350.0,365.02,-15.02,-4.1148,6704.93,236947.329,688785,恒运昌,半导体
688786.SH,20260928,28.6,28.6,26.52,26.71,28.59,-1.88,-6.5757,38532.9,104556.414,688786,悦安新材,小金属
688787.SH,20260928,91.07,91.07,85.41,87.05,89.9,-2.85,-3.1702,15390.74,133675.492,688787,海天瑞声,软件服务
688788.SH,20260928,29.5,29.82,26.81,27.06,29.04,-1.98,-6.8182,30606.6,84925.237,688788,科思科技,通信设备
688789.SH,20260928,49.87,50.96,48.22,49.36,49.72,-0.36,-0.7241,36201.13,179219.639,688789,宏华数科,专用机械
688790.SH,20260928,106.0,106.01,100.22,101.89,106.17,-4.28,-4.0313,18453.33,188624.897,688790,昂瑞微,半导体
688793.SH,20260928,18.35,18.35,17.75,17.95,18.25,-0.3,-1.6438,15140.73,27193.425,688793,倍轻松,家用电器
688795.SH,20260928,428.47,428.47,405.5,408.88,433.33,-24.45,-5.6424,53329.39,2207961.113,688795,摩尔线程,半导体
688796.SH,20260928,128.07,129.75,125.59,127.21,126.54,0.67,0.5295,14713.65,186953.605,688796,百奥赛图,生物制药
688797.SH,20260928,268.0,272.01,255.0,256.58,276.18,-19.6,-7.0968,24842.7,650560.175,688797,臻宝科技,半导体
688798.SH,20260928,56.3,56.64,53.9,53.98,56.59,-2.61,-4.6121,28400.21,155269.201,688798,艾为电子,半导体
688799.SH,20260928,56.31,57.48,54.5,55.0,56.88,-1.88,-3.3052,24258.46,134091.533,688799,华纳药厂,化学制药
688800.SH,20260928,61.66,61.67,55.2,56.25,61.65,-5.4,-8.7591,129105.23,737077.526,688800,瑞可达,元器件
688801.SH,20260928,485.0,485.0,439.9,448.0,490.0,-42.0,-8.5714,25678.4,1170069.295,688801,燧原科技,半导体
688802.SH,20260928,550.03,558.01,515.02,519.99,556.86,-36.87,-6.6211,36231.94,1922099.388,688802,沐曦股份,半导体
688805.SH,20260928,39.7,40.27,37.85,38.59,39.87,-1.28,-3.2104,10496.92,40435.364,688805,健信超导,医疗保健
688806.SH,20260928,25.54,27.44,24.56,26.86,25.5,1.36,5.3333,81561.33,213391.187,688806,泰诺麦博,生物制药
688807.SH,20260928,332.21,335.0,292.11,298.19,335.56,-37.37,-11.1366,17202.48,528087.288,688807,优迅股份,半导体
688808.SH,20260928,2211.01,2245.0,2125.0,2174.99,2231.01,-56.02,-2.511,6548.99,1417035.845,688808,联讯仪器,电器仪表
688809.SH,20260928,496.9,500.0,460.11,462.8,498.0,-35.2,-7.0683,12464.62,590608.166,688809,强一股份,半导体
688811.SH,20260928,20.48,20.66,19.36,19.47,20.48,-1.01,-4.9316,43096.1,85002.99,688811,有研复材,小金属
688813.SH,20260928,148.0,148.0,134.55,135.15,150.07,-14.92,-9.942,46995.02,649882.105,688813,泰金新能,专用机械
688816.SH,20260928,47.77,47.88,45.96,46.0,47.38,-1.38,-2.9126,3535.05,16425.142,688816,易思维,专用机械
688818.SH,20260928,42.49,42.69,40.15,40.78,42.57,-1.79,-4.2048,55889.19,228865.51,688818,电科蓝天,航空
688819.SH,20260928,20.52,20.59,20.18,20.26,20.5,-0.24,-1.1707,19285.02,39154.46,688819,天能股份,电气设备
688820.SH,20260928,126.5,126.98,120.77,121.07,128.02,-6.95,-5.4288,68507.2,841981.66,688820,盛合晶微,半导体
688825.SH,20260928,56.0,56.29,53.8,53.8,56.2,-2.4,-4.2705,2154313.75,11775048.922,688825,长鑫科技,半导体
688826.SH,20260928,825.0,825.0,745.06,756.1,828.74,-72.64,-8.7651,8609.02,661828.548,688826,频准激光,元器件
688828.SH,20260928,92.5,92.5,85.2,87.38,92.2,-4.82,-5.2278,26609.1,232113.927,688828,国仪公司,电器仪表
688835.SH,20260928,375.0,379.48,351.7,359.5,380.85,-21.35,-5.6059,21343.39,770198.151,688835,高凯技术,专用机械
688836.SH,20260928,484.1,484.1,456.25,459.65,488.0,-28.35,-5.8094,26346.89,1223520.046,688836,宇树科技,专用机械
688837.SH,20260928,47.48,47.8,44.11,45.07,47.31,-2.24,-4.7347,115935.32,529508.996,688837,信诺维,生物制药
688981.SH,20260928,119.51,119.62,115.29,116.56,119.98,-3.42,-2.8505,269354.09,3150561.943,688981,中芯国际,半导体
689009.SH,20260928,37.08,37.43,36.61,36.7,37.06,-0.36,-0.9714,56162.28,207279.85,689009,九号公司,摩托车
920000.BJ,20260928,13.5,14.04,13.5,13.7,14.27,-0.57,-3.9944,5929.49,8175.42603,920000,安徽凤凰,汽车配件
920001.BJ,20260928,11.79,12.15,11.22,11.26,11.69,-0.43,-3.6784,25937.43,30274.60568,920001,纬达光电,元器件
920002.BJ,20260928,51.03,55.03,50.8,53.35,51.03,2.32,4.5463,25241.43,133160.38276,920002,万达轴承,工程机械
920003.BJ,20260928,16.38,16.45,15.77,15.86,16.5,-0.64,-3.8788,16142.53,25788.6001,920003,中诚咨询,建筑工程
920005.BJ,20260928,25.0,27.69,25.0,26.34,25.32,1.02,4.0284,20719.82,55166.62858,920005,鼎佳精密,元器件
920006.BJ,20260928,17.21,17.37,16.8,16.84,17.21,-0.37,-2.1499,11266.89,19179.66102,920006,晟楠科技,航空
920007.BJ,20260928,32.46,32.65,31.71,31.82,32.62,-0.8,-2.4525,1255.46,4041.38546,920007,酉立智能,电气设备
920008.BJ,20260928,21.39,21.6,20.23,20.25,21.36,-1.11,-5.1966,8765.32,18184.43776,920008,成电光信,通信设备
920009.BJ,20260928,34.69,34.98,34.28,34.47,34.63,-0.16,-0.462,1520.44,5262.88979,920009,丹娜生物,医疗保健
920010.BJ,20260928,8.81,8.85,8.38,8.47,8.75,-0.28,-3.2,44611.92,38136.34734,920010,凯添燃气,供气供热
920011.BJ,20260928,17.79,17.79,17.23,17.29,17.67,-0.38,-2.1505,3107.08,5406.77634,920011,晨光电机,电气设备
920012.BJ,20260928,54.7,54.7,51.33,51.45,54.7,-3.25,-5.9415,9930.14,51950.87999,920012,创达新材,元器件
920014.BJ,20260928,8.5,8.55,8.42,8.44,8.51,-0.07,-0.8226,5771.66,4888.50933,920014,特瑞斯,专用机械
920015.BJ,20260928,44.06,44.88,42.24,44.13,45.32,-1.19,-2.6258,41600.72,180775.85932,920015,锦华新材,化工原料
920016.BJ,20260928,14.4,14.4,13.92,14.07,14.29,-0.22,-1.5395,7597.52,10715.46639,920016,中草香料,日用化工
920017.BJ,20260928,15.83,15.92,15.4,15.46,15.75,-0.29,-1.8413,6680.65,10424.43177,920017,星昊医药,化学制药
920018.BJ,20260928,14.61,14.67,14.33,14.38,14.65,-0.27,-1.843,5489.72,7946.37102,920018,宏远股份,电气设备
920019.BJ,20260928,15.26,16.63,15.11,15.91,15.26,0.65,4.2595,38555.92,60845.47765,920019,铜冠矿建,建筑工程
920020.BJ,20260928,14.7,14.85,14.7,14.73,14.76,-0.03,-0.2033,2169.99,3200.06463,920020,泰凯英,汽车配件
920021.BJ,20260928,8.0,8.15,7.6,7.66,7.87,-0.21,-2.6684,155225.25,120594.8536,920021,流金科技,影视音像
920022.BJ,20260928,19.14,19.2,18.48,18.48,19.0,-0.52,-2.7368,1873.36,3509.4668,920022,世昌股份,汽车配件
920023.BJ,20260928,1.41,1.43,1.38,1.39,1.42,-0.03,-2.1127,21094.07,2953.55523,920023,*ST田野,食品
920025.BJ,20260928,18.23,18.49,15.15,15.2,20.3,-5.1,-25.1232,241745.87,397738.46041,920025,凯达重工,专用机械
920026.BJ,20260928,17.23,17.24,16.56,16.71,17.17,-0.46,-2.6791,11794.25,19828.86079,920026,卓兆点胶,机械基件
920027.BJ,20260928,11.47,11.5,11.21,11.24,11.47,-0.23,-2.0052,3262.08,3688.64868,920027,交大铁发,运输设备
920028.BJ,20260928,15.23,15.36,14.68,14.69,15.16,-0.47,-3.1003,14436.14,21620.79438,920028,新恒泰,塑料
920029.BJ,20260928,32.44,32.9,31.51,31.76,32.43,-0.67,-2.066,7314.96,23566.73446,920029,开发科技,电器仪表
920030.BJ,20260928,4.76,5.28,4.65,4.9,4.75,0.15,3.1579,68511.68,33910.66663,920030,德众汽车,汽车服务
920033.BJ,20260928,13.25,13.25,12.88,12.88,13.12,-0.24,-1.8293,3744.87,4869.13974,920033,康普化学,化工原料
920035.BJ,20260928,24.15,24.15,23.19,23.29,23.86,-0.57,-2.3889,2900.2,6805.8629,920035,精创电气,专用机械
920036.BJ,20260928,32.0,32.0,30.39,30.8,31.57,-0.77,-2.439,2835.38,8766.41477,920036,觅睿科技,IT设备
920037.BJ,20260928,38.3,38.45,37.12,37.54,38.41,-0.87,-2.265,5835.42,21988.8557,920037,广信科技,电气设备
920038.BJ,20260928,36.15,37.22,35.71,36.45,36.43,0.02,0.0549,18110.05,65962.67079,920038,森合高科,化工原料
920039.BJ,20260928,7.55,7.66,7.38,7.41,7.59,-0.18,-2.3715,11323.71,8493.05692,920039,国义招标,建筑工程
920045.BJ,20260928,535.01,539.77,470.12,483.88,542.6,-58.72,-10.822,13953.11,697868.82676,920045,蘅东光,通信设备
920046.BJ,20260928,19.52,19.78,18.7,18.77,19.51,-0.74,-3.7929,14998.5,28530.55918,920046,亿能电力,电气设备
920047.BJ,20260928,15.45,15.59,15.06,15.1,15.3,-0.2,-1.3072,31288.4,47895.32447,920047,诺思兰德,生物制药
920050.BJ,20260928,27.83,28.02,27.31,27.34,27.82,-0.48,-1.7254,848.08,2337.54794,920050,爱伦医疗,医疗保健
920055.BJ,20260928,25.39,25.39,24.7,24.82,25.2,-0.38,-1.5079,2350.67,5850.12689,920055,隆源股份,汽车配件
920056.BJ,20260928,14.08,14.08,13.73,13.8,14.08,-0.28,-1.9886,3770.28,5225.17184,920056,能之光,塑料
920057.BJ,20260928,4.71,4.79,4.54,4.59,4.77,-0.18,-3.7736,21494.65,9945.25338,920057,百甲科技,钢加工
920058.BJ,20260928,23.22,23.46,22.41,22.55,23.29,-0.74,-3.1773,5226.47,11966.39381,920058,华洋赛车,摩托车
920059.BJ,20260928,12.48,12.48,12.08,12.15,12.39,-0.24,-1.937,14623.7,17835.00862,920059,双英集团,汽车配件
920060.BJ,20260928,29.93,30.38,25.88,26.28,30.22,-3.94,-13.0377,91953.64,255084.59138,920060,万源通,元器件
920061.BJ,20260928,17.15,17.18,16.81,16.81,17.28,-0.47,-2.7199,8156.33,13841.34427,920061,西磁科技,专用机械
920062.BJ,20260928,7.09,7.09,6.86,6.91,7.06,-0.15,-2.1246,11076.99,7694.08889,920062,科润智控,电气设备
920065.BJ,20260928,36.78,38.18,35.13,35.65,36.41,-0.76,-2.0873,27049.04,99476.94836,920065,千岸科技,互联网
920066.BJ,20260928,18.18,18.21,17.69,17.75,18.07,-0.32,-1.7709,2345.87,4204.19943,920066,科拜尔,塑料
920068.BJ,20260928,15.43,15.6,15.3,15.31,15.5,-0.19,-1.2258,7456.24,11534.98097,920068,天工股份,小金属
920069.BJ,20260928,31.51,31.9,31.31,31.47,31.55,-0.08,-0.2536,1465.21,4617.67084,920069,普昂医疗,医疗保健
920071.BJ,20260928,27.01,28.22,26.01,27.0,27.4,-0.4,-1.4599,86760.82,234225.79411,920071,金钛股份,小金属
920072.BJ,20260928,23.41,23.54,22.55,22.58,23.11,-0.53,-2.2934,4244.98,9741.1833,920072,科莱瑞迪,医疗保健
920075.BJ,20260928,16.01,16.16,15.67,15.68,16.01,-0.33,-2.0612,9930.27,15778.5331,920075,柏星龙,广告包装
920076.BJ,20260928,12.59,12.59,12.36,12.49,12.59,-0.1,-0.7943,2439.48,3035.59674,920076,国亮新材,其他建材
920077.BJ,20260928,13.12,13.21,12.81,13.06,13.15,-0.09,-0.6844,42687.3,55515.69169,920077,吉林碳谷,化纤
920078.BJ,20260928,18.25,18.6,17.1,17.25,18.43,-1.18,-6.4026,16570.66,29197.56068,920078,族兴新材,小金属
920079.BJ,20260928,12.79,12.79,12.43,12.44,12.71,-0.27,-2.1243,20432.68,25639.73443,920079,乔路铭,汽车配件
920080.BJ,20260928,20.03,20.18,19.77,19.8,20.12,-0.32,-1.5905,1726.74,3442.5728,920080,奥美森,专用机械
920081.BJ,20260928,41.46,44.68,41.39,42.25,41.11,1.14,2.773,18296.56,78798.50217,920081,欧伦电气,家用电器
920082.BJ,20260928,7.83,7.83,7.63,7.66,7.83,-0.17,-2.1711,3560.02,2734.27184,920082,方正阀门,机械基件
920083.BJ,20260928,48.02,48.1,40.21,40.72,47.19,-6.47,-13.7105,51670.26,220038.69759,920083,金戈新材,矿物制品
920086.BJ,20260928,19.7,19.82,19.48,19.55,19.74,-0.19,-0.9625,3408.57,6677.08039,920086,科马材料,汽车配件
920087.BJ,20260928,14.79,15.3,14.1,14.12,14.91,-0.79,-5.2985,90597.58,131181.47669,920087,秋乐种业,种植业
920088.BJ,20260928,40.8,41.52,39.3,40.7,40.97,-0.27,-0.659,32669.03,132406.46331,920088,科力股份,石油开采
920089.BJ,20260928,10.09,10.17,9.91,10.05,10.09,-0.04,-0.3964,8324.86,8348.02181,920089,禾昌聚合,塑料
920090.BJ,20260928,3.33,3.41,3.28,3.29,3.34,-0.05,-1.497,13058.71,4348.22744,920090,*ST同辉,IT设备
920091.BJ,20260928,27.46,27.81,26.51,26.69,27.4,-0.71,-2.5912,3824.7,10344.26208,920091,大鹏工业,专用机械
920092.BJ,20260928,24.64,24.86,23.83,24.01,24.58,-0.57,-2.319,6011.13,14534.6739,920092,汉鑫科技,软件服务
920093.BJ,20260928,19.18,19.28,18.56,18.63,19.08,-0.45,-2.3585,8596.31,16134.20316,920093,信胜科技,纺织机械
920096.BJ,20260928,31.0,31.0,29.55,29.55,30.5,-0.95,-3.1148,5329.74,15969.55029,920096,嘉晨智能,电器仪表
920098.BJ,20260928,18.09,18.09,17.08,17.09,17.89,-0.8,-4.4718,10709.61,18636.5702,920098,科隆新材,橡胶
920099.BJ,20260928,16.74,16.74,16.03,16.21,16.68,-0.47,-2.8177,3334.85,5430.22936,920099,瑞华技术,石油加工
920100.BJ,20260928,29.7,31.71,29.7,30.41,29.93,0.48,1.6037,25703.67,79761.45041,920100,三协电机,电气设备
920101.BJ,20260928,16.05,16.19,15.7,15.7,16.05,-0.35,-2.1807,1803.52,2868.60767,920101,志高机械,专用机械
920106.BJ,20260928,33.91,34.0,32.75,33.0,34.17,-1.17,-3.4241,7562.68,25080.69871,920106,林泰新材,汽车配件
920107.BJ,20260928,19.29,19.43,18.9,18.94,19.43,-0.49,-2.5219,6967.69,13290.11475,920107,恒兴股份,染料涂料
920108.BJ,20260928,8.46,8.55,8.35,8.43,8.52,-0.09,-1.0563,2907.74,2448.32822,920108,宏海科技,家用电器
920110.BJ,20260928,25.11,25.7,24.76,25.04,25.32,-0.28,-1.1058,905.8,2269.41123,920110,雷特科技,电气设备
920111.BJ,20260928,25.68,25.68,24.9,24.94,25.67,-0.73,-2.8438,13303.36,33499.25104,920111,聚星科技,电气设备
920112.BJ,20260928,14.54,14.8,14.15,14.3,14.54,-0.24,-1.6506,3656.39,5241.25202,920112,巴兰仕,专用机械
920116.BJ,20260928,44.0,44.23,42.66,42.84,44.08,-1.24,-2.8131,12914.84,55824.78148,920116,星图测控,软件服务
920117.BJ,20260928,28.6,28.85,26.54,26.8,28.58,-1.78,-6.2281,29297.74,79768.81551,920117,龙鑫智能,专用机械
920118.BJ,20260928,20.24,20.3,19.88,20.2,20.16,0.04,0.1984,2457.65,4952.29409,920118,太湖远大,塑料
920119.BJ,20260928,53.0,53.91,52.35,52.89,52.83,0.06,0.1136,2841.88,15144.51672,920119,美德乐,专用机械
920121.BJ,20260928,27.03,27.45,27.01,27.2,27.38,-0.18,-0.6574,1003.96,2725.67167,920121,江天科技,广告包装
920122.BJ,20260928,24.39,26.58,24.24,25.3,24.2,1.1,4.5455,41092.29,105277.02232,920122,中纺标,综合类
920123.BJ,20260928,10.92,10.97,10.6,10.67,10.93,-0.26,-2.3788,5135.68,5510.0466,920123,芭薇股份,日用化工
920124.BJ,20260928,12.2,12.32,12.11,12.15,12.23,-0.08,-0.6541,5320.49,6459.80373,920124,南特科技,机械基件
920125.BJ,20260928,144.7,149.9,135.05,140.0,146.83,-6.83,-4.6516,14744.13,209397.46572,920125,鸿仕达,专用机械
920126.BJ,20260928,9.86,9.93,9.66,9.68,9.86,-0.18,-1.8256,9867.63,9599.33953,920126,永大股份,专用机械
920128.BJ,20260928,18.96,19.36,18.36,18.4,19.06,-0.66,-3.4627,14593.91,27340.57632,920128,胜业电气,元器件
920130.BJ,20260928,16.44,16.5,16.01,16.01,16.44,-0.43,-2.6156,12512.68,20271.0492,920130,立方控股,软件服务
920132.BJ,20260928,9.07,9.2,8.72,8.75,9.07,-0.32,-3.5281,10074.03,8940.11092,920132,泰鹏智能,家居用品
920136.BJ,20260928,21.25,21.38,20.55,20.58,21.34,-0.76,-3.5614,9846.95,20499.05458,920136,永励精密,汽车配件
920138.BJ,20260928,35.51,36.5,34.64,35.3,35.64,-0.34,-0.954,32587.26,115496.38826,920138,杰理科技,软件服务
920139.BJ,20260928,15.29,15.29,14.56,14.66,15.29,-0.63,-4.1203,33342.5,49649.36381,920139,华岭股份,半导体
920145.BJ,20260928,9.73,9.85,9.12,9.37,9.57,-0.2,-2.0899,6007.84,5718.87533,920145,恒合股份,环境保护
920146.BJ,20260928,5.6,5.87,5.52,5.59,5.83,-0.24,-4.1166,121119.46,68540.34722,920146,华阳变速,汽车配件
920149.BJ,20260928,8.42,8.46,8.19,8.31,8.41,-0.1,-1.1891,7155.95,5955.20264,920149,旭杰科技,建筑工程
920152.BJ,20260928,11.99,11.99,11.48,11.53,11.93,-0.4,-3.3529,8288.57,9631.15576,920152,昆工科技,小金属
920156.BJ,20260928,35.82,35.9,34.47,34.51,35.75,-1.24,-3.4685,4757.22,16678.81773,920156,海昌智能,专用机械
920158.BJ,20260928,7.82,7.83,7.67,7.69,7.85,-0.16,-2.0382,7298.66,5639.94765,920158,长江能科,专用机械
920159.BJ,20260928,28.02,28.55,27.8,27.92,28.33,-0.41,-1.4472,4811.52,13531.7411,920159,农大科技,农药化肥
920160.BJ,20260928,18.82,18.9,18.55,18.68,18.91,-0.23,-1.2163,1961.8,3663.26479,920160,北矿检测,电器仪表
920161.BJ,20260928,20.44,20.44,19.19,19.4,20.44,-1.04,-5.0881,26578.48,52279.26719,920161,龙辰科技,元器件
920163.BJ,20260928,9.68,9.79,9.21,9.27,9.62,-0.35,-3.6383,7630.02,7142.74629,920163,方大新材,塑料
920165.BJ,20260928,33.56,33.68,32.59,32.6,33.56,-0.96,-2.8605,2864.46,9460.28378,920165,珈凯生物,日用化工
920166.BJ,20260928,19.35,19.46,18.9,18.95,19.48,-0.53,-2.7207,1157.25,2211.55213,920166,海圣医疗,医疗保健
920167.BJ,20260928,13.52,13.52,13.19,13.22,13.44,-0.22,-1.6369,7411.95,9854.00861,920167,同享科技,小金属
920168.BJ,20260928,15.23,15.23,14.76,14.9,15.13,-0.23,-1.5202,2798.45,4184.08921,920168,通宝光电,汽车配件
920169.BJ,20260928,20.8,20.83,19.76,19.87,20.48,-0.61,-2.9785,9351.68,18838.9412,920169,七丰精工,机械基件
920171.BJ,20260928,15.58,15.74,15.25,15.34,15.64,-0.3,-1.9182,5801.6,8932.9269,920171,志晟信息,软件服务
920174.BJ,20260928,30.78,31.07,29.83,29.9,31.16,-1.26,-4.0436,12998.34,39364.89104,920174,五新智能,工程机械
920175.BJ,20260928,7.62,7.65,7.46,7.48,7.64,-0.16,-2.0942,8402.4,6335.9476,920175,东方碳素,化工原料
920176.BJ,20260928,61.01,62.83,59.28,60.25,61.23,-0.98,-1.6005,9760.29,59566.32005,920176,维琪科技,化工原料
920177.BJ,20260928,22.81,22.85,22.35,22.41,22.91,-0.5,-2.1825,2405.05,5426.41813,920177,恒道科技,专用机械
920178.BJ,20260928,87.18,87.18,81.87,81.88,87.56,-5.68,-6.487,8050.82,67536.82317,920178,锐翔智能,专用机械
920179.BJ,20260928,57.41,59.48,55.08,56.08,57.4,-1.32,-2.2997,27920.28,159900.66261,920179,凯德石英,矿物制品
920180.BJ,20260928,11.66,11.79,11.42,11.42,11.74,-0.32,-2.7257,3056.25,3532.19079,920180,爱得科技,医疗保健
920181.BJ,20260928,69.98,70.13,65.64,65.65,70.24,-4.59,-6.5347,5538.55,37241.71119,920181,赛英电子,元器件
920183.BJ,20260928,28.97,28.98,28.08,28.32,28.77,-0.45,-1.5641,2497.79,7111.72365,920183,海菲曼,IT设备
920184.BJ,20260928,11.25,11.34,10.9,10.97,11.23,-0.26,-2.3152,8454.46,9345.62288,920184,国源科技,软件服务
920185.BJ,20260928,19.9,20.0,19.33,19.4,19.94,-0.54,-2.7081,34448.42,67751.52519,920185,贝特瑞,化工原料
920186.BJ,20260928,70.03,70.2,67.0,67.0,70.02,-3.02,-4.3131,28728.67,195725.70001,920186,中科仪,机械基件
920187.BJ,20260928,17.06,17.19,16.63,16.63,17.05,-0.42,-2.4633,2757.83,4629.84221,920187,通领科技,汽车配件
920188.BJ,20260928,21.3,21.64,20.81,20.81,21.32,-0.51,-2.3921,3783.03,7972.74694,920188,悦龙科技,橡胶
920189.BJ,20260928,20.68,20.69,19.72,19.79,20.37,-0.58,-2.8473,30929.77,62338.70163,920189,康美特,化工原料
920190.BJ,20260928,23.4,23.4,22.56,22.56,23.4,-0.84,-3.5897,24893.37,56856.94591,920190,雷神科技,IT设备
920191.BJ,20260928,8.79,8.79,8.53,8.53,8.71,-0.18,-2.0666,4202.74,3616.63537,920191,瑞尔竞达,其他建材
920193.BJ,20260928,29.91,29.91,28.21,28.48,29.91,-1.43,-4.781,16014.03,46154.7755,920193,吉和昌,化工原料
920195.BJ,20260928,12.74,12.74,12.36,12.48,12.68,-0.2,-1.5773,3383.27,4230.90191,920195,三祥科技,汽车配件
920198.BJ,20260928,7.94,8.05,7.75,7.79,7.92,-0.13,-1.6414,15084.01,11883.27386,920198,微创光电,IT设备
920199.BJ,20260928,23.99,24.19,22.82,23.13,23.56,-0.43,-1.8251,8077.6,18702.57906,920199,倍益康,家用电器
920200.BJ,20260928,33.03,33.05,31.25,32.8,33.1,-0.3,-0.9063,49027.27,157964.15856,920200,振宏股份,电气设备
920201.BJ,20260928,62.1,65.99,51.0,52.01,72.35,-20.34,-28.1133,44180.3,248456.5001,920201,百瑞吉,医疗保健
920204.BJ,20260928,12.94,13.02,12.6,12.63,12.93,-0.3,-2.3202,3408.62,4339.6083,920204,沪江材料,塑料
920206.BJ,20260928,38.28,38.38,36.17,36.47,38.13,-1.66,-4.3535,9223.92,34127.32667,920206,彩客科技,染料涂料
920207.BJ,20260928,21.5,21.6,20.81,20.83,21.32,-0.49,-2.2983,17017.45,35863.90545,920207,众诚科技,软件服务
920208.BJ,20260928,10.7,10.74,10.39,10.47,10.64,-0.17,-1.5977,21132.06,22165.39838,920208,青矩技术,建筑工程
920211.BJ,20260928,95.98,96.48,88.02,88.91,95.0,-6.09,-6.4105,4402.21,40142.99507,920211,新睿电子,专用机械
920212.BJ,20260928,10.28,10.49,10.04,10.1,10.23,-0.13,-1.2708,16439.2,16798.2225,920212,智新电子,元器件
920218.BJ,20260928,14.81,14.84,14.41,14.5,14.71,-0.21,-1.4276,5545.89,8110.25054,920218,新天力,塑料
920220.BJ,20260928,40.88,40.88,39.31,39.31,40.5,-1.19,-2.9383,5982.63,23843.95843,920220,朗信电气,汽车配件
920221.BJ,20260928,12.39,12.43,11.8,11.96,12.44,-0.48,-3.8585,9458.02,11393.83857,920221,易实精密,汽车配件
920222.BJ,20260928,24.95,25.35,23.43,23.47,24.94,-1.47,-5.8941,10605.6,25544.28318,920222,益坤电气,电气设备
920223.BJ,20260928,13.12,13.12,12.14,12.2,13.0,-0.8,-6.1538,38276.34,47913.57185,920223,荣亿精密,机械基件
920225.BJ,20260928,16.31,16.31,15.35,15.45,15.85,-0.4,-2.5237,25417.37,39924.84568,920225,利通科技,橡胶
920227.BJ,20260928,49.72,50.5,48.35,48.71,50.39,-1.68,-3.334,4554.5,22308.45827,920227,美登科技,软件服务
920229.BJ,20260928,61.01,61.98,55.05,55.88,64.68,-8.8,-13.6054,65308.01,379189.80654,920229,世纪数码,纺织机械
920230.BJ,20260928,11.27,11.28,10.9,11.07,11.05,0.02,0.181,13228.18,14644.12316,920230,欧康医药,生物制药
920237.BJ,20260928,10.89,10.97,10.56,10.6,10.86,-0.26,-2.3941,5199.01,5565.96879,920237,力佳科技,电气设备
920238.BJ,20260928,64.09,64.36,60.1,60.35,64.09,-3.74,-5.8355,18833.9,116312.32985,920238,长鹰硬科,机械基件
920239.BJ,20260928,20.0,20.01,19.42,19.53,19.93,-0.4,-2.007,9234.04,18090.33744,920239,长虹能源,电气设备
920242.BJ,20260928,13.75,13.75,13.3,13.41,13.73,-0.32,-2.3307,3137.7,4213.29988,920242,建邦科技,汽车配件
920245.BJ,20260928,13.49,13.49,13.01,13.3,13.4,-0.1,-0.7463,4188.72,5537.44981,920245,威博液压,机械基件
920247.BJ,20260928,14.42,15.01,14.0,14.97,14.52,0.45,3.0992,29185.9,42464.27608,920247,华密新材,橡胶
920249.BJ,20260928,8.9,8.98,8.57,8.64,8.9,-0.26,-2.9213,24074.38,20961.12136,920249,利尔达,元器件
920252.BJ,20260928,14.08,14.39,13.95,13.95,14.35,-0.4,-2.7875,8275.57,11688.29795,920252,天宏锂电,电气设备
920258.BJ,20260928,10.09,10.09,9.65,9.72,10.1,-0.38,-3.7624,24493.85,24019.36637,920258,聚仁新材,化工原料
920260.BJ,20260928,8.12,8.18,7.98,8.05,8.2,-0.15,-1.8293,4951.31,3986.76542,920260,中寰股份,专用机械
920261.BJ,20260928,13.27,13.42,13.16,13.21,13.27,-0.06,-0.4521,5389.34,7136.65346,920261,一诺威,化工原料
920262.BJ,20260928,14.63,14.8,14.27,14.69,14.3,0.39,2.7273,15446.67,22411.81346,920262,太湖雪,纺织
920263.BJ,20260928,6.3,6.32,6.12,6.14,6.26,-0.12,-1.9169,4102.38,2543.4423,920263,中航泰达,环境保护
920266.BJ,20260928,7.18,7.22,7.01,7.12,7.12,0.0,0.0,11881.91,8450.18644,920266,生物谷,中成药
920267.BJ,20260928,15.6,15.85,15.27,15.37,15.71,-0.34,-2.1642,4918.99,7610.9235,920267,鑫汇科,元器件
920268.BJ,20260928,32.49,32.49,30.53,30.84,32.79,-1.95,-5.9469,34891.28,109908.5111,920268,百迈科,医疗保健
920269.BJ,20260928,34.0,34.35,32.76,33.85,33.93,-0.08,-0.2358,11274.3,38095.24354,920269,杰锋动力,汽车配件
920270.BJ,20260928,11.1,11.32,10.99,10.99,11.1,-0.11,-0.991,5012.68,5595.16323,920270,天铭科技,汽车配件
920271.BJ,20260928,9.03,9.03,8.75,8.76,8.96,-0.2,-2.2321,6231.58,5498.0157,920271,邦德股份,汽车配件
920273.BJ,20260928,17.5,17.59,16.8,16.87,17.5,-0.63,-3.6,9801.24,16689.67892,920273,一致魔芋,食品
920274.BJ,20260928,15.16,15.2,14.48,14.57,15.15,-0.58,-3.8284,7933.5,11715.61358,920274,宏裕包材,广告包装
920275.BJ,20260928,6.58,6.75,6.48,6.56,6.61,-0.05,-0.7564,7140.72,4698.05408,920275,驱动力,农业综合
920278.BJ,20260928,6.29,6.29,6.16,6.21,6.23,-0.02,-0.321,5209.75,3229.49683,920278,鹿得医疗,医疗保健
920284.BJ,20260928,16.0,16.13,15.35,15.6,15.88,-0.28,-1.7632,13646.48,21399.51256,920284,灵鸽科技,专用机械
920288.BJ,20260928,18.19,18.19,17.3,17.51,18.17,-0.66,-3.6324,19016.64,33476.75394,920288,华大海天,造纸
920289.BJ,20260928,27.26,27.86,26.28,26.77,27.5,-0.73,-2.6545,19194.58,51252.08151,920289,华汇智能,专用机械
920298.BJ,20260928,90.99,95.0,84.44,87.9,87.88,0.02,0.0228,53288.69,479212.43942,920298,腾信精密,机械基件
920299.BJ,20260928,13.69,13.79,13.11,13.17,13.69,-0.52,-3.7984,8245.62,11012.80852,920299,灿能电力,电气设备
920300.BJ,20260928,9.6,9.65,9.44,9.48,9.61,-0.13,-1.3528,7093.67,6743.97242,920300,辰光医疗,医疗保健
920304.BJ,20260928,8.89,9.0,8.78,8.88,8.93,-0.05,-0.5599,8100.31,7195.67852,920304,迪尔化工,化工原料
920339.BJ,20260928,10.53,10.66,10.36,10.36,10.56,-0.2,-1.8939,6008.42,6303.49134,920339,恒太照明,家用电器
920344.BJ,20260928,22.42,23.5,21.5,22.53,21.85,0.68,3.1121,67942.3,153684.17459,920344,三元基因,生物制药
920346.BJ,20260928,15.86,15.86,15.01,15.02,15.77,-0.75,-4.7559,20658.67,31717.2346,920346,威贸电子,元器件
920351.BJ,20260928,13.08,13.11,12.13,12.21,13.1,-0.89,-6.7939,15274.18,19033.65,920351,华光源海,仓储物流
920357.BJ,20260928,15.08,15.15,14.61,14.62,15.31,-0.69,-4.5069,16243.85,24011.1591,920357,雅葆轩,元器件
920363.BJ,20260928,9.77,9.84,9.52,9.61,9.85,-0.24,-2.4365,8114.88,7840.15625,920363,莱赛激光,电器仪表
920367.BJ,20260928,26.57,27.44,25.9,25.9,26.51,-0.61,-2.301,38067.2,101380.7226,920367,新赣江,化学制药
920368.BJ,20260928,23.39,23.39,22.39,22.42,23.19,-0.77,-3.3204,23481.41,53139.71171,920368,连城数控,专用机械
920370.BJ,20260928,2.91,2.96,2.81,2.85,2.9,-0.05,-1.7241,13443.09,3831.37938,920370,新安洁,环境保护
920371.BJ,20260928,7.23,7.26,6.97,7.05,7.22,-0.17,-2.3546,33333.68,23483.24346,920371,欧福蛋业,食品
920374.BJ,20260928,14.81,14.86,14.3,14.46,14.87,-0.41,-2.7572,4693.18,6829.62734,920374,云里物里,通信设备
920375.BJ,20260928,6.27,6.38,6.16,6.2,6.31,-0.11,-1.7433,9429.07,5882.12415,920375,派诺科技,电气设备
920378.BJ,20260928,6.96,7.07,6.8,7.01,7.06,-0.05,-0.7082,11437.31,7924.23773,920378,泰德股份,汽车配件
920392.BJ,20260928,13.59,13.59,13.17,13.4,13.48,-0.08,-0.5935,4034.12,5362.43814,920392,佳合科技,广告包装
920394.BJ,20260928,49.4,49.4,45.51,46.05,49.72,-3.67,-7.3813,17845.44,83331.31829,920394,民士达,造纸
920395.BJ,20260928,6.6,6.64,6.47,6.54,6.66,-0.12,-1.8018,5629.24,3683.75359,920395,朗鸿科技,IT设备
920396.BJ,20260928,17.95,18.01,17.35,17.4,17.94,-0.54,-3.01,4575.37,8048.21935,920396,常辅股份,电器仪表
920402.BJ,20260928,8.28,8.31,8.02,8.03,8.28,-0.25,-3.0193,33445.78,27110.48419,920402,硅烷科技,化工原料
920403.BJ,20260928,19.51,19.98,19.3,19.31,19.66,-0.35,-1.7803,20105.94,39259.94136,920403,康农种业,种植业
920405.BJ,20260928,16.47,17.55,16.46,17.5,16.4,1.1,6.7073,26828.89,45659.01536,920405,海希通讯,电器仪表
920407.BJ,20260928,10.48,10.75,10.39,10.42,10.58,-0.16,-1.5123,6578.57,6932.18521,920407,驰诚股份,电器仪表
920414.BJ,20260928,7.83,7.92,7.68,7.79,7.85,-0.06,-0.7643,8504.67,6627.70092,920414,欧普泰,电器仪表
920415.BJ,20260928,8.75,8.76,8.5,8.6,8.75,-0.15,-1.7143,13153.15,11315.7203,920415,恒拓开源,软件服务
920418.BJ,20260928,17.8,19.88,17.12,18.83,17.97,0.86,4.7858,51358.99,94537.346,920418,苏轴股份,汽车配件
920419.BJ,20260928,10.74,10.85,10.54,10.62,10.8,-0.18,-1.6667,4935.49,5257.30567,920419,路斯股份,饲料
920422.BJ,20260928,9.28,9.3,8.98,9.09,9.26,-0.17,-1.8359,5819.95,5291.68695,920422,润普食品,食品
920425.BJ,20260928,14.1,14.1,13.7,13.77,14.06,-0.29,-2.0626,9592.29,13281.53682,920425,乐创技术,专用机械
920427.BJ,20260928,10.18,10.65,9.67,9.93,10.3,-0.37,-3.5922,86759.55,87620.03126,920427,华维设计,建筑工程
920429.BJ,20260928,10.41,10.47,10.0,10.01,10.38,-0.37,-3.5645,7272.3,7436.99879,920429,康比特,食品
920433.BJ,20260928,4.67,4.68,4.6,4.62,4.67,-0.05,-1.0707,8492.29,3927.80777,920433,大唐药业,中成药
920436.BJ,20260928,10.84,10.87,10.38,10.47,10.68,-0.21,-1.9663,4977.51,5233.51043,920436,大地电气,汽车配件
920438.BJ,20260928,122.88,125.2,116.0,116.1,117.31,-1.21,-1.0315,60866.11,739704.68402,920438,戈碧迦,元器件
920445.BJ,20260928,7.63,7.85,7.27,7.32,8.03,-0.71,-8.8418,69239.02,52131.50203,920445,龙竹科技,家居用品
920454.BJ,20260928,11.58,11.68,11.23,11.38,11.47,-0.09,-0.7847,8713.02,9969.70819,920454,同心传动,汽车配件
920455.BJ,20260928,6.58,6.58,6.35,6.38,6.58,-0.2,-3.0395,3986.06,2559.80316,920455,汇隆活塞,专用机械
920469.BJ,20260928,5.69,5.76,5.58,5.68,5.79,-0.11,-1.8998,15766.07,8907.97437,920469,富恒新材,塑料
920471.BJ,20260928,11.32,11.46,11.07,11.13,11.32,-0.19,-1.6784,5648.58,6354.78414,920471,美邦科技,化工原料
920475.BJ,20260928,11.4,11.41,10.88,10.95,11.37,-0.42,-3.6939,3871.91,4306.05086,920475,三友科技,专用机械
920476.BJ,20260928,23.14,23.16,22.44,22.47,22.95,-0.48,-2.0915,6885.15,15626.05689,920476,海能技术,电器仪表
920478.BJ,20260928,11.31,11.99,10.99,11.12,11.37,-0.25,-2.1988,80506.02,92269.86485,920478,峆一药业,化学制药
920489.BJ,20260928,12.64,12.64,12.09,12.14,12.46,-0.32,-2.5682,12616.91,15507.24976,920489,佳先股份,化工原料
920491.BJ,20260928,21.59,21.8,20.69,20.83,21.59,-0.76,-3.5201,16581.69,34933.4357,920491,奥迪威,元器件
920493.BJ,20260928,109.56,110.67,107.11,107.95,110.68,-2.73,-2.4666,8213.08,89014.43549,920493,并行科技,软件服务
920496.BJ,20260928,6.41,6.42,6.18,6.18,6.41,-0.23,-3.5881,10445.01,6545.10854,920496,许昌智能,电气设备
920504.BJ,20260928,18.03,18.24,17.63,17.93,18.15,-0.22,-1.2121,1926.22,3443.4541,920504,博迅生物,医疗保健
920505.BJ,20260928,26.53,26.6,24.95,24.98,27.32,-2.34,-8.5652,10227.14,26099.26266,920505,九菱科技,机械基件
920508.BJ,20260928,14.47,14.66,14.08,14.26,14.5,-0.24,-1.6552,4962.7,7134.21585,920508,殷图网联,电气设备
920509.BJ,20260928,24.1,24.3,22.2,22.53,24.93,-2.4,-9.627,72635.26,168122.03372,920509,同惠电子,电器仪表
920510.BJ,20260928,21.05,21.79,20.35,21.44,21.01,0.43,2.0466,98107.83,208561.85869,920510,丰光精密,机械基件
920519.BJ,20260928,11.03,11.03,10.63,10.9,11.1,-0.2,-1.8018,13025.08,14004.33579,920519,万德股份,化工原料
920522.BJ,20260928,17.11,17.51,16.36,16.77,17.25,-0.48,-2.7826,37845.4,63340.07774,920522,纳科诺尔,专用机械
920523.BJ,20260928,14.49,14.5,14.16,14.17,14.55,-0.38,-2.6117,5702.59,8136.44555,920523,德瑞锂电,电气设备
920526.BJ,20260928,22.46,22.79,21.3,21.64,22.69,-1.05,-4.6276,30042.31,65771.81828,920526,凯华材料,化工原料
920527.BJ,20260928,15.33,15.33,14.68,14.96,14.93,0.03,0.2009,6044.94,9011.17447,920527,夜光明,纺织
920533.BJ,20260928,16.63,16.65,16.09,16.16,16.49,-0.33,-2.0012,11460.29,18757.45459,920533,骏创科技,汽车配件
920541.BJ,20260928,9.42,9.5,9.0,9.32,9.44,-0.12,-1.2712,3364.49,3135.49621,920541,铁大科技,运输设备
920547.BJ,20260928,18.89,19.11,18.3,18.69,18.72,-0.03,-0.1603,3609.6,6755.01064,920547,无锡晶海,化学制药
920553.BJ,20260928,6.73,6.8,6.61,6.68,6.72,-0.04,-0.5952,6320.11,4211.70791,920553,凯腾精工,专用机械
920556.BJ,20260928,6.53,6.62,6.35,6.36,6.55,-0.19,-2.9008,9649.95,6191.14888,920556,雅达股份,电器仪表
920564.BJ,20260928,13.82,13.82,13.2,13.21,13.76,-0.55,-3.9971,6789.71,9120.42095,920564,天润科技,软件服务
920566.BJ,20260928,9.24,9.3,9.08,9.1,9.24,-0.14,-1.5152,6365.81,5827.29773,920566,梓橦宫,化学制药
920570.BJ,20260928,24.76,24.76,24.07,24.49,24.9,-0.41,-1.6466,3719.05,9076.25852,920570,坤博精工,机械基件
920571.BJ,20260928,9.16,9.29,8.86,8.86,9.53,-0.67,-7.0304,217938.82,197721.40946,920571,国航远洋,水运
920575.BJ,20260928,5.16,5.21,4.95,4.97,5.11,-0.14,-2.7397,25717.55,12987.14381,920575,*ST康乐,生物制药
920576.BJ,20260928,37.7,38.2,36.62,36.86,38.15,-1.29,-3.3814,11527.7,42780.23576,920576,天力复合,小金属
920578.BJ,20260928,17.23,17.96,16.8,17.4,17.35,0.05,0.2882,12972.13,22510.96339,920578,巨能股份,专用机械
920579.BJ,20260928,13.94,14.04,13.58,13.91,13.9,0.01,0.0719,4819.08,6645.70612,920579,机科股份,机械基件
920580.BJ,20260928,10.88,11.11,10.48,10.85,10.94,-0.09,-0.8227,10057.36,10948.77269,920580,科创新材,其他建材
920592.BJ,20260928,26.02,26.74,25.44,25.8,26.28,-0.48,-1.8265,24815.79,64713.50336,920592,华信永道,软件服务
920593.BJ,20260928,23.27,23.85,22.97,23.53,23.33,0.2,0.8573,22332.68,52316.76439,920593,鼎智科技,机械基件
920599.BJ,20260928,17.3,17.55,17.11,17.32,17.28,0.04,0.2315,22563.53,39183.21427,920599,同力股份,工程机械
920608.BJ,20260928,13.61,13.69,13.27,13.42,13.61,-0.19,-1.396,4313.75,5784.43833,920608,丰安股份,机械基件
920627.BJ,20260928,13.17,13.17,12.61,12.8,13.13,-0.33,-2.5133,6617.7,8522.90045,920627,力王股份,电气设备
920634.BJ,20260928,15.51,15.51,15.11,15.25,15.54,-0.29,-1.8662,4784.57,7296.64094,920634,新威凌,铅锌
920639.BJ,20260928,5.96,5.99,5.87,5.95,5.96,-0.01,-0.1678,6400.7,3792.94704,920639,晨光电缆,电气设备
920640.BJ,20260928,27.8,28.18,26.61,27.13,27.8,-0.67,-2.4101,39783.07,107958.65986,920640,富士达,通信设备
920641.BJ,20260928,13.07,13.15,12.74,12.75,13.05,-0.3,-2.2989,6054.21,7802.36141,920641,格利尔,元器件
920642.BJ,20260928,9.73,9.75,9.44,9.58,9.74,-0.16,-1.6427,11469.95,10993.71753,920642,通易航天,航空
920651.BJ,20260928,19.48,20.36,19.43,19.78,19.6,0.18,0.9184,11926.47,23703.95547,920651,天罡股份,电器仪表
920656.BJ,20260928,14.69,14.76,14.26,14.48,14.61,-0.13,-0.8898,3810.49,5514.79053,920656,海昇药业,化学制药
920662.BJ,20260928,18.5,18.5,17.9,17.91,18.37,-0.46,-2.5041,7115.45,12856.38676,920662,方盛股份,机械基件
920663.BJ,20260928,12.05,12.16,11.7,11.83,12.15,-0.32,-2.6337,4591.1,5452.00654,920663,明阳科技,汽车配件
920665.BJ,20260928,8.5,8.52,8.12,8.19,8.47,-0.28,-3.3058,11279.53,9337.96054,920665,科强股份,橡胶
920670.BJ,20260928,12.48,12.48,12.02,12.07,12.38,-0.31,-2.504,7766.9,9482.7829,920670,数字人,软件服务
920675.BJ,20260928,7.37,7.38,7.16,7.17,7.36,-0.19,-2.5815,7126.31,5147.17984,920675,秉扬科技,矿物制品
920679.BJ,20260928,15.25,15.35,15.02,15.34,15.25,0.09,0.5902,725.82,1099.68714,920679,前进科技,机械基件
920682.BJ,20260928,5.77,5.77,5.63,5.66,5.77,-0.11,-1.9064,11895.34,6763.29668,920682,球冠电缆,电气设备
920685.BJ,20260928,12.56,12.8,12.4,12.48,12.53,-0.05,-0.399,13244.77,16698.99204,920685,新芝生物,电器仪表
920689.BJ,20260928,19.61,19.79,19.2,19.2,19.61,-0.41,-2.0908,2686.25,5207.95602,920689,克莱特,专用机械
920690.BJ,20260928,15.34,15.72,15.0,15.44,15.55,-0.11,-0.7074,8206.33,12588.7479,920690,捷众科技,汽车配件
920693.BJ,20260928,23.66,23.7,22.94,23.18,23.65,-0.47,-1.9873,4870.84,11331.34491,920693,阿为特,机械基件
920694.BJ,20260928,16.36,16.36,16.08,16.11,16.3,-0.19,-1.1656,3957.65,6410.93181,920694,中裕科技,塑料
920699.BJ,20260928,66.84,66.84,62.07,62.27,66.18,-3.91,-5.9081,4277.3,27342.88434,920699,海达尔,家用电器
920701.BJ,20260928,10.71,11.0,10.63,10.74,10.7,0.04,0.3738,5945.16,6407.13902,920701,豪声电子,元器件
920703.BJ,20260928,9.51,9.64,9.41,9.55,9.53,0.02,0.2099,3030.86,2879.44959,920703,广厦环能,专用机械
920706.BJ,20260928,16.3,17.26,15.83,15.88,18.01,-2.13,-11.8268,59263.85,98149.77842,920706,铁拓机械,工程机械
920717.BJ,20260928,6.68,6.83,6.55,6.66,6.76,-0.1,-1.4793,4813.15,3209.96159,920717,瑞星股份,专用机械
920718.BJ,20260928,10.3,10.46,9.89,10.0,10.3,-0.3,-2.9126,6058.56,6155.95994,920718,合肥高科,家用电器
920719.BJ,20260928,6.9,7.07,6.71,6.9,6.97,-0.07,-1.0043,13236.6,9152.36208,920719,宁新新材,化工原料
920720.BJ,20260928,7.8,7.82,7.58,7.65,7.81,-0.16,-2.0487,15594.38,11945.83882,920720,吉冈精密,机械基件
920725.BJ,20260928,93.99,95.0,86.05,90.05,91.62,-1.57,-1.7136,44490.25,409612.79575,920725,惠丰钻石,矿物制品
920726.BJ,20260928,15.08,15.14,14.68,14.75,15.05,-0.3,-1.9934,10109.96,15003.20221,920726,朱老六,食品
920729.BJ,20260928,6.63,6.64,6.5,6.54,6.55,-0.01,-0.1527,4751.89,3124.25933,920729,永顺生物,农业综合
920735.BJ,20260928,25.25,25.77,24.95,25.01,25.42,-0.41,-1.6129,16403.78,41553.20586,920735,德源药业,化学制药
920748.BJ,20260928,33.1,37.57,32.4,32.4,36.5,-4.1,-11.2329,78791.57,277387.45361,920748,路桥信息,软件服务
920751.BJ,20260928,15.09,15.1,14.69,14.95,15.0,-0.05,-0.3333,6396.24,9502.8314,920751,惠同新材,小金属
920753.BJ,20260928,15.05,16.38,15.05,15.56,15.09,0.47,3.1146,19406.51,30768.70174,920753,天纺标,纺织
920765.BJ,20260928,11.42,11.56,10.63,11.1,11.42,-0.32,-2.8021,6117.65,6877.94532,920765,美之高,家居用品
920768.BJ,20260928,7.17,7.18,7.01,7.1,7.17,-0.07,-0.9763,6866.95,4849.16469,920768,拾比佰,家用电器
920770.BJ,20260928,10.19,10.19,9.78,9.84,10.1,-0.26,-2.5743,15739.19,15651.95858,920770,艾能聚,电气设备
920779.BJ,20260928,22.29,22.49,21.6,21.85,22.23,-0.38,-1.7094,5085.25,11178.70978,920779,武汉蓝电,电器仪表
920781.BJ,20260928,5.62,5.63,5.42,5.47,5.61,-0.14,-2.4955,8771.34,4819.90339,920781,瑞奇智造,专用机械
920786.BJ,20260928,7.17,7.19,6.95,7.0,7.15,-0.15,-2.0979,53728.54,37882.63409,920786,骑士乳业,乳制品
920790.BJ,20260928,22.89,23.19,21.5,21.85,22.86,-1.01,-4.4182,14538.62,32184.33794,920790,联迪信息,软件服务
920792.BJ,20260928,9.3,9.34,9.12,9.12,9.41,-0.29,-3.0818,2254.55,2073.10141,920792,东和新材,其他建材
920799.BJ,20260928,31.18,31.39,30.23,30.41,31.4,-0.99,-3.1529,19654.58,60336.7169,920799,艾融软件,软件服务
920802.BJ,20260928,10.79,10.79,10.42,10.64,10.8,-0.16,-1.4815,2750.13,2912.94789,920802,保丽洁,环境保护
920806.BJ,20260928,10.0,10.01,9.83,9.83,9.95,-0.12,-1.206,14624.34,14498.015,920806,云星宇,软件服务
920807.BJ,20260928,9.3,9.43,8.87,8.9,9.51,-0.61,-6.4143,30833.83,28024.20684,920807,奔朗新材,机械基件
920808.BJ,20260928,59.65,60.85,57.31,57.31,58.13,-0.82,-1.4106,18710.03,111289.16766,920808,曙光数创,IT设备
920809.BJ,20260928,6.73,6.76,6.6,6.65,6.73,-0.08,-1.1887,53557.32,35766.59302,920809,安达科技,电气设备
920810.BJ,20260928,8.54,8.65,8.35,8.4,8.6,-0.2,-2.3256,7304.86,6170.91276,920810,春光智能,专用机械
920819.BJ,20260928,3.08,3.11,3.0,3.03,3.06,-0.03,-0.9804,44849.6,13666.86754,920819,颖泰生物,农药化肥
920821.BJ,20260928,20.66,20.76,19.3,19.38,20.93,-1.55,-7.4056,41298.91,82011.07839,920821,则成电子,元器件
920826.BJ,20260928,8.61,8.61,8.29,8.41,8.53,-0.12,-1.4068,13056.07,10956.77376,920826,盖世食品,食品
920832.BJ,20260928,6.41,6.59,6.32,6.41,6.48,-0.07,-1.0802,6212.04,3993.1461,920832,齐鲁华信,化工原料
920833.BJ,20260928,9.56,9.73,9.46,9.48,9.62,-0.14,-1.4553,3358.53,3203.24712,920833,美心翼申,汽车配件
920834.BJ,20260928,8.86,8.95,8.72,8.76,8.85,-0.09,-1.0169,4554.6,4010.66143,920834,三维装备,塑料
920837.BJ,20260928,10.22,10.22,9.81,9.82,10.16,-0.34,-3.3465,9654.35,9623.00872,920837,华原股份,汽车配件
920839.BJ,20260928,23.43,23.69,23.06,23.22,23.37,-0.15,-0.6418,4068.28,9508.21355,920839,万通液压,工程机械
920855.BJ,20260928,13.12,13.12,12.61,12.68,12.98,-0.3,-2.3112,5776.34,7350.38347,920855,浙江大农,机床制造
920856.BJ,20260928,11.34,11.48,10.56,10.78,11.37,-0.59,-5.1891,13058.65,14465.38632,920856,浩淼科技,专用机械
920857.BJ,20260928,16.85,16.9,15.96,16.07,16.52,-0.45,-2.724,7292.91,11846.95454,920857,泓禧科技,元器件
920866.BJ,20260928,6.26,6.32,6.05,6.12,6.25,-0.13,-2.08,15530.85,9573.23361,920866,绿亨科技,农药化肥
920870.BJ,20260928,11.59,11.61,11.15,11.17,11.59,-0.42,-3.6238,4176.31,4721.60208,920870,恒进感应,机床制造
920871.BJ,20260928,11.24,11.39,10.88,11.0,11.45,-0.45,-3.9301,11940.3,13312.83227,920871,派特尔,塑料
920873.BJ,20260928,7.45,7.59,7.21,7.26,7.47,-0.21,-2.8112,31142.06,22774.41554,920873,中设咨询,建筑工程
920876.BJ,20260928,16.15,16.31,15.67,15.77,16.15,-0.38,-2.3529,7317.65,11627.62215,920876,慧为智能,元器件
920879.BJ,20260928,12.26,12.37,12.04,12.04,12.33,-0.29,-2.352,6933.81,8455.51423,920879,基康技术,电器仪表
920885.BJ,20260928,12.25,12.28,11.74,11.74,12.26,-0.52,-4.2414,14213.15,16895.46023,920885,星辰科技,电器仪表
920892.BJ,20260928,11.81,11.9,11.45,11.45,11.97,-0.52,-4.3442,12894.18,14981.95727,920892,广咨国际,建筑工程
920895.BJ,20260928,23.99,23.99,19.96,20.16,22.85,-2.69,-11.7724,57799.19,121754.26644,920895,花溪科技,农用机械
920896.BJ,20260928,12.13,12.28,11.75,12.15,12.13,0.02,0.1649,6950.07,8365.78029,920896,旺成科技,汽车配件
920906.BJ,20260928,15.08,15.28,14.83,14.93,15.08,-0.15,-0.9947,2896.19,4350.60685,920906,舜宇精工,汽车配件
920914.BJ,20260928,16.32,16.44,15.8,16.03,16.35,-0.32,-1.9572,6659.06,10712.10528,920914,远航精密,小金属
920924.BJ,20260928,14.78,14.78,14.06,14.13,14.63,-0.5,-3.4176,11657.16,16586.96685,920924,广脉科技,通信设备
920925.BJ,20260928,11.2,11.28,10.97,11.05,11.16,-0.11,-0.9857,4428.68,4907.77266,920925,锦好医疗,医疗保健
920926.BJ,20260928,10.2,11.5,10.03,10.9,9.83,1.07,10.885,56761.97,62371.98091,920926,鸿智科技,家用电器
920931.BJ,20260928,9.76,10.05,9.68,9.81,9.82,-0.01,-0.1018,4583.94,4496.83559,920931,无锡鼎邦,化工机械
920932.BJ,20260928,10.27,10.5,9.98,10.0,10.3,-0.3,-2.9126,9093.3,9155.05054,920932,科达自控,软件服务
920942.BJ,20260928,17.27,17.27,16.31,16.39,17.37,-0.98,-5.6419,7020.39,11658.76221,920942,恒立钻具,机械基件
920943.BJ,20260928,14.23,14.48,13.75,13.77,14.36,-0.59,-4.1086,8129.75,11365.19927,920943,优机股份,机械基件
920946.BJ,20260928,10.43,10.62,10.34,10.35,10.29,0.06,0.5831,42846.34,44903.24314,920946,森萱医药,化学制药
920950.BJ,20260928,12.99,12.99,12.77,12.97,12.93,0.04,0.3094,1555.92,2001.92821,920950,迅安科技,元器件
920953.BJ,20260928,22.6,22.75,21.88,22.25,22.5,-0.25,-1.1111,9883.24,22135.2483,920953,国子软件,软件服务
920957.BJ,20260928,9.78,9.8,9.39,9.5,9.59,-0.09,-0.9385,4295.74,4085.07539,920957,汉维科技,化工原料
920961.BJ,20260928,24.87,25.39,21.78,22.7,26.0,-3.3,-12.6923,106838.8,249940.08409,920961,创远信科,电器仪表
920964.BJ,20260928,4.71,4.75,4.6,4.72,4.72,0.0,0.0,25964.2,12088.38439,920964,润农节水,建筑工程
920970.BJ,20260928,6.28,6.39,6.03,6.27,6.28,-0.01,-0.1592,35529.61,22128.70351,920970,大禹生物,饲料
920971.BJ,20260928,28.67,30.18,28.37,29.16,28.67,0.49,1.7091,52708.62,154176.99178,920971,天马新材,化工原料
920974.BJ,20260928,6.2,6.21,6.05,6.13,6.24,-0.11,-1.7628,6210.21,3798.89534,920974,凯大催化,化工原料
920976.BJ,20260928,22.0,22.98,21.5,22.58,21.65,0.93,4.2956,16699.8,37241.48565,920976,视声智能,通信设备
920978.BJ,20260928,17.33,17.33,16.61,16.71,17.2,-0.49,-2.8488,15186.73,25585.90764,920978,开特股份,汽车配件
920981.BJ,20260928,30.11,30.74,28.66,28.66,30.53,-1.87,-6.1251,18962.44,55549.46693,920981,晶赛科技,元器件
920982.BJ,20260928,125.0,129.0,123.66,127.63,123.4,4.23,3.4279,16559.98,211511.06292,920982,锦波生物,医疗保健
920985.BJ,20260928,4.53,4.54,4.41,4.44,4.55,-0.11,-2.4176,18554.56,8271.12746,920985,海泰新能,电气设备
920992.BJ,20260928,12.98,13.45,12.58,13.32,12.98,0.34,2.6194,29260.24,38031.19156,920992,中科美菱,医疗保健
